customer_id,order_month,cohort_month
2824,2023-05-01,2021-03-01
5012,2022-05-01,2022-05-01
2679,2023-11-01,2021-10-01
2424,2021-11-01,2021-05-01
1488,2021-03-01,2021-03-01
9279,2023-12-01,2021-09-01
4257,2025-03-01,2022-07-01
9928,2021-05-01,2021-05-01
5557,2023-03-01,2021-11-01
3615,2022-07-01,2021-08-01
5552,2022-12-01,2020-10-01
2674,2023-01-01,2021-12-01
6881,2021-01-01,2020-08-01
5333,2024-10-01,2020-08-01
8527,2023-12-01,2020-02-01
2291,2022-03-01,2022-03-01
6925,2022-11-01,2020-08-01
2139,2024-05-01,2021-02-01
5741,2021-05-01,2021-05-01
2654,2020-11-01,2020-11-01
6977,2024-10-01,2024-03-01
4432,2024-09-01,2020-02-01
2169,2023-07-01,2020-03-01
9751,2022-04-01,2020-07-01
8573,2023-08-01,2023-08-01
4598,2024-11-01,2020-02-01
4752,2025-01-01,2025-01-01
7572,2022-05-01,2022-05-01
6155,2024-07-01,2024-07-01
7482,2020-04-01,2020-04-01
8517,2023-12-01,2022-04-01
5040,2023-10-01,2023-10-01
5304,2022-11-01,2022-11-01
7543,2025-03-01,2020-10-01
9348,2021-06-01,2021-06-01
2796,2020-02-01,2020-02-01
7916,2020-11-01,2020-11-01
7252,2021-04-01,2021-04-01
9669,2025-02-01,2020-07-01
1188,2021-06-01,2021-06-01
9797,2022-10-01,2022-10-01
6573,2021-03-01,2021-03-01
3591,2021-09-01,2021-09-01
5315,2020-01-01,2020-01-01
9317,2020-08-01,2020-06-01
5889,2021-08-01,2021-08-01
4258,2022-03-01,2022-03-01
9837,2024-05-01,2021-11-01
1009,2022-05-01,2021-09-01
1319,2020-12-01,2020-12-01
6038,2025-03-01,2022-05-01
2290,2022-12-01,2021-12-01
2133,2022-12-01,2020-03-01
3060,2021-01-01,2021-01-01
3705,2021-11-01,2021-11-01
7932,2020-09-01,2020-02-01
4295,2025-02-01,2025-02-01
7118,2020-06-01,2020-06-01
8397,2021-12-01,2020-07-01
2049,2023-07-01,2021-05-01
4770,2025-02-01,2021-08-01
2163,2023-12-01,2021-02-01
4750,2020-06-01,2020-06-01
6413,2024-07-01,2024-07-01
5562,2021-03-01,2021-03-01
9834,2020-09-01,2020-09-01
8744,2021-12-01,2021-12-01
7669,2023-06-01,2023-01-01
8062,2021-09-01,2021-09-01
8651,2020-01-01,2020-01-01
2612,2021-03-01,2021-03-01
6559,2023-02-01,2023-02-01
5073,2022-02-01,2020-07-01
8350,2025-02-01,2021-05-01
5563,2021-11-01,2021-05-01
8260,2024-11-01,2021-05-01
2604,2021-08-01,2021-08-01
1241,2024-01-01,2024-01-01
3724,2021-09-01,2021-09-01
4502,2023-10-01,2020-08-01
3697,2022-02-01,2020-09-01
5345,2020-10-01,2020-10-01
5673,2025-04-01,2021-12-01
8973,2024-08-01,2024-01-01
4566,2020-12-01,2020-05-01
9883,2020-07-01,2020-07-01
1936,2023-07-01,2022-04-01
9238,2021-03-01,2021-03-01
3579,2024-06-01,2020-07-01
2312,2021-04-01,2020-08-01
2113,2022-03-01,2020-02-01
7615,2024-01-01,2024-01-01
5033,2020-02-01,2020-02-01
2343,2021-07-01,2021-07-01
9565,2023-03-01,2023-03-01
4346,2023-04-01,2023-04-01
4910,2023-07-01,2023-07-01
5915,2021-09-01,2021-09-01
1152,2024-10-01,2021-09-01
2638,2021-09-01,2021-09-01
9288,2024-04-01,2024-04-01
2127,2020-10-01,2020-10-01
5669,2020-08-01,2020-08-01
5956,2024-09-01,2021-03-01
9666,2020-09-01,2020-08-01
5905,2023-08-01,2023-08-01
3200,2024-10-01,2021-01-01
3546,2020-06-01,2020-06-01
4450,2023-04-01,2021-02-01
5325,2021-08-01,2020-09-01
1832,2022-03-01,2022-01-01
5533,2021-08-01,2021-08-01
3143,2024-09-01,2022-05-01
3647,2022-12-01,2021-06-01
8007,2022-02-01,2022-02-01
2232,2022-09-01,2022-09-01
3442,2023-11-01,2022-03-01
3426,2022-03-01,2022-03-01
6050,2021-11-01,2020-02-01
6862,2021-06-01,2021-06-01
2684,2023-09-01,2021-10-01
7658,2025-03-01,2020-08-01
3532,2025-04-01,2021-08-01
3662,2022-06-01,2022-06-01
7755,2024-07-01,2023-05-01
6442,2024-12-01,2024-05-01
5065,2024-02-01,2024-01-01
2771,2024-08-01,2021-01-01
8711,2023-08-01,2022-02-01
6728,2020-03-01,2020-03-01
4652,2025-02-01,2020-09-01
7528,2024-01-01,2023-09-01
5573,2021-06-01,2020-11-01
7548,2023-04-01,2023-02-01
6425,2023-02-01,2023-02-01
5279,2023-01-01,2020-05-01
1626,2021-09-01,2021-09-01
6663,2022-03-01,2022-03-01
8149,2022-01-01,2022-01-01
2894,2025-02-01,2021-12-01
4114,2024-04-01,2022-04-01
8144,2022-01-01,2020-05-01
4228,2022-10-01,2022-10-01
6409,2021-12-01,2020-08-01
3041,2022-10-01,2022-10-01
9308,2023-05-01,2021-01-01
6344,2024-10-01,2024-10-01
3085,2023-08-01,2023-08-01
7211,2021-06-01,2021-06-01
5930,2020-06-01,2020-06-01
5978,2020-06-01,2020-06-01
6279,2020-09-01,2020-09-01
4501,2023-11-01,2020-02-01
3780,2021-06-01,2021-06-01
9445,2022-01-01,2022-01-01
6491,2023-05-01,2023-05-01
6085,2025-04-01,2020-04-01
3414,2021-04-01,2020-02-01
8784,2023-04-01,2020-10-01
8461,2020-10-01,2020-10-01
4185,2022-06-01,2020-07-01
9099,2020-11-01,2020-11-01
1090,2024-04-01,2024-04-01
7965,2023-04-01,2021-10-01
9486,2022-03-01,2020-01-01
5082,2021-01-01,2021-01-01
8478,2023-01-01,2021-06-01
9702,2023-12-01,2023-12-01
6198,2024-07-01,2020-03-01
9270,2024-05-01,2024-05-01
8305,2023-05-01,2021-10-01
8777,2024-03-01,2023-04-01
5543,2020-01-01,2020-01-01
8939,2021-08-01,2021-08-01
8206,2022-10-01,2021-04-01
4841,2021-12-01,2021-12-01
9849,2020-09-01,2020-09-01
4788,2024-03-01,2021-06-01
4505,2022-03-01,2022-03-01
6421,2022-09-01,2021-05-01
2020,2022-04-01,2020-04-01
7381,2020-08-01,2020-08-01
1320,2023-11-01,2023-11-01
7232,2024-07-01,2021-08-01
5892,2020-12-01,2020-12-01
9818,2023-06-01,2020-08-01
4613,2020-05-01,2020-01-01
8140,2023-11-01,2023-11-01
6507,2023-11-01,2023-11-01
3704,2020-06-01,2020-06-01
9751,2023-09-01,2020-07-01
1444,2021-11-01,2021-11-01
3223,2020-04-01,2020-04-01
1823,2020-09-01,2020-09-01
4467,2020-08-01,2020-08-01
7211,2024-05-01,2021-06-01
5133,2023-06-01,2023-06-01
1317,2022-09-01,2022-09-01
6733,2021-04-01,2020-10-01
1659,2021-11-01,2021-11-01
4266,2022-07-01,2022-07-01
3496,2023-10-01,2022-05-01
2874,2024-03-01,2022-03-01
8619,2023-03-01,2023-03-01
3749,2025-03-01,2021-08-01
2876,2020-04-01,2020-04-01
6096,2021-10-01,2020-01-01
6111,2023-03-01,2023-03-01
7498,2024-06-01,2023-07-01
2245,2021-05-01,2020-06-01
4978,2021-10-01,2021-10-01
2983,2020-06-01,2020-06-01
1672,2025-01-01,2022-01-01
7071,2024-11-01,2020-09-01
6590,2023-02-01,2023-02-01
9031,2021-06-01,2021-06-01
8532,2020-09-01,2020-09-01
3885,2023-12-01,2020-11-01
5425,2023-10-01,2021-12-01
8921,2020-06-01,2020-06-01
5397,2023-06-01,2023-06-01
2419,2024-05-01,2024-05-01
4995,2024-08-01,2023-03-01
7209,2020-03-01,2020-03-01
6325,2021-05-01,2021-05-01
6813,2023-02-01,2023-02-01
5581,2020-04-01,2020-04-01
5526,2020-04-01,2020-04-01
4130,2022-11-01,2020-02-01
7658,2023-02-01,2020-08-01
8800,2023-12-01,2023-12-01
8342,2020-04-01,2020-04-01
5820,2022-09-01,2020-07-01
4986,2021-10-01,2021-10-01
7046,2022-06-01,2020-07-01
6632,2024-10-01,2024-10-01
6419,2024-05-01,2021-01-01
5438,2024-04-01,2024-04-01
2976,2022-05-01,2020-11-01
2958,2020-04-01,2020-04-01
4033,2021-03-01,2021-01-01
8933,2024-05-01,2020-06-01
9595,2020-08-01,2020-08-01
4180,2023-11-01,2020-09-01
3939,2022-06-01,2022-06-01
9751,2020-07-01,2020-07-01
1893,2022-11-01,2022-11-01
3068,2023-02-01,2020-07-01
2680,2024-09-01,2021-10-01
5658,2023-08-01,2023-08-01
6582,2023-12-01,2020-09-01
5136,2021-05-01,2021-05-01
2869,2020-09-01,2020-09-01
9056,2025-02-01,2023-01-01
1878,2023-04-01,2023-04-01
5978,2022-11-01,2020-06-01
2940,2023-05-01,2021-08-01
4697,2020-06-01,2020-06-01
8381,2023-11-01,2023-11-01
8025,2022-01-01,2020-08-01
1986,2024-09-01,2022-10-01
2625,2022-02-01,2022-02-01
4457,2024-07-01,2024-07-01
3573,2021-09-01,2021-09-01
2229,2024-06-01,2020-04-01
8381,2023-11-01,2023-11-01
5771,2024-02-01,2024-02-01
5632,2020-09-01,2020-01-01
2166,2022-10-01,2022-10-01
4241,2023-06-01,2023-06-01
4683,2021-02-01,2020-11-01
3330,2020-03-01,2020-03-01
6039,2024-09-01,2024-09-01
5728,2023-02-01,2023-02-01
5982,2023-07-01,2020-07-01
9199,2024-12-01,2020-10-01
2317,2024-03-01,2024-03-01
6280,2024-07-01,2021-06-01
2496,2024-02-01,2022-03-01
1339,2023-08-01,2023-08-01
5415,2024-12-01,2024-12-01
8708,2021-04-01,2020-06-01
5557,2021-11-01,2021-11-01
8141,2024-12-01,2021-04-01
2494,2024-01-01,2024-01-01
6460,2022-07-01,2022-06-01
3634,2024-12-01,2022-05-01
9117,2020-08-01,2020-08-01
1601,2021-03-01,2020-12-01
5135,2022-06-01,2022-06-01
9431,2022-07-01,2022-07-01
9889,2022-12-01,2022-12-01
4073,2024-07-01,2024-07-01
9167,2022-12-01,2022-12-01
4335,2021-11-01,2020-03-01
5719,2022-01-01,2021-01-01
8941,2021-06-01,2020-05-01
4920,2024-12-01,2021-08-01
1224,2020-09-01,2020-09-01
4681,2023-05-01,2022-01-01
8560,2022-07-01,2022-07-01
3522,2023-06-01,2021-12-01
5781,2021-07-01,2020-01-01
7807,2021-03-01,2021-03-01
4993,2020-12-01,2020-12-01
7284,2021-01-01,2021-01-01
9327,2022-07-01,2022-07-01
2143,2020-10-01,2020-10-01
6568,2024-01-01,2023-03-01
5377,2020-12-01,2020-12-01
5891,2024-09-01,2021-05-01
9022,2022-10-01,2022-10-01
9824,2023-02-01,2020-03-01
9903,2023-12-01,2020-04-01
4090,2021-01-01,2020-02-01
7274,2022-12-01,2020-04-01
1715,2021-09-01,2021-09-01
7246,2020-01-01,2020-01-01
3492,2020-07-01,2020-07-01
3068,2023-11-01,2020-07-01
6439,2021-11-01,2021-11-01
2633,2024-01-01,2021-03-01
1251,2022-04-01,2022-04-01
3529,2021-09-01,2021-09-01
6546,2023-06-01,2023-03-01
2315,2023-11-01,2020-04-01
9742,2022-11-01,2022-11-01
8994,2023-07-01,2023-07-01
2121,2024-11-01,2024-11-01
5708,2024-10-01,2024-10-01
2480,2021-10-01,2020-02-01
2646,2023-06-01,2022-03-01
5906,2022-05-01,2022-05-01
6314,2020-09-01,2020-02-01
6873,2022-08-01,2020-05-01
5000,2022-08-01,2020-06-01
3950,2022-10-01,2021-07-01
7267,2022-04-01,2020-08-01
9153,2022-03-01,2020-07-01
4804,2023-10-01,2023-10-01
8529,2024-08-01,2020-03-01
8622,2020-01-01,2020-01-01
9955,2021-06-01,2020-05-01
6661,2022-03-01,2022-03-01
7951,2024-01-01,2021-08-01
5949,2023-01-01,2020-08-01
8916,2023-01-01,2022-05-01
6881,2020-08-01,2020-08-01
5837,2021-05-01,2020-10-01
7484,2022-07-01,2021-06-01
1803,2024-06-01,2021-03-01
9138,2023-01-01,2021-02-01
4770,2021-08-01,2021-08-01
4588,2024-05-01,2022-04-01
5106,2022-01-01,2022-01-01
3240,2021-09-01,2021-09-01
1645,2020-10-01,2020-03-01
1546,2020-04-01,2020-04-01
3153,2020-06-01,2020-06-01
6352,2023-10-01,2023-10-01
4289,2020-02-01,2020-02-01
6994,2021-04-01,2021-04-01
3695,2023-07-01,2023-07-01
5835,2023-06-01,2023-04-01
2886,2024-03-01,2023-09-01
3306,2022-12-01,2020-08-01
7511,2022-02-01,2022-02-01
6992,2020-09-01,2020-09-01
1228,2022-12-01,2022-12-01
8451,2023-10-01,2020-01-01
5295,2022-06-01,2022-06-01
7086,2025-04-01,2025-04-01
8724,2020-01-01,2020-01-01
6374,2021-10-01,2021-10-01
2035,2020-04-01,2020-04-01
5951,2021-05-01,2021-05-01
3290,2023-02-01,2022-11-01
5986,2020-01-01,2020-01-01
2592,2020-08-01,2020-08-01
3222,2023-06-01,2021-03-01
9850,2024-11-01,2020-05-01
3531,2020-05-01,2020-05-01
2622,2023-04-01,2021-04-01
7686,2022-01-01,2022-01-01
1536,2022-11-01,2022-11-01
8264,2024-01-01,2020-10-01
6942,2020-09-01,2020-03-01
7018,2020-04-01,2020-04-01
6876,2022-07-01,2020-06-01
4109,2020-11-01,2020-11-01
2501,2021-09-01,2021-09-01
1349,2022-03-01,2021-12-01
4990,2020-06-01,2020-03-01
4362,2021-04-01,2021-04-01
4394,2021-01-01,2020-01-01
6383,2021-01-01,2021-01-01
1046,2024-03-01,2022-01-01
3129,2020-07-01,2020-07-01
2801,2022-01-01,2022-01-01
3159,2020-11-01,2020-05-01
6304,2021-04-01,2021-04-01
1858,2022-10-01,2021-05-01
9619,2025-04-01,2023-02-01
8802,2021-10-01,2020-08-01
9408,2020-12-01,2020-12-01
9254,2021-02-01,2021-02-01
1710,2022-07-01,2020-03-01
9543,2020-10-01,2020-10-01
1510,2024-06-01,2021-03-01
7580,2020-10-01,2020-10-01
9032,2023-01-01,2021-09-01
2204,2020-10-01,2020-10-01
3430,2024-10-01,2020-01-01
9984,2023-03-01,2022-10-01
9692,2022-09-01,2020-02-01
8048,2024-04-01,2024-04-01
2874,2022-03-01,2022-03-01
4522,2024-03-01,2024-03-01
7779,2021-12-01,2020-12-01
7532,2022-03-01,2020-12-01
6120,2024-01-01,2024-01-01
5176,2020-01-01,2020-01-01
8770,2024-11-01,2020-07-01
2527,2020-09-01,2020-09-01
7105,2021-08-01,2020-09-01
1982,2024-07-01,2024-07-01
6400,2020-01-01,2020-01-01
6793,2021-02-01,2021-02-01
1842,2022-08-01,2020-04-01
6119,2022-02-01,2022-02-01
9313,2024-06-01,2022-06-01
8900,2022-08-01,2020-12-01
6736,2023-07-01,2023-07-01
2882,2020-03-01,2020-02-01
4705,2022-01-01,2022-01-01
1430,2022-04-01,2021-06-01
5381,2020-05-01,2020-05-01
6062,2020-07-01,2020-07-01
1100,2024-06-01,2022-02-01
7566,2021-11-01,2021-03-01
1502,2023-01-01,2023-01-01
4524,2023-05-01,2022-10-01
6585,2024-10-01,2024-10-01
6314,2023-07-01,2020-02-01
2391,2023-12-01,2022-08-01
3579,2022-11-01,2020-07-01
2336,2020-02-01,2020-02-01
7947,2021-12-01,2021-12-01
7785,2024-07-01,2020-05-01
2864,2023-09-01,2023-09-01
5640,2020-06-01,2020-06-01
8972,2024-04-01,2021-11-01
1744,2023-04-01,2023-04-01
1897,2021-07-01,2020-01-01
4460,2023-04-01,2020-10-01
5742,2023-08-01,2020-03-01
9149,2023-07-01,2023-07-01
3116,2022-04-01,2022-04-01
4770,2022-12-01,2021-08-01
6802,2020-11-01,2020-11-01
1693,2020-12-01,2020-12-01
2275,2023-08-01,2022-01-01
8033,2025-04-01,2021-06-01
7843,2022-01-01,2022-01-01
1341,2023-12-01,2021-01-01
8538,2022-07-01,2020-07-01
2443,2022-06-01,2022-06-01
4986,2023-01-01,2021-10-01
9584,2023-11-01,2023-01-01
6562,2022-07-01,2022-07-01
2251,2020-10-01,2020-03-01
9693,2023-02-01,2020-09-01
6752,2020-04-01,2020-04-01
3419,2022-05-01,2022-05-01
5193,2022-07-01,2020-02-01
3504,2020-11-01,2020-11-01
2234,2024-02-01,2021-08-01
9095,2023-03-01,2021-11-01
8354,2022-05-01,2020-04-01
6295,2022-09-01,2021-09-01
6179,2024-03-01,2022-09-01
8682,2023-07-01,2023-07-01
5500,2020-01-01,2020-01-01
9312,2022-11-01,2022-11-01
8404,2024-09-01,2020-01-01
5703,2025-03-01,2020-01-01
9307,2022-06-01,2022-06-01
1672,2022-04-01,2022-01-01
4084,2025-01-01,2022-11-01
9214,2021-07-01,2020-05-01
8381,2024-08-01,2023-11-01
2381,2021-09-01,2021-09-01
1641,2020-06-01,2020-06-01
8199,2023-12-01,2023-05-01
3600,2022-02-01,2022-02-01
7347,2021-05-01,2020-05-01
1857,2025-01-01,2021-11-01
6482,2025-01-01,2020-06-01
7333,2022-03-01,2022-03-01
3463,2021-07-01,2021-07-01
3317,2023-02-01,2020-03-01
7421,2021-02-01,2021-02-01
2388,2023-03-01,2022-10-01
6381,2024-10-01,2020-02-01
9624,2024-01-01,2024-01-01
7937,2023-01-01,2023-01-01
6940,2024-09-01,2021-01-01
6598,2021-12-01,2020-10-01
4145,2025-02-01,2022-08-01
3538,2023-02-01,2023-02-01
9317,2020-06-01,2020-06-01
9626,2021-07-01,2021-07-01
3147,2024-12-01,2022-06-01
3658,2022-07-01,2020-03-01
3712,2020-10-01,2020-10-01
7731,2021-10-01,2021-10-01
4891,2023-09-01,2022-07-01
5668,2020-08-01,2020-08-01
4833,2021-10-01,2021-10-01
8684,2021-12-01,2021-10-01
7026,2021-09-01,2021-09-01
8218,2021-02-01,2020-08-01
7256,2022-07-01,2022-07-01
3655,2024-11-01,2021-01-01
3267,2020-09-01,2020-09-01
8873,2022-01-01,2022-01-01
2680,2021-10-01,2021-10-01
3042,2021-03-01,2020-03-01
5469,2022-04-01,2022-04-01
3414,2020-02-01,2020-02-01
4637,2023-02-01,2022-04-01
1436,2020-07-01,2020-07-01
9224,2021-02-01,2020-02-01
2337,2022-03-01,2022-03-01
6221,2024-05-01,2024-05-01
6493,2024-06-01,2021-02-01
1627,2021-06-01,2021-05-01
3273,2022-09-01,2020-03-01
8349,2023-12-01,2020-09-01
1311,2023-12-01,2023-12-01
9991,2024-06-01,2022-08-01
9647,2020-06-01,2020-02-01
4893,2023-05-01,2021-04-01
4906,2023-06-01,2021-02-01
8489,2020-09-01,2020-09-01
9782,2023-12-01,2020-01-01
4963,2020-09-01,2020-02-01
8032,2025-04-01,2020-04-01
4941,2025-04-01,2020-10-01
2402,2024-06-01,2020-07-01
2108,2022-06-01,2021-11-01
9312,2025-01-01,2022-11-01
1333,2020-10-01,2020-10-01
1713,2024-08-01,2024-08-01
5155,2025-02-01,2024-03-01
2106,2023-06-01,2021-07-01
2698,2021-05-01,2021-05-01
6447,2020-01-01,2020-01-01
9945,2020-04-01,2020-04-01
3868,2023-02-01,2020-03-01
8612,2024-01-01,2023-04-01
3986,2020-02-01,2020-02-01
8498,2021-03-01,2020-03-01
1717,2022-09-01,2021-10-01
6170,2023-09-01,2022-08-01
7524,2022-08-01,2020-05-01
8756,2023-02-01,2020-07-01
4131,2025-03-01,2023-08-01
6438,2021-07-01,2021-07-01
8159,2023-09-01,2021-02-01
8204,2022-01-01,2022-01-01
6554,2021-02-01,2021-02-01
9151,2024-06-01,2024-06-01
5369,2025-02-01,2025-02-01
7955,2020-08-01,2020-08-01
3956,2020-08-01,2020-07-01
2680,2023-09-01,2021-10-01
5843,2025-03-01,2020-12-01
7981,2022-09-01,2021-05-01
6759,2021-05-01,2020-07-01
6776,2022-12-01,2022-12-01
5498,2022-03-01,2021-04-01
2229,2020-12-01,2020-04-01
6952,2024-04-01,2022-01-01
3621,2022-03-01,2020-12-01
8179,2020-05-01,2020-05-01
4866,2022-09-01,2021-06-01
6933,2023-12-01,2023-12-01
1530,2022-08-01,2022-03-01
8371,2021-02-01,2021-02-01
8273,2020-12-01,2020-12-01
3255,2022-02-01,2020-02-01
6150,2023-12-01,2022-07-01
2858,2023-10-01,2023-10-01
9176,2025-03-01,2025-03-01
2929,2021-01-01,2020-03-01
8311,2021-06-01,2021-06-01
5678,2022-04-01,2020-09-01
4279,2021-09-01,2020-08-01
8406,2023-12-01,2020-09-01
8292,2025-01-01,2020-07-01
6236,2020-08-01,2020-08-01
2063,2022-11-01,2020-09-01
5914,2023-09-01,2023-09-01
3852,2024-12-01,2023-12-01
4673,2020-09-01,2020-09-01
3275,2022-11-01,2022-11-01
1430,2021-06-01,2021-06-01
7044,2020-02-01,2020-02-01
3126,2023-12-01,2022-01-01
2077,2025-02-01,2022-03-01
8842,2023-05-01,2023-05-01
2208,2021-07-01,2021-07-01
2215,2023-04-01,2023-04-01
9476,2021-11-01,2020-09-01
3981,2020-08-01,2020-01-01
8088,2022-01-01,2021-07-01
3034,2022-07-01,2022-07-01
3697,2020-09-01,2020-09-01
4694,2025-02-01,2021-03-01
5653,2024-06-01,2024-06-01
4216,2020-03-01,2020-03-01
5496,2025-03-01,2022-11-01
9740,2023-06-01,2020-05-01
3762,2020-07-01,2020-07-01
3526,2021-09-01,2020-10-01
6531,2022-08-01,2022-08-01
1674,2020-10-01,2020-10-01
2330,2021-12-01,2021-12-01
5336,2022-06-01,2020-11-01
7825,2022-08-01,2022-08-01
9159,2020-04-01,2020-04-01
5745,2022-06-01,2020-02-01
8912,2022-06-01,2022-06-01
7653,2023-05-01,2021-01-01
1981,2021-10-01,2020-04-01
8933,2022-12-01,2020-06-01
3353,2024-12-01,2022-07-01
6231,2021-02-01,2020-04-01
7532,2021-11-01,2020-12-01
9437,2023-09-01,2022-10-01
4960,2023-06-01,2023-06-01
8366,2025-02-01,2021-11-01
1829,2021-08-01,2021-08-01
7850,2024-05-01,2021-12-01
6364,2022-10-01,2020-02-01
6123,2020-06-01,2020-06-01
9163,2020-12-01,2020-12-01
9171,2020-08-01,2020-08-01
1379,2024-11-01,2021-06-01
9281,2020-12-01,2020-12-01
4524,2022-10-01,2022-10-01
1828,2023-11-01,2020-04-01
8710,2021-11-01,2021-05-01
2761,2022-04-01,2022-02-01
6992,2024-05-01,2020-09-01
1741,2021-09-01,2021-09-01
4189,2022-03-01,2022-03-01
2204,2023-01-01,2020-10-01
5582,2021-06-01,2020-11-01
2946,2025-04-01,2023-10-01
7453,2024-03-01,2020-05-01
6990,2021-04-01,2020-03-01
9341,2021-02-01,2021-02-01
1742,2024-08-01,2024-08-01
6456,2022-10-01,2022-10-01
8487,2021-12-01,2021-12-01
3290,2025-02-01,2022-11-01
6218,2024-05-01,2024-05-01
5902,2023-08-01,2022-02-01
9351,2024-08-01,2024-08-01
5911,2023-11-01,2021-07-01
7035,2024-09-01,2024-09-01
7824,2023-05-01,2023-05-01
1436,2025-01-01,2020-07-01
4728,2020-10-01,2020-10-01
8871,2022-08-01,2020-11-01
7229,2021-03-01,2021-03-01
4968,2021-08-01,2021-08-01
2800,2020-02-01,2020-02-01
6139,2022-06-01,2022-06-01
4340,2023-08-01,2023-02-01
8726,2024-04-01,2024-04-01
2020,2020-04-01,2020-04-01
4397,2020-11-01,2020-11-01
8837,2024-04-01,2020-08-01
3837,2025-03-01,2024-10-01
6608,2021-08-01,2021-08-01
5331,2023-07-01,2023-07-01
5038,2023-03-01,2023-03-01
4684,2020-11-01,2020-11-01
5735,2023-08-01,2020-11-01
9011,2024-05-01,2020-02-01
5480,2023-03-01,2020-03-01
9899,2021-08-01,2020-09-01
6654,2021-02-01,2021-02-01
5758,2020-03-01,2020-03-01
2294,2022-11-01,2022-08-01
5201,2024-10-01,2023-12-01
4310,2020-01-01,2020-01-01
5450,2023-03-01,2023-03-01
4920,2021-08-01,2021-08-01
9700,2024-06-01,2020-09-01
1860,2021-06-01,2021-06-01
8739,2023-07-01,2021-09-01
1084,2022-06-01,2022-03-01
7666,2021-12-01,2020-03-01
8822,2024-06-01,2021-01-01
6262,2024-08-01,2023-05-01
2465,2021-03-01,2021-03-01
9767,2024-06-01,2024-06-01
3868,2022-03-01,2020-03-01
1595,2020-02-01,2020-02-01
9116,2023-11-01,2023-11-01
5742,2021-03-01,2020-03-01
5888,2021-03-01,2021-03-01
6489,2022-03-01,2021-09-01
9901,2024-01-01,2024-01-01
9261,2023-09-01,2023-09-01
2845,2022-07-01,2022-07-01
8518,2022-05-01,2022-05-01
4050,2021-09-01,2020-11-01
5833,2022-12-01,2020-01-01
3875,2022-05-01,2020-10-01
7643,2022-09-01,2022-04-01
6372,2020-03-01,2020-03-01
2562,2023-05-01,2023-05-01
8822,2021-04-01,2021-01-01
1111,2024-01-01,2024-01-01
8319,2023-08-01,2021-01-01
5947,2023-11-01,2020-06-01
1187,2020-02-01,2020-02-01
4871,2021-02-01,2021-02-01
8625,2023-12-01,2023-12-01
9233,2021-01-01,2021-01-01
6095,2021-06-01,2021-06-01
5833,2022-12-01,2020-01-01
4590,2021-08-01,2021-08-01
3509,2021-09-01,2021-01-01
7121,2024-09-01,2022-06-01
8714,2022-10-01,2022-10-01
4578,2025-04-01,2021-07-01
2341,2021-11-01,2021-08-01
6927,2020-10-01,2020-02-01
2838,2024-12-01,2023-04-01
9281,2024-01-01,2020-12-01
3455,2023-08-01,2023-08-01
8239,2021-01-01,2020-01-01
9008,2022-02-01,2020-11-01
8298,2022-07-01,2022-07-01
3161,2024-07-01,2024-01-01
1945,2023-07-01,2023-07-01
6049,2023-12-01,2023-12-01
5169,2020-12-01,2020-12-01
4570,2020-12-01,2020-12-01
7941,2022-10-01,2021-10-01
9866,2023-09-01,2021-08-01
8734,2024-10-01,2024-07-01
3948,2022-11-01,2022-01-01
7887,2025-03-01,2025-03-01
8348,2024-01-01,2024-01-01
7154,2022-04-01,2022-04-01
9835,2024-11-01,2020-08-01
2943,2023-12-01,2020-11-01
7439,2023-06-01,2023-04-01
4648,2020-03-01,2020-03-01
5888,2022-10-01,2021-03-01
9920,2025-02-01,2024-08-01
4762,2024-03-01,2021-08-01
3541,2024-04-01,2020-02-01
2848,2022-11-01,2020-02-01
7868,2020-10-01,2020-10-01
4943,2023-12-01,2022-08-01
1550,2022-07-01,2020-09-01
1797,2021-06-01,2021-06-01
7590,2021-10-01,2021-10-01
4559,2021-07-01,2021-04-01
3295,2023-03-01,2023-03-01
4836,2022-03-01,2021-09-01
6224,2022-11-01,2022-11-01
6253,2023-01-01,2023-01-01
9540,2024-08-01,2023-07-01
5508,2023-08-01,2023-08-01
3869,2025-04-01,2020-02-01
9120,2023-10-01,2023-10-01
7244,2023-09-01,2022-10-01
7821,2022-12-01,2022-12-01
7167,2020-02-01,2020-02-01
8758,2023-06-01,2021-02-01
5927,2024-10-01,2024-10-01
8586,2022-11-01,2020-09-01
7761,2020-03-01,2020-03-01
9683,2020-08-01,2020-08-01
5177,2024-02-01,2024-02-01
2295,2021-08-01,2021-08-01
2514,2021-10-01,2021-10-01
1844,2023-01-01,2023-01-01
1647,2022-07-01,2021-12-01
4555,2020-02-01,2020-02-01
5967,2024-03-01,2021-01-01
4470,2020-04-01,2020-04-01
2922,2020-06-01,2020-06-01
4974,2021-10-01,2021-08-01
4350,2024-08-01,2021-09-01
6269,2024-01-01,2020-09-01
8639,2020-02-01,2020-02-01
6053,2022-11-01,2022-11-01
9147,2025-01-01,2022-06-01
8692,2024-07-01,2024-07-01
4328,2020-08-01,2020-08-01
1749,2020-02-01,2020-02-01
3390,2024-10-01,2021-11-01
7841,2023-07-01,2020-04-01
6404,2023-04-01,2020-06-01
5026,2020-06-01,2020-06-01
6530,2021-08-01,2021-08-01
9037,2020-06-01,2020-05-01
6770,2021-12-01,2021-07-01
9954,2020-01-01,2020-01-01
1962,2024-02-01,2021-09-01
1794,2020-08-01,2020-08-01
3252,2021-01-01,2021-01-01
2113,2021-12-01,2020-02-01
4583,2022-06-01,2022-06-01
1990,2022-01-01,2022-01-01
8916,2022-05-01,2022-05-01
1108,2023-03-01,2022-08-01
1194,2020-01-01,2020-01-01
5501,2020-07-01,2020-07-01
1280,2024-03-01,2024-01-01
8054,2024-07-01,2024-02-01
2753,2024-06-01,2020-10-01
3439,2024-07-01,2020-01-01
9625,2020-06-01,2020-06-01
5379,2021-04-01,2020-08-01
7112,2022-12-01,2022-12-01
4984,2020-09-01,2020-09-01
5914,2025-03-01,2023-09-01
1519,2020-04-01,2020-04-01
7179,2023-07-01,2020-07-01
1154,2022-10-01,2022-10-01
9189,2022-01-01,2020-10-01
6427,2024-01-01,2021-08-01
9653,2022-12-01,2022-12-01
4463,2023-10-01,2020-01-01
8790,2023-08-01,2022-09-01
5593,2020-05-01,2020-05-01
1539,2022-12-01,2022-12-01
1256,2021-09-01,2021-09-01
3362,2020-02-01,2020-02-01
7525,2021-12-01,2021-12-01
3661,2020-08-01,2020-08-01
7375,2023-04-01,2023-02-01
6435,2020-01-01,2020-01-01
3292,2021-09-01,2020-08-01
2284,2022-02-01,2022-02-01
1879,2020-07-01,2020-07-01
2245,2023-01-01,2020-06-01
7499,2021-11-01,2021-11-01
1485,2024-08-01,2024-08-01
9038,2020-02-01,2020-02-01
7150,2020-05-01,2020-05-01
7227,2022-06-01,2022-06-01
5839,2024-09-01,2024-09-01
2204,2021-02-01,2020-10-01
7225,2020-10-01,2020-10-01
3527,2023-07-01,2022-08-01
6909,2021-09-01,2021-09-01
6050,2020-02-01,2020-02-01
2674,2021-12-01,2021-12-01
8061,2024-10-01,2024-10-01
9395,2022-07-01,2022-07-01
2468,2024-11-01,2020-06-01
6315,2021-12-01,2021-12-01
5781,2021-10-01,2020-01-01
4977,2021-10-01,2021-04-01
7237,2020-12-01,2020-12-01
5933,2020-07-01,2020-07-01
2036,2023-04-01,2021-12-01
7899,2025-03-01,2021-02-01
6916,2021-07-01,2021-07-01
9123,2024-05-01,2020-10-01
8501,2025-04-01,2023-11-01
1110,2024-08-01,2022-06-01
7224,2021-06-01,2021-06-01
8212,2020-05-01,2020-05-01
3230,2023-03-01,2023-03-01
4290,2024-03-01,2024-03-01
7524,2022-01-01,2020-05-01
9044,2024-05-01,2024-05-01
6339,2020-04-01,2020-04-01
6980,2022-01-01,2022-01-01
4273,2022-12-01,2022-12-01
3947,2020-04-01,2020-04-01
1440,2020-06-01,2020-06-01
4434,2022-05-01,2022-05-01
2133,2024-01-01,2020-03-01
9180,2020-10-01,2020-10-01
4965,2022-05-01,2022-05-01
7932,2021-01-01,2020-02-01
8357,2021-02-01,2021-02-01
7566,2023-03-01,2021-03-01
7853,2023-11-01,2023-11-01
9796,2021-01-01,2021-01-01
2791,2021-04-01,2021-04-01
6816,2023-01-01,2023-01-01
1725,2025-04-01,2024-01-01
7547,2022-12-01,2020-04-01
8052,2021-05-01,2020-05-01
5239,2024-05-01,2024-05-01
9499,2022-10-01,2021-03-01
4621,2023-10-01,2020-01-01
8586,2022-11-01,2020-09-01
9199,2023-07-01,2020-10-01
8909,2024-08-01,2023-04-01
2406,2023-11-01,2022-03-01
3321,2023-08-01,2023-08-01
8460,2020-04-01,2020-04-01
8912,2024-04-01,2022-06-01
8178,2022-05-01,2022-05-01
6225,2021-12-01,2020-01-01
2885,2023-01-01,2023-01-01
2791,2023-09-01,2021-04-01
4996,2024-07-01,2024-07-01
3623,2022-07-01,2022-07-01
8570,2024-01-01,2021-08-01
4022,2022-10-01,2020-12-01
8080,2022-02-01,2020-01-01
4232,2023-05-01,2020-03-01
7370,2022-03-01,2020-12-01
4371,2020-08-01,2020-08-01
2025,2021-10-01,2021-10-01
4063,2024-05-01,2021-12-01
8496,2021-06-01,2021-06-01
9019,2021-06-01,2020-02-01
6134,2023-01-01,2020-06-01
7431,2024-07-01,2023-02-01
6766,2021-10-01,2021-10-01
3826,2023-10-01,2022-10-01
5873,2022-01-01,2020-04-01
2388,2022-10-01,2022-10-01
2931,2021-07-01,2020-08-01
3999,2024-04-01,2020-03-01
9369,2024-03-01,2021-02-01
3258,2024-06-01,2021-02-01
4043,2022-02-01,2022-02-01
3838,2025-04-01,2021-12-01
5732,2024-02-01,2024-02-01
8389,2022-06-01,2022-06-01
1157,2022-12-01,2021-06-01
7290,2022-05-01,2021-07-01
9109,2025-04-01,2020-01-01
7809,2023-01-01,2021-03-01
9006,2024-11-01,2024-11-01
1505,2022-04-01,2022-04-01
5785,2022-03-01,2020-12-01
9808,2025-03-01,2020-08-01
9115,2022-01-01,2020-01-01
2871,2020-09-01,2020-07-01
7010,2025-04-01,2022-11-01
8231,2021-07-01,2020-12-01
2677,2023-10-01,2022-08-01
5055,2025-04-01,2021-08-01
8368,2023-06-01,2023-06-01
8193,2023-07-01,2023-07-01
4882,2022-03-01,2022-03-01
6744,2020-07-01,2020-07-01
8015,2022-06-01,2022-06-01
4385,2021-05-01,2021-05-01
6747,2025-02-01,2020-09-01
9827,2023-11-01,2020-02-01
5794,2022-03-01,2020-02-01
9428,2020-05-01,2020-05-01
2560,2021-06-01,2021-06-01
1971,2024-05-01,2021-01-01
3078,2023-12-01,2023-12-01
5090,2023-01-01,2023-01-01
5055,2023-11-01,2021-08-01
7434,2024-05-01,2024-05-01
5402,2021-08-01,2021-08-01
8405,2021-03-01,2020-11-01
7600,2021-08-01,2021-08-01
7046,2022-02-01,2020-07-01
6362,2023-10-01,2023-10-01
2526,2021-07-01,2021-03-01
6869,2020-12-01,2020-12-01
7516,2021-06-01,2021-06-01
4470,2021-09-01,2020-04-01
5646,2020-11-01,2020-11-01
3139,2022-07-01,2022-01-01
6631,2022-07-01,2022-07-01
1752,2022-10-01,2022-10-01
1266,2022-03-01,2022-03-01
8230,2024-09-01,2021-04-01
4314,2022-06-01,2022-06-01
5945,2025-04-01,2025-04-01
2529,2024-12-01,2021-05-01
2350,2022-12-01,2021-06-01
3711,2024-05-01,2024-05-01
6005,2022-07-01,2022-07-01
8032,2024-09-01,2020-04-01
2559,2021-01-01,2021-01-01
2276,2022-09-01,2022-09-01
9510,2024-07-01,2024-07-01
1132,2021-06-01,2020-04-01
7919,2022-05-01,2020-06-01
2160,2024-03-01,2021-06-01
2678,2024-03-01,2020-11-01
5902,2022-02-01,2022-02-01
3340,2021-12-01,2021-12-01
1138,2024-02-01,2020-07-01
8210,2024-04-01,2024-04-01
3480,2021-05-01,2021-05-01
8248,2021-04-01,2021-04-01
2646,2024-09-01,2022-03-01
7291,2022-01-01,2022-01-01
6152,2024-08-01,2024-08-01
5537,2024-06-01,2024-06-01
5668,2021-03-01,2020-08-01
1439,2021-01-01,2021-01-01
5942,2022-06-01,2022-01-01
9348,2022-10-01,2021-06-01
5842,2020-05-01,2020-05-01
9108,2024-01-01,2021-10-01
9185,2021-05-01,2021-05-01
9655,2020-07-01,2020-07-01
6916,2024-02-01,2021-07-01
7337,2021-07-01,2021-07-01
7895,2024-03-01,2024-03-01
3830,2021-02-01,2021-02-01
1273,2023-10-01,2021-09-01
5295,2022-11-01,2022-06-01
7520,2024-06-01,2020-11-01
9209,2022-06-01,2021-01-01
7590,2023-07-01,2021-10-01
9808,2020-08-01,2020-08-01
2369,2020-05-01,2020-05-01
4329,2024-02-01,2022-03-01
9788,2024-07-01,2020-06-01
2083,2021-06-01,2021-06-01
4909,2022-03-01,2020-07-01
8118,2023-03-01,2021-07-01
1901,2023-08-01,2023-08-01
3877,2022-06-01,2020-10-01
3248,2020-08-01,2020-08-01
9133,2024-09-01,2020-03-01
9474,2021-02-01,2021-02-01
5247,2023-05-01,2020-05-01
5403,2024-08-01,2024-08-01
1480,2023-02-01,2023-01-01
5456,2020-06-01,2020-06-01
2262,2020-10-01,2020-09-01
6900,2024-08-01,2021-05-01
3734,2024-04-01,2023-09-01
2685,2025-03-01,2025-03-01
2889,2024-11-01,2020-05-01
1042,2023-10-01,2022-11-01
5006,2025-04-01,2020-07-01
7274,2022-01-01,2020-04-01
1579,2023-02-01,2020-10-01
7870,2023-08-01,2023-08-01
7819,2021-12-01,2020-01-01
5444,2023-03-01,2022-05-01
7108,2021-10-01,2021-10-01
1862,2023-11-01,2020-03-01
1752,2023-09-01,2022-10-01
8620,2023-03-01,2023-03-01
6362,2024-03-01,2023-10-01
1130,2024-06-01,2021-06-01
5979,2021-03-01,2021-03-01
8600,2023-05-01,2023-05-01
4201,2025-02-01,2025-02-01
5016,2021-07-01,2021-07-01
1391,2022-11-01,2022-04-01
1157,2022-10-01,2021-06-01
7164,2025-03-01,2025-03-01
6038,2024-08-01,2022-05-01
4902,2023-02-01,2023-02-01
3332,2020-05-01,2020-05-01
1719,2022-06-01,2020-02-01
7767,2020-12-01,2020-02-01
8511,2025-01-01,2025-01-01
2565,2024-01-01,2022-10-01
7461,2023-11-01,2022-12-01
2020,2025-01-01,2020-04-01
4879,2023-04-01,2023-04-01
7438,2023-05-01,2021-02-01
6345,2024-11-01,2021-07-01
4827,2022-01-01,2022-01-01
3230,2024-03-01,2023-03-01
2785,2023-09-01,2023-09-01
8365,2021-06-01,2021-06-01
2978,2022-04-01,2022-04-01
8404,2024-08-01,2020-01-01
2964,2020-01-01,2020-01-01
5984,2021-12-01,2021-12-01
1660,2024-03-01,2022-09-01
3430,2020-01-01,2020-01-01
6828,2023-10-01,2020-11-01
5896,2023-01-01,2020-08-01
1509,2024-09-01,2021-08-01
5093,2022-04-01,2022-04-01
3290,2022-11-01,2022-11-01
4641,2023-09-01,2021-08-01
7098,2024-03-01,2022-02-01
2376,2021-02-01,2021-02-01
2228,2025-02-01,2023-05-01
4239,2024-06-01,2020-06-01
3110,2023-02-01,2020-10-01
3007,2023-12-01,2020-04-01
1829,2024-06-01,2021-08-01
8096,2020-10-01,2020-10-01
9128,2024-10-01,2023-01-01
7990,2023-07-01,2023-07-01
4066,2020-10-01,2020-10-01
3435,2022-11-01,2022-11-01
5026,2022-10-01,2020-06-01
7750,2024-01-01,2021-09-01
1999,2022-12-01,2022-04-01
3248,2023-09-01,2020-08-01
9614,2021-06-01,2020-03-01
1319,2023-04-01,2020-12-01
6883,2024-06-01,2020-05-01
6636,2025-03-01,2020-05-01
6269,2023-06-01,2020-09-01
1427,2024-08-01,2024-08-01
1480,2023-01-01,2023-01-01
1959,2021-10-01,2021-10-01
9674,2020-10-01,2020-10-01
4813,2024-11-01,2024-11-01
5060,2021-01-01,2021-01-01
9743,2023-11-01,2022-03-01
1916,2023-09-01,2021-12-01
7363,2020-08-01,2020-08-01
3885,2024-02-01,2020-11-01
6878,2022-11-01,2021-03-01
6761,2023-05-01,2023-05-01
3328,2023-10-01,2021-06-01
9064,2021-02-01,2020-06-01
9035,2021-05-01,2021-05-01
4811,2023-08-01,2021-12-01
9625,2021-04-01,2020-06-01
4300,2020-08-01,2020-08-01
3907,2023-03-01,2020-03-01
1975,2023-06-01,2021-04-01
3320,2021-09-01,2020-01-01
6978,2024-06-01,2021-10-01
7481,2023-10-01,2023-10-01
5944,2023-04-01,2023-04-01
8157,2022-10-01,2022-10-01
6198,2023-01-01,2020-03-01
6846,2022-06-01,2022-06-01
3872,2022-12-01,2022-12-01
5825,2023-03-01,2021-07-01
1029,2020-11-01,2020-11-01
7415,2021-09-01,2021-09-01
1530,2022-03-01,2022-03-01
4619,2024-07-01,2023-08-01
9129,2023-06-01,2023-06-01
2274,2022-01-01,2021-06-01
3750,2024-03-01,2024-03-01
6500,2025-03-01,2020-10-01
4435,2023-02-01,2021-09-01
6742,2022-10-01,2022-09-01
1020,2022-09-01,2021-01-01
7875,2024-09-01,2024-09-01
9078,2021-03-01,2021-03-01
9946,2022-05-01,2022-04-01
4695,2023-02-01,2020-05-01
1547,2025-04-01,2021-12-01
5278,2023-07-01,2020-02-01
6600,2025-02-01,2025-02-01
3636,2023-10-01,2023-10-01
2525,2021-06-01,2020-01-01
8909,2023-04-01,2023-04-01
3703,2020-02-01,2020-02-01
3573,2023-07-01,2021-09-01
4367,2020-05-01,2020-05-01
9849,2021-03-01,2020-09-01
5872,2024-09-01,2024-08-01
7437,2020-06-01,2020-06-01
3516,2022-06-01,2020-09-01
8005,2022-12-01,2021-09-01
8869,2024-02-01,2022-11-01
4390,2023-09-01,2023-09-01
2342,2025-01-01,2025-01-01
6052,2023-04-01,2022-12-01
9013,2023-12-01,2023-03-01
2493,2020-09-01,2020-09-01
4029,2024-03-01,2023-02-01
7052,2022-01-01,2022-01-01
5313,2020-10-01,2020-10-01
4706,2024-08-01,2020-02-01
2009,2020-03-01,2020-03-01
2584,2021-08-01,2021-08-01
9871,2024-03-01,2021-04-01
4727,2021-04-01,2021-04-01
9561,2025-01-01,2023-09-01
8779,2025-01-01,2022-11-01
8803,2022-01-01,2022-01-01
1568,2022-02-01,2022-02-01
3415,2021-02-01,2021-02-01
3832,2023-03-01,2023-03-01
4471,2025-04-01,2021-04-01
1699,2022-03-01,2021-12-01
8133,2021-06-01,2021-06-01
3422,2024-12-01,2021-03-01
6238,2023-06-01,2020-02-01
2425,2020-05-01,2020-05-01
6343,2021-01-01,2020-01-01
8506,2024-05-01,2024-05-01
9561,2023-09-01,2023-09-01
7790,2020-03-01,2020-02-01
2641,2023-10-01,2021-02-01
2654,2024-11-01,2020-11-01
6633,2021-11-01,2021-11-01
7275,2025-04-01,2024-01-01
8750,2024-05-01,2022-11-01
7602,2023-07-01,2022-09-01
7581,2020-05-01,2020-05-01
4892,2021-11-01,2021-11-01
5400,2021-04-01,2021-03-01
6535,2024-03-01,2020-06-01
6094,2023-04-01,2021-02-01
2609,2020-12-01,2020-12-01
3201,2024-04-01,2020-06-01
8259,2022-08-01,2022-08-01
5414,2021-09-01,2020-02-01
2462,2020-09-01,2020-09-01
7671,2022-06-01,2020-12-01
7126,2025-03-01,2020-07-01
3604,2025-01-01,2025-01-01
9303,2022-07-01,2022-07-01
1474,2025-02-01,2020-03-01
1944,2021-08-01,2021-08-01
1828,2022-01-01,2020-04-01
4262,2024-08-01,2020-05-01
9275,2021-03-01,2020-10-01
1500,2021-02-01,2020-06-01
8308,2020-06-01,2020-06-01
6730,2025-01-01,2025-01-01
2480,2020-02-01,2020-02-01
1813,2024-03-01,2024-03-01
4511,2021-12-01,2020-01-01
4688,2020-05-01,2020-05-01
7709,2020-04-01,2020-04-01
1145,2022-11-01,2021-01-01
3837,2024-11-01,2024-10-01
4666,2022-10-01,2022-10-01
5511,2024-08-01,2024-08-01
6713,2023-11-01,2023-11-01
8646,2021-04-01,2021-04-01
7506,2022-01-01,2020-01-01
9380,2022-11-01,2022-11-01
5631,2022-01-01,2020-12-01
8892,2024-11-01,2024-11-01
6327,2021-12-01,2021-12-01
5895,2022-04-01,2022-01-01
4937,2023-04-01,2023-04-01
7620,2024-02-01,2021-05-01
3292,2020-08-01,2020-08-01
9148,2024-06-01,2024-03-01
7857,2024-04-01,2022-02-01
1578,2022-08-01,2021-06-01
4111,2022-12-01,2022-12-01
4643,2023-05-01,2022-03-01
8794,2023-07-01,2022-01-01
6873,2024-09-01,2020-05-01
3967,2022-12-01,2022-12-01
3096,2023-03-01,2023-03-01
3999,2020-07-01,2020-03-01
2463,2022-06-01,2022-02-01
6031,2020-02-01,2020-02-01
7089,2020-09-01,2020-09-01
8598,2020-02-01,2020-02-01
1879,2023-08-01,2020-07-01
2166,2022-10-01,2022-10-01
9199,2020-11-01,2020-10-01
7253,2024-06-01,2024-06-01
1885,2023-04-01,2023-04-01
3250,2023-11-01,2023-11-01
7704,2024-01-01,2020-04-01
3346,2023-12-01,2023-12-01
3954,2024-10-01,2020-03-01
6449,2020-08-01,2020-04-01
6134,2021-03-01,2020-06-01
8406,2020-11-01,2020-09-01
3595,2022-08-01,2020-12-01
3120,2024-06-01,2021-04-01
8035,2022-06-01,2022-06-01
7280,2023-02-01,2020-02-01
4267,2023-08-01,2021-04-01
6279,2021-01-01,2020-09-01
4122,2022-09-01,2022-09-01
5076,2021-02-01,2020-01-01
6113,2024-10-01,2024-10-01
9246,2022-05-01,2021-01-01
2069,2023-11-01,2021-06-01
5764,2024-12-01,2021-06-01
9587,2023-01-01,2020-03-01
3192,2024-12-01,2024-12-01
6885,2023-08-01,2020-09-01
7609,2020-09-01,2020-09-01
3149,2023-10-01,2023-10-01
9267,2022-02-01,2021-05-01
1612,2024-07-01,2020-07-01
5190,2023-04-01,2020-03-01
1796,2021-07-01,2021-07-01
2771,2025-02-01,2021-01-01
1790,2023-05-01,2020-08-01
8279,2020-12-01,2020-09-01
5140,2021-05-01,2021-03-01
4366,2022-09-01,2021-07-01
1152,2025-01-01,2021-09-01
2654,2021-11-01,2020-11-01
3247,2021-12-01,2020-07-01
9381,2023-12-01,2021-04-01
5631,2020-12-01,2020-12-01
9154,2021-02-01,2020-09-01
5308,2023-11-01,2022-08-01
6864,2025-02-01,2022-05-01
3627,2022-08-01,2020-11-01
4402,2021-04-01,2021-04-01
6416,2021-06-01,2021-06-01
2458,2021-11-01,2020-05-01
9095,2021-11-01,2021-11-01
9383,2025-04-01,2025-04-01
2659,2023-12-01,2022-07-01
4787,2022-02-01,2022-02-01
5327,2020-08-01,2020-08-01
3862,2024-01-01,2021-12-01
6901,2024-02-01,2020-11-01
7979,2021-01-01,2021-01-01
1751,2020-03-01,2020-03-01
3793,2023-09-01,2023-09-01
5395,2021-06-01,2021-05-01
7105,2020-09-01,2020-09-01
2865,2020-09-01,2020-09-01
5453,2025-04-01,2021-12-01
8835,2020-08-01,2020-08-01
3732,2020-06-01,2020-02-01
1960,2023-11-01,2020-07-01
2699,2021-12-01,2021-12-01
8908,2020-11-01,2020-11-01
8178,2024-03-01,2022-05-01
6875,2024-09-01,2021-12-01
3140,2024-04-01,2022-04-01
2850,2022-04-01,2022-04-01
1753,2022-10-01,2021-11-01
6148,2023-11-01,2023-11-01
9598,2023-06-01,2020-04-01
4669,2025-04-01,2020-11-01
6542,2021-02-01,2020-04-01
2560,2022-03-01,2021-06-01
5072,2021-09-01,2021-04-01
7305,2022-12-01,2020-10-01
1894,2022-07-01,2020-11-01
9283,2022-05-01,2022-05-01
3709,2021-01-01,2021-01-01
6253,2023-07-01,2023-01-01
1824,2024-05-01,2020-02-01
7203,2023-09-01,2023-09-01
2291,2023-03-01,2022-03-01
8341,2021-07-01,2021-07-01
8324,2022-03-01,2021-12-01
1291,2024-02-01,2024-02-01
1587,2020-07-01,2020-07-01
2489,2023-12-01,2022-01-01
5990,2020-02-01,2020-02-01
4389,2024-02-01,2020-02-01
6584,2022-09-01,2021-09-01
4652,2021-02-01,2020-09-01
8751,2022-10-01,2022-10-01
8414,2020-04-01,2020-04-01
4633,2021-09-01,2020-11-01
5783,2021-05-01,2021-04-01
2741,2022-04-01,2022-04-01
9067,2025-01-01,2025-01-01
7704,2020-04-01,2020-04-01
4209,2021-01-01,2020-08-01
4532,2021-03-01,2021-03-01
6536,2024-08-01,2020-07-01
1761,2021-10-01,2020-09-01
3018,2022-04-01,2022-02-01
8493,2024-02-01,2020-01-01
3205,2022-11-01,2021-02-01
9689,2025-02-01,2020-07-01
8091,2023-08-01,2021-02-01
9328,2023-02-01,2020-11-01
3845,2020-04-01,2020-02-01
2696,2020-11-01,2020-02-01
6273,2025-03-01,2021-08-01
7859,2022-07-01,2022-07-01
5067,2021-09-01,2020-11-01
5819,2023-05-01,2021-09-01
3263,2023-12-01,2022-07-01
9393,2022-04-01,2021-08-01
9975,2025-02-01,2025-02-01
4560,2022-09-01,2022-09-01
5760,2022-01-01,2020-08-01
3173,2022-12-01,2022-12-01
3913,2022-03-01,2022-03-01
6281,2021-04-01,2021-04-01
8870,2022-08-01,2022-08-01
7839,2022-06-01,2022-06-01
5684,2020-09-01,2020-09-01
1209,2022-07-01,2020-02-01
7240,2024-07-01,2022-01-01
1927,2020-05-01,2020-05-01
5695,2021-12-01,2020-11-01
2016,2020-01-01,2020-01-01
4342,2024-09-01,2024-08-01
6876,2024-07-01,2020-06-01
4675,2022-05-01,2022-05-01
7371,2020-10-01,2020-10-01
5712,2021-07-01,2021-07-01
7251,2022-07-01,2020-06-01
6122,2023-04-01,2021-11-01
1212,2023-09-01,2022-06-01
8259,2023-08-01,2022-08-01
7025,2020-06-01,2020-06-01
4218,2022-06-01,2022-06-01
5819,2023-02-01,2021-09-01
2220,2020-05-01,2020-05-01
9418,2023-08-01,2023-08-01
8020,2024-01-01,2021-07-01
3131,2024-12-01,2021-09-01
1092,2022-10-01,2020-03-01
3536,2020-12-01,2020-12-01
1833,2022-04-01,2022-04-01
5934,2020-09-01,2020-01-01
6866,2020-12-01,2020-12-01
6207,2021-12-01,2021-12-01
9529,2021-08-01,2020-02-01
3611,2025-03-01,2025-03-01
7609,2025-04-01,2020-09-01
4495,2024-04-01,2020-01-01
6911,2025-02-01,2025-02-01
9691,2023-07-01,2020-10-01
1144,2021-08-01,2021-08-01
8301,2022-02-01,2022-02-01
4994,2024-08-01,2024-08-01
6258,2022-04-01,2021-01-01
7322,2024-12-01,2024-12-01
5633,2025-01-01,2025-01-01
7143,2022-05-01,2022-05-01
8300,2024-03-01,2024-03-01
4154,2020-05-01,2020-02-01
2572,2021-10-01,2021-10-01
9736,2024-07-01,2020-06-01
4453,2020-05-01,2020-05-01
7950,2021-06-01,2021-06-01
9810,2021-04-01,2020-06-01
8130,2023-03-01,2020-08-01
3519,2023-08-01,2021-04-01
6434,2021-07-01,2021-07-01
1889,2024-10-01,2020-03-01
2154,2020-06-01,2020-06-01
5237,2023-07-01,2021-03-01
7626,2023-09-01,2021-01-01
7381,2023-01-01,2020-08-01
1096,2021-08-01,2021-07-01
2036,2021-12-01,2021-12-01
1745,2021-04-01,2020-02-01
6860,2024-05-01,2024-05-01
5748,2024-12-01,2020-02-01
2417,2022-12-01,2021-10-01
7249,2021-09-01,2021-04-01
1504,2024-10-01,2021-10-01
4602,2024-04-01,2024-04-01
9941,2021-08-01,2020-04-01
3360,2021-09-01,2021-09-01
7113,2022-04-01,2020-01-01
3316,2022-06-01,2020-07-01
7456,2022-04-01,2022-04-01
5992,2021-04-01,2021-04-01
6633,2023-08-01,2021-11-01
9397,2025-02-01,2025-02-01
4617,2023-09-01,2022-01-01
4183,2020-12-01,2020-12-01
1891,2020-02-01,2020-02-01
8557,2023-05-01,2021-06-01
5762,2021-12-01,2021-12-01
2608,2025-01-01,2022-01-01
8982,2024-06-01,2020-03-01
3100,2024-02-01,2021-09-01
2639,2021-07-01,2021-07-01
4170,2020-05-01,2020-05-01
6379,2024-02-01,2022-07-01
3496,2023-09-01,2022-05-01
6182,2025-03-01,2025-03-01
1079,2021-01-01,2020-05-01
8145,2022-02-01,2022-02-01
3200,2021-11-01,2021-01-01
8863,2022-05-01,2022-05-01
6004,2021-05-01,2021-05-01
3879,2025-02-01,2022-01-01
5597,2022-11-01,2021-01-01
9824,2024-09-01,2020-03-01
2252,2024-01-01,2024-01-01
9309,2023-10-01,2020-12-01
7637,2022-06-01,2021-11-01
1600,2021-08-01,2021-08-01
9842,2022-03-01,2022-03-01
6993,2024-07-01,2020-10-01
5767,2024-09-01,2024-09-01
9362,2022-09-01,2022-09-01
9227,2025-03-01,2020-11-01
3717,2020-04-01,2020-04-01
8310,2025-02-01,2025-02-01
3395,2022-01-01,2021-11-01
6878,2021-03-01,2021-03-01
4796,2021-04-01,2021-04-01
4834,2023-12-01,2021-04-01
9485,2023-04-01,2023-04-01
7358,2021-08-01,2020-01-01
1760,2023-05-01,2022-09-01
6309,2024-04-01,2021-06-01
5480,2024-12-01,2020-03-01
9918,2021-02-01,2021-02-01
7201,2021-11-01,2021-11-01
2275,2022-01-01,2022-01-01
4651,2025-01-01,2021-09-01
6653,2024-03-01,2023-01-01
1108,2022-11-01,2022-08-01
8207,2022-06-01,2022-06-01
9430,2023-09-01,2023-09-01
3461,2021-09-01,2020-01-01
2938,2020-09-01,2020-09-01
6410,2023-05-01,2023-05-01
8844,2021-09-01,2021-09-01
3641,2020-09-01,2020-09-01
1367,2023-12-01,2023-12-01
3639,2020-01-01,2020-01-01
1642,2020-06-01,2020-06-01
1916,2022-08-01,2021-12-01
9464,2021-04-01,2021-04-01
1305,2024-08-01,2024-08-01
5644,2020-02-01,2020-02-01
8359,2022-10-01,2022-10-01
8891,2023-12-01,2020-04-01
3338,2022-01-01,2022-01-01
9369,2021-02-01,2021-02-01
6614,2025-01-01,2022-04-01
2127,2024-05-01,2020-10-01
3166,2021-06-01,2021-06-01
9564,2023-09-01,2020-09-01
7877,2025-04-01,2022-08-01
2577,2021-06-01,2021-06-01
1639,2023-12-01,2023-12-01
9246,2024-03-01,2021-01-01
8901,2020-02-01,2020-02-01
9835,2020-08-01,2020-08-01
8069,2021-06-01,2021-06-01
1711,2023-05-01,2022-05-01
4759,2023-04-01,2023-04-01
7246,2020-02-01,2020-01-01
2600,2022-07-01,2021-03-01
8817,2025-04-01,2023-09-01
5641,2024-07-01,2021-04-01
7695,2020-10-01,2020-07-01
1116,2021-08-01,2021-08-01
9515,2024-11-01,2024-11-01
4365,2024-10-01,2022-09-01
7698,2024-11-01,2023-04-01
7980,2025-02-01,2024-04-01
5281,2025-04-01,2025-04-01
6990,2022-01-01,2020-03-01
7511,2023-02-01,2022-02-01
8904,2021-11-01,2021-11-01
8925,2020-02-01,2020-02-01
6641,2021-05-01,2021-05-01
3262,2022-09-01,2021-02-01
2951,2022-10-01,2020-10-01
3650,2021-01-01,2021-01-01
7562,2023-05-01,2023-05-01
1852,2023-03-01,2020-11-01
1086,2024-08-01,2022-05-01
8727,2022-09-01,2022-09-01
2444,2020-07-01,2020-07-01
7075,2020-12-01,2020-09-01
7296,2023-03-01,2023-03-01
9536,2020-06-01,2020-06-01
1941,2023-04-01,2023-04-01
9099,2021-02-01,2020-11-01
9489,2022-11-01,2022-11-01
9364,2021-03-01,2021-03-01
3776,2023-03-01,2023-03-01
4919,2022-11-01,2022-11-01
2422,2023-12-01,2023-05-01
6785,2020-12-01,2020-12-01
4281,2020-06-01,2020-06-01
2124,2023-10-01,2023-10-01
5661,2021-03-01,2020-02-01
6703,2021-07-01,2021-07-01
4707,2023-10-01,2020-11-01
8450,2021-04-01,2020-01-01
1076,2023-02-01,2020-06-01
9294,2021-01-01,2020-08-01
9243,2023-07-01,2020-01-01
9409,2020-07-01,2020-07-01
5098,2022-08-01,2021-03-01
8923,2022-07-01,2022-07-01
8517,2025-02-01,2022-04-01
1448,2023-09-01,2023-09-01
2106,2021-07-01,2021-07-01
4767,2021-01-01,2021-01-01
6785,2023-09-01,2020-12-01
5314,2020-02-01,2020-02-01
7536,2022-10-01,2022-10-01
2245,2022-01-01,2020-06-01
8807,2024-01-01,2020-02-01
5408,2024-10-01,2022-06-01
4115,2022-02-01,2022-02-01
4847,2021-02-01,2020-05-01
4387,2020-03-01,2020-03-01
6833,2020-07-01,2020-07-01
2964,2024-12-01,2020-01-01
9071,2021-10-01,2021-10-01
1692,2021-09-01,2020-06-01
6167,2021-10-01,2021-02-01
5501,2024-01-01,2020-07-01
5591,2020-01-01,2020-01-01
3101,2024-11-01,2024-11-01
8836,2020-09-01,2020-03-01
9232,2021-07-01,2021-07-01
3863,2022-07-01,2022-07-01
9490,2023-10-01,2023-10-01
1137,2021-12-01,2021-12-01
7216,2023-10-01,2023-10-01
6924,2023-10-01,2023-10-01
4066,2023-01-01,2020-10-01
5413,2022-02-01,2020-02-01
6621,2020-06-01,2020-06-01
7945,2023-11-01,2023-11-01
7099,2023-11-01,2020-12-01
5581,2025-01-01,2020-04-01
3148,2021-04-01,2020-06-01
4744,2021-08-01,2021-08-01
5422,2023-04-01,2022-06-01
8081,2024-01-01,2021-12-01
3389,2020-11-01,2020-03-01
3450,2022-09-01,2020-04-01
3893,2023-01-01,2022-08-01
9470,2020-02-01,2020-02-01
8972,2023-01-01,2021-11-01
1781,2021-11-01,2021-11-01
3676,2022-12-01,2022-02-01
8807,2022-09-01,2020-02-01
8370,2024-07-01,2020-09-01
6914,2024-03-01,2020-10-01
5222,2021-07-01,2021-07-01
2986,2021-05-01,2020-07-01
4259,2023-06-01,2022-01-01
9821,2022-04-01,2020-12-01
6818,2021-07-01,2020-04-01
8987,2021-12-01,2021-12-01
2284,2023-03-01,2022-02-01
8598,2025-02-01,2020-02-01
3745,2025-04-01,2023-10-01
7911,2023-08-01,2021-06-01
7631,2022-02-01,2022-02-01
2296,2023-08-01,2023-08-01
6136,2023-09-01,2022-12-01
5382,2022-05-01,2022-05-01
5444,2022-10-01,2022-05-01
9535,2023-12-01,2023-12-01
3741,2023-11-01,2022-11-01
3048,2023-06-01,2022-10-01
5122,2022-05-01,2020-07-01
2311,2021-12-01,2021-12-01
2687,2022-03-01,2022-03-01
9985,2024-06-01,2024-06-01
9584,2023-01-01,2023-01-01
2702,2023-12-01,2020-06-01
2381,2023-12-01,2021-09-01
6068,2023-06-01,2021-05-01
5655,2022-11-01,2022-11-01
3150,2022-11-01,2020-09-01
1468,2023-07-01,2023-07-01
6328,2023-06-01,2021-02-01
9856,2021-04-01,2021-04-01
8288,2024-01-01,2024-01-01
9835,2022-05-01,2020-08-01
8480,2024-01-01,2024-01-01
8126,2020-09-01,2020-09-01
9745,2020-05-01,2020-05-01
8891,2022-03-01,2020-04-01
8239,2020-01-01,2020-01-01
5256,2025-04-01,2025-04-01
1001,2020-06-01,2020-06-01
6634,2023-06-01,2023-06-01
1136,2020-08-01,2020-08-01
8816,2021-01-01,2021-01-01
5799,2023-10-01,2023-10-01
9981,2024-03-01,2022-03-01
8161,2021-08-01,2021-08-01
7385,2023-08-01,2020-07-01
5308,2024-02-01,2022-08-01
4924,2024-08-01,2020-11-01
5454,2023-03-01,2021-05-01
9715,2022-10-01,2020-11-01
4080,2020-03-01,2020-03-01
3238,2022-03-01,2022-03-01
8460,2021-07-01,2020-04-01
9060,2024-11-01,2023-04-01
3492,2024-08-01,2020-07-01
1362,2020-05-01,2020-05-01
5622,2025-04-01,2023-02-01
8183,2023-01-01,2023-01-01
2477,2023-03-01,2022-03-01
4558,2023-06-01,2023-06-01
9165,2020-07-01,2020-07-01
1519,2023-11-01,2020-04-01
1918,2023-01-01,2021-02-01
2169,2020-03-01,2020-03-01
4148,2023-04-01,2023-03-01
7251,2020-06-01,2020-06-01
5078,2024-12-01,2024-12-01
5049,2021-05-01,2021-05-01
4263,2024-02-01,2020-02-01
9538,2024-10-01,2021-02-01
8746,2024-08-01,2022-10-01
6293,2021-01-01,2021-01-01
1691,2024-07-01,2020-09-01
9534,2023-08-01,2023-04-01
5895,2024-06-01,2022-01-01
4568,2020-12-01,2020-12-01
8113,2025-02-01,2023-11-01
5523,2022-03-01,2021-09-01
4982,2021-09-01,2021-09-01
8786,2021-12-01,2020-09-01
7084,2024-08-01,2024-08-01
3583,2020-05-01,2020-05-01
6544,2024-11-01,2022-10-01
1983,2021-10-01,2021-10-01
3521,2024-06-01,2020-01-01
3061,2023-02-01,2023-02-01
6690,2024-12-01,2020-04-01
4161,2020-07-01,2020-07-01
6868,2022-11-01,2022-02-01
1646,2022-10-01,2022-01-01
5828,2023-02-01,2023-02-01
4109,2025-03-01,2020-11-01
6696,2024-10-01,2023-06-01
5510,2021-03-01,2021-03-01
3627,2022-03-01,2020-11-01
8362,2023-08-01,2020-12-01
9873,2023-12-01,2023-12-01
9289,2020-09-01,2020-09-01
1306,2025-01-01,2025-01-01
4912,2023-05-01,2023-02-01
9830,2023-05-01,2021-03-01
9586,2024-12-01,2021-12-01
3525,2021-05-01,2021-04-01
7714,2020-07-01,2020-07-01
2577,2022-03-01,2021-06-01
1717,2024-01-01,2021-10-01
3926,2024-01-01,2024-01-01
2753,2021-04-01,2020-10-01
1521,2020-01-01,2020-01-01
9026,2024-10-01,2024-10-01
5193,2022-07-01,2020-02-01
2161,2020-06-01,2020-06-01
9051,2025-02-01,2022-03-01
8668,2022-02-01,2022-02-01
6913,2023-01-01,2021-05-01
7046,2022-10-01,2020-07-01
5355,2024-08-01,2020-08-01
2153,2022-05-01,2022-05-01
4537,2024-12-01,2023-04-01
2658,2024-05-01,2024-05-01
7313,2021-10-01,2021-10-01
5075,2023-12-01,2023-12-01
7802,2023-01-01,2020-06-01
6864,2022-05-01,2022-05-01
7997,2024-07-01,2020-01-01
3955,2021-11-01,2020-09-01
6529,2020-05-01,2020-05-01
8258,2022-02-01,2022-02-01
6319,2025-02-01,2020-12-01
8054,2024-02-01,2024-02-01
4943,2025-04-01,2022-08-01
7145,2021-02-01,2021-02-01
5162,2020-08-01,2020-08-01
8331,2022-08-01,2021-12-01
1567,2023-07-01,2023-07-01
1267,2020-09-01,2020-09-01
1107,2022-04-01,2022-04-01
4519,2024-11-01,2020-06-01
5521,2021-04-01,2021-01-01
3534,2023-05-01,2021-05-01
6827,2023-05-01,2020-01-01
7014,2020-12-01,2020-12-01
4817,2024-06-01,2020-05-01
2505,2024-10-01,2022-12-01
4562,2022-07-01,2021-11-01
6319,2020-12-01,2020-12-01
8999,2024-09-01,2020-03-01
2562,2024-03-01,2023-05-01
1612,2020-07-01,2020-07-01
7251,2023-05-01,2020-06-01
6478,2022-09-01,2022-09-01
7824,2024-07-01,2023-05-01
4714,2021-10-01,2020-11-01
1187,2021-11-01,2020-02-01
7266,2022-11-01,2022-11-01
1674,2025-01-01,2020-10-01
3450,2025-04-01,2020-04-01
4617,2022-01-01,2022-01-01
7436,2021-08-01,2021-08-01
9269,2020-02-01,2020-02-01
5747,2020-12-01,2020-05-01
3165,2024-10-01,2020-07-01
1807,2023-07-01,2020-03-01
2393,2021-06-01,2020-10-01
3136,2021-09-01,2021-09-01
4245,2021-04-01,2021-04-01
4212,2025-03-01,2025-03-01
9589,2020-11-01,2020-11-01
5362,2024-02-01,2024-02-01
2467,2021-01-01,2020-10-01
7939,2020-10-01,2020-02-01
6254,2022-02-01,2022-02-01
1396,2022-11-01,2021-08-01
6729,2022-04-01,2022-04-01
3389,2020-03-01,2020-03-01
4271,2021-04-01,2021-04-01
2405,2024-04-01,2023-07-01
4982,2024-11-01,2021-09-01
5713,2022-04-01,2020-01-01
2823,2024-01-01,2021-04-01
1372,2020-08-01,2020-06-01
9814,2023-09-01,2023-09-01
9573,2021-03-01,2020-02-01
8913,2022-02-01,2022-02-01
1301,2020-09-01,2020-09-01
9631,2024-01-01,2020-04-01
1984,2022-02-01,2022-02-01
5444,2022-05-01,2022-05-01
1136,2025-01-01,2020-08-01
5445,2024-03-01,2024-03-01
6901,2021-10-01,2020-11-01
5792,2022-11-01,2022-04-01
7332,2020-06-01,2020-06-01
9331,2024-04-01,2022-05-01
6168,2021-06-01,2021-06-01
9709,2024-06-01,2022-09-01
9202,2022-04-01,2022-04-01
1352,2024-09-01,2024-09-01
5995,2023-07-01,2021-09-01
3572,2020-06-01,2020-06-01
6765,2022-01-01,2022-01-01
4869,2020-03-01,2020-03-01
5519,2020-08-01,2020-08-01
5221,2025-01-01,2020-10-01
5590,2022-05-01,2022-04-01
7436,2023-06-01,2021-08-01
7262,2022-07-01,2022-07-01
4726,2020-01-01,2020-01-01
3502,2023-02-01,2023-02-01
6395,2020-01-01,2020-01-01
4387,2020-07-01,2020-03-01
9869,2023-09-01,2023-09-01
3262,2022-06-01,2021-02-01
9582,2021-10-01,2021-10-01
3378,2021-09-01,2021-09-01
3589,2021-04-01,2021-04-01
9732,2020-06-01,2020-06-01
4016,2023-11-01,2021-05-01
1483,2021-08-01,2021-08-01
7737,2021-03-01,2020-12-01
5485,2024-04-01,2020-08-01
2749,2020-07-01,2020-07-01
5372,2024-07-01,2021-01-01
4783,2023-04-01,2020-03-01
1427,2025-02-01,2024-08-01
8808,2022-12-01,2021-10-01
8680,2020-04-01,2020-04-01
4014,2024-03-01,2021-09-01
8763,2022-10-01,2021-03-01
4707,2025-01-01,2020-11-01
5421,2022-07-01,2022-07-01
4323,2022-01-01,2022-01-01
3901,2020-10-01,2020-10-01
9027,2024-04-01,2024-04-01
5043,2022-04-01,2022-04-01
7232,2024-04-01,2021-08-01
9784,2023-06-01,2023-05-01
1630,2021-09-01,2020-08-01
8485,2020-04-01,2020-02-01
5025,2023-06-01,2022-11-01
1643,2022-10-01,2022-10-01
1807,2020-06-01,2020-03-01
7521,2021-09-01,2020-01-01
8558,2025-03-01,2022-09-01
1893,2023-01-01,2022-11-01
8595,2023-05-01,2023-05-01
2481,2022-08-01,2022-08-01
3945,2023-11-01,2023-11-01
9952,2020-12-01,2020-12-01
6299,2022-06-01,2022-06-01
8433,2020-05-01,2020-05-01
4308,2020-07-01,2020-07-01
5097,2023-05-01,2022-07-01
3686,2023-10-01,2021-07-01
2494,2024-06-01,2024-01-01
6946,2023-05-01,2020-06-01
7292,2023-04-01,2020-01-01
3619,2020-10-01,2020-10-01
1719,2020-02-01,2020-02-01
3459,2021-02-01,2021-02-01
3930,2020-07-01,2020-07-01
7874,2020-01-01,2020-01-01
8311,2024-12-01,2021-06-01
2926,2023-12-01,2023-09-01
1057,2021-06-01,2021-06-01
1200,2020-12-01,2020-12-01
9904,2024-03-01,2024-03-01
9084,2025-03-01,2020-10-01
8794,2022-01-01,2022-01-01
2300,2021-06-01,2021-06-01
5009,2023-05-01,2021-07-01
4401,2022-10-01,2022-10-01
1902,2020-01-01,2020-01-01
3381,2021-06-01,2020-01-01
5889,2024-06-01,2021-08-01
1803,2022-09-01,2021-03-01
3643,2024-03-01,2020-06-01
3906,2025-04-01,2020-06-01
6901,2023-05-01,2020-11-01
5903,2021-09-01,2021-09-01
2108,2024-12-01,2021-11-01
2063,2025-02-01,2020-09-01
2999,2020-03-01,2020-03-01
6393,2022-12-01,2022-12-01
4438,2022-02-01,2022-02-01
1953,2022-12-01,2021-06-01
9666,2022-08-01,2020-08-01
5705,2023-01-01,2023-01-01
5254,2022-06-01,2020-04-01
6797,2022-04-01,2022-03-01
9132,2023-12-01,2021-07-01
9154,2020-09-01,2020-09-01
4812,2023-11-01,2021-04-01
1025,2023-01-01,2020-07-01
2932,2022-12-01,2022-12-01
7793,2020-10-01,2020-08-01
6728,2021-01-01,2020-03-01
4478,2022-10-01,2022-10-01
5614,2024-03-01,2024-03-01
6042,2023-08-01,2023-08-01
6307,2021-03-01,2020-09-01
6460,2023-07-01,2022-06-01
1477,2020-04-01,2020-04-01
6415,2023-06-01,2023-06-01
8849,2020-11-01,2020-11-01
3224,2024-03-01,2020-05-01
8546,2021-08-01,2021-08-01
6490,2020-03-01,2020-03-01
1917,2020-06-01,2020-06-01
6169,2021-05-01,2021-05-01
4412,2023-09-01,2023-02-01
6793,2022-11-01,2021-02-01
5595,2020-12-01,2020-12-01
7147,2022-04-01,2022-04-01
7382,2024-01-01,2020-11-01
6050,2023-09-01,2020-02-01
1518,2023-07-01,2023-05-01
9143,2022-07-01,2022-07-01
8404,2024-08-01,2020-01-01
4541,2021-02-01,2021-02-01
2838,2024-08-01,2023-04-01
4311,2021-11-01,2020-07-01
9290,2020-12-01,2020-12-01
9192,2020-12-01,2020-12-01
8921,2020-11-01,2020-06-01
6084,2023-09-01,2020-09-01
2609,2021-03-01,2020-12-01
3174,2021-10-01,2020-04-01
8526,2022-07-01,2022-07-01
2897,2020-11-01,2020-11-01
2426,2021-07-01,2021-07-01
2689,2020-01-01,2020-01-01
6119,2023-07-01,2022-02-01
4438,2023-07-01,2022-02-01
5695,2022-12-01,2020-11-01
8227,2021-03-01,2021-03-01
3446,2021-09-01,2021-06-01
1249,2021-12-01,2021-12-01
9422,2020-08-01,2020-08-01
6739,2021-09-01,2021-09-01
3319,2022-07-01,2022-07-01
5011,2020-01-01,2020-01-01
6549,2024-06-01,2021-06-01
3131,2021-09-01,2021-09-01
1826,2022-07-01,2020-02-01
2410,2024-09-01,2022-06-01
8304,2023-01-01,2023-01-01
6444,2024-05-01,2022-03-01
9740,2023-04-01,2020-05-01
3159,2020-05-01,2020-05-01
8672,2024-07-01,2021-08-01
8625,2024-01-01,2023-12-01
3354,2020-02-01,2020-02-01
5227,2024-02-01,2024-02-01
4004,2021-10-01,2020-01-01
6412,2024-07-01,2024-07-01
8426,2025-01-01,2025-01-01
8787,2021-01-01,2020-12-01
8556,2022-03-01,2022-03-01
6711,2021-10-01,2021-10-01
9322,2021-08-01,2020-02-01
2752,2021-10-01,2021-10-01
2162,2021-06-01,2021-06-01
8552,2025-02-01,2022-04-01
4908,2020-02-01,2020-02-01
3605,2024-05-01,2024-01-01
2082,2023-04-01,2022-06-01
8063,2021-02-01,2020-07-01
6606,2023-03-01,2022-08-01
3835,2025-01-01,2020-07-01
8972,2021-11-01,2021-11-01
8584,2023-07-01,2020-04-01
8294,2023-11-01,2023-11-01
2140,2023-10-01,2023-10-01
7208,2021-02-01,2020-07-01
2007,2021-10-01,2020-04-01
1003,2020-02-01,2020-02-01
3444,2025-04-01,2021-06-01
7389,2021-03-01,2021-03-01
4205,2024-08-01,2022-04-01
5910,2024-07-01,2023-01-01
5989,2022-08-01,2022-08-01
6640,2020-08-01,2020-08-01
1133,2021-10-01,2021-10-01
7622,2022-02-01,2021-09-01
2022,2020-09-01,2020-09-01
1870,2021-03-01,2021-03-01
6885,2023-08-01,2020-09-01
1510,2021-03-01,2021-03-01
7459,2022-08-01,2021-07-01
7271,2025-02-01,2025-02-01
9931,2021-02-01,2021-02-01
8780,2022-09-01,2022-03-01
7301,2022-03-01,2021-06-01
7835,2024-07-01,2020-10-01
3056,2024-11-01,2024-11-01
1257,2022-08-01,2022-08-01
8155,2022-01-01,2022-01-01
2387,2022-01-01,2022-01-01
8471,2021-08-01,2021-08-01
7974,2023-07-01,2022-11-01
9346,2024-03-01,2024-03-01
7303,2022-12-01,2021-04-01
7959,2022-02-01,2022-02-01
9161,2021-11-01,2020-04-01
9220,2021-07-01,2021-07-01
7012,2020-03-01,2020-03-01
8917,2021-02-01,2021-02-01
8889,2020-01-01,2020-01-01
3327,2022-12-01,2022-12-01
5578,2023-01-01,2022-01-01
9574,2023-06-01,2021-02-01
5017,2021-02-01,2021-02-01
2279,2022-07-01,2022-07-01
6119,2024-03-01,2022-02-01
9765,2020-08-01,2020-08-01
8438,2023-02-01,2023-02-01
6431,2023-05-01,2020-05-01
5738,2024-02-01,2024-02-01
5981,2024-06-01,2021-09-01
5267,2021-06-01,2021-06-01
3770,2022-12-01,2022-12-01
5780,2022-05-01,2021-07-01
1447,2022-10-01,2021-12-01
3077,2020-08-01,2020-01-01
5129,2023-03-01,2020-06-01
5509,2020-06-01,2020-06-01
2827,2021-10-01,2021-10-01
3476,2020-01-01,2020-01-01
3873,2020-10-01,2020-10-01
4869,2024-04-01,2020-03-01
1542,2020-06-01,2020-06-01
3376,2024-02-01,2021-04-01
9125,2023-12-01,2023-12-01
7277,2020-05-01,2020-05-01
3740,2025-02-01,2025-02-01
6653,2023-11-01,2023-01-01
2900,2023-10-01,2023-10-01
7533,2020-01-01,2020-01-01
9724,2021-08-01,2020-03-01
7390,2020-07-01,2020-04-01
9690,2021-08-01,2020-11-01
5731,2023-01-01,2021-06-01
7258,2021-09-01,2020-09-01
1672,2022-02-01,2022-01-01
6797,2022-03-01,2022-03-01
5466,2020-09-01,2020-09-01
2610,2022-02-01,2022-02-01
7408,2024-11-01,2023-04-01
4961,2023-12-01,2020-12-01
4193,2024-12-01,2021-08-01
3947,2020-12-01,2020-04-01
1138,2021-03-01,2020-07-01
7737,2023-08-01,2020-12-01
8306,2022-08-01,2021-02-01
5641,2024-05-01,2021-04-01
1388,2023-07-01,2020-02-01
4552,2022-09-01,2022-09-01
2995,2021-10-01,2021-01-01
2415,2023-08-01,2022-08-01
7159,2021-06-01,2021-06-01
4027,2022-10-01,2021-08-01
4018,2020-09-01,2020-05-01
2240,2024-04-01,2020-05-01
7995,2023-11-01,2021-12-01
6298,2020-06-01,2020-02-01
5543,2024-09-01,2020-01-01
7366,2024-10-01,2020-09-01
5230,2024-04-01,2022-07-01
3915,2021-05-01,2021-05-01
4287,2024-07-01,2024-07-01
9061,2022-06-01,2020-03-01
8065,2022-02-01,2020-10-01
2740,2024-04-01,2022-05-01
5243,2020-08-01,2020-02-01
2153,2025-01-01,2022-05-01
8305,2025-03-01,2021-10-01
3438,2024-05-01,2024-05-01
1619,2023-08-01,2020-12-01
3483,2025-01-01,2024-02-01
1060,2024-11-01,2021-09-01
8833,2023-08-01,2021-02-01
2148,2023-02-01,2023-02-01
7298,2020-06-01,2020-06-01
2985,2024-07-01,2024-07-01
6463,2020-09-01,2020-09-01
1904,2022-09-01,2022-09-01
2485,2024-12-01,2021-11-01
2318,2020-02-01,2020-02-01
4327,2021-10-01,2020-12-01
7294,2022-08-01,2022-08-01
7391,2021-04-01,2021-04-01
6886,2021-11-01,2021-11-01
8175,2020-06-01,2020-06-01
1584,2021-12-01,2021-08-01
4907,2023-10-01,2023-10-01
9856,2022-11-01,2021-04-01
9748,2022-04-01,2020-09-01
1268,2024-07-01,2020-12-01
6533,2024-05-01,2023-05-01
7643,2023-04-01,2022-04-01
9570,2024-07-01,2020-12-01
9791,2022-01-01,2022-01-01
4817,2020-12-01,2020-05-01
3319,2022-09-01,2022-07-01
8720,2020-09-01,2020-09-01
1750,2021-01-01,2021-01-01
3138,2023-01-01,2020-09-01
1818,2025-04-01,2023-01-01
8474,2023-02-01,2021-10-01
2047,2021-11-01,2021-11-01
2870,2020-02-01,2020-02-01
4613,2023-12-01,2020-01-01
7983,2020-08-01,2020-01-01
7586,2021-04-01,2021-04-01
9943,2021-10-01,2021-10-01
1746,2020-01-01,2020-01-01
2035,2024-04-01,2020-04-01
7801,2024-05-01,2023-09-01
3703,2020-12-01,2020-02-01
1666,2024-02-01,2024-02-01
7162,2021-01-01,2021-01-01
8978,2020-01-01,2020-01-01
3939,2024-06-01,2022-06-01
5648,2023-03-01,2023-03-01
3079,2023-10-01,2023-10-01
5439,2024-05-01,2024-03-01
4919,2023-01-01,2022-11-01
1616,2023-07-01,2020-01-01
9190,2020-05-01,2020-05-01
5934,2021-11-01,2020-01-01
4860,2024-02-01,2023-09-01
2567,2025-03-01,2021-05-01
9315,2021-05-01,2020-07-01
4409,2023-03-01,2021-08-01
2846,2021-01-01,2021-01-01
8772,2023-05-01,2023-02-01
1706,2020-11-01,2020-11-01
5670,2021-03-01,2021-03-01
6477,2024-10-01,2020-11-01
1709,2021-08-01,2021-08-01
9804,2024-07-01,2020-05-01
8947,2020-07-01,2020-07-01
4855,2020-10-01,2020-10-01
6340,2024-01-01,2020-06-01
6336,2021-08-01,2021-08-01
6343,2020-01-01,2020-01-01
7759,2021-04-01,2021-04-01
4615,2021-01-01,2021-01-01
8936,2023-07-01,2023-01-01
3374,2022-05-01,2022-05-01
8454,2020-07-01,2020-04-01
3234,2022-03-01,2022-03-01
6875,2022-09-01,2021-12-01
6503,2021-08-01,2021-08-01
1977,2021-02-01,2021-02-01
8627,2023-05-01,2021-05-01
6629,2022-05-01,2022-05-01
3568,2022-08-01,2022-08-01
3784,2023-08-01,2021-11-01
4763,2024-01-01,2020-10-01
9015,2020-12-01,2020-12-01
8757,2022-12-01,2022-12-01
1237,2023-01-01,2022-08-01
5041,2023-10-01,2023-10-01
4643,2022-09-01,2022-03-01
3440,2023-02-01,2023-02-01
7844,2023-09-01,2020-03-01
8711,2022-02-01,2022-02-01
1550,2022-08-01,2020-09-01
8852,2022-05-01,2022-05-01
2605,2024-10-01,2023-06-01
2361,2024-06-01,2023-07-01
7662,2022-08-01,2022-01-01
6872,2021-07-01,2021-07-01
2486,2024-08-01,2021-11-01
5994,2023-08-01,2023-08-01
1399,2024-04-01,2021-12-01
3271,2023-03-01,2021-10-01
4030,2021-10-01,2020-10-01
8607,2024-02-01,2024-02-01
2158,2022-01-01,2022-01-01
6454,2020-01-01,2020-01-01
7977,2024-10-01,2024-01-01
9887,2022-11-01,2022-11-01
2326,2025-04-01,2024-06-01
1898,2021-05-01,2021-05-01
6963,2021-09-01,2021-09-01
7274,2020-04-01,2020-04-01
1669,2021-07-01,2021-07-01
2097,2024-05-01,2022-08-01
3267,2024-06-01,2020-09-01
9841,2020-05-01,2020-05-01
4437,2021-12-01,2021-01-01
6250,2022-12-01,2020-07-01
9250,2022-05-01,2022-05-01
1892,2021-08-01,2020-12-01
8412,2020-11-01,2020-11-01
3010,2023-09-01,2022-12-01
9730,2022-01-01,2021-07-01
7031,2021-11-01,2020-04-01
2075,2023-03-01,2021-12-01
2430,2022-02-01,2022-02-01
5724,2023-01-01,2020-05-01
2791,2021-11-01,2021-04-01
3424,2024-10-01,2024-10-01
9530,2023-11-01,2022-10-01
5803,2023-08-01,2020-06-01
9870,2025-04-01,2020-03-01
6680,2020-03-01,2020-03-01
1351,2023-07-01,2021-03-01
1361,2023-07-01,2023-07-01
9513,2022-10-01,2022-10-01
6616,2020-02-01,2020-02-01
8965,2024-04-01,2021-04-01
9686,2021-01-01,2021-01-01
8503,2022-05-01,2020-03-01
6021,2020-12-01,2020-12-01
4715,2024-03-01,2024-03-01
1775,2021-05-01,2020-07-01
8469,2022-03-01,2022-02-01
3634,2022-05-01,2022-05-01
3986,2023-03-01,2020-02-01
3514,2022-07-01,2020-10-01
1674,2022-07-01,2020-10-01
3072,2021-11-01,2020-08-01
4022,2025-01-01,2020-12-01
1568,2024-04-01,2022-02-01
3423,2024-08-01,2023-10-01
3663,2024-09-01,2024-07-01
1408,2023-05-01,2023-01-01
3381,2020-01-01,2020-01-01
3556,2024-06-01,2020-07-01
9948,2023-08-01,2023-08-01
5842,2020-09-01,2020-05-01
3409,2022-10-01,2022-10-01
8243,2021-03-01,2021-03-01
8847,2020-04-01,2020-04-01
2914,2022-09-01,2020-03-01
4610,2023-10-01,2020-08-01
6347,2023-07-01,2020-07-01
4197,2022-04-01,2020-11-01
5553,2021-01-01,2021-01-01
9821,2020-12-01,2020-12-01
2431,2024-02-01,2020-02-01
4185,2020-07-01,2020-07-01
9381,2021-04-01,2021-04-01
6915,2021-06-01,2021-06-01
8006,2021-08-01,2021-08-01
1199,2023-05-01,2022-03-01
6047,2024-12-01,2022-03-01
2435,2020-04-01,2020-04-01
7809,2022-07-01,2021-03-01
3683,2023-09-01,2023-09-01
7786,2020-03-01,2020-03-01
2410,2022-06-01,2022-06-01
8776,2023-12-01,2020-04-01
6495,2021-07-01,2021-07-01
7156,2022-03-01,2022-03-01
5478,2023-08-01,2021-12-01
8571,2021-06-01,2021-06-01
4264,2024-06-01,2022-11-01
5742,2020-03-01,2020-03-01
5947,2020-06-01,2020-06-01
9095,2023-06-01,2021-11-01
4678,2021-08-01,2020-10-01
3523,2020-02-01,2020-02-01
8742,2021-09-01,2021-09-01
5713,2023-08-01,2020-01-01
5009,2024-04-01,2021-07-01
9078,2021-03-01,2021-03-01
6927,2022-03-01,2020-02-01
8144,2020-05-01,2020-05-01
8799,2023-02-01,2023-02-01
7114,2020-07-01,2020-07-01
1287,2020-12-01,2020-12-01
1958,2020-04-01,2020-04-01
3219,2023-10-01,2023-10-01
5467,2021-03-01,2021-03-01
6832,2025-01-01,2023-07-01
9677,2022-11-01,2022-11-01
9419,2020-11-01,2020-11-01
4002,2024-03-01,2024-03-01
3738,2020-01-01,2020-01-01
5932,2024-10-01,2024-10-01
6939,2020-11-01,2020-11-01
6761,2023-08-01,2023-05-01
3243,2024-05-01,2021-04-01
8944,2023-09-01,2021-12-01
2678,2021-08-01,2020-11-01
4622,2024-08-01,2024-08-01
9612,2022-08-01,2022-08-01
2867,2024-10-01,2024-10-01
2909,2021-06-01,2021-06-01
8856,2023-11-01,2023-01-01
6940,2022-03-01,2021-01-01
9570,2020-12-01,2020-12-01
3821,2022-06-01,2022-06-01
2943,2020-11-01,2020-11-01
3332,2023-04-01,2020-05-01
3053,2021-03-01,2021-03-01
7960,2020-02-01,2020-02-01
2273,2020-05-01,2020-05-01
8065,2023-03-01,2020-10-01
1537,2020-09-01,2020-09-01
1971,2024-12-01,2021-01-01
1709,2023-04-01,2021-08-01
1168,2020-11-01,2020-11-01
4365,2022-09-01,2022-09-01
4027,2021-08-01,2021-08-01
2487,2025-03-01,2025-03-01
5544,2023-08-01,2023-08-01
6770,2021-07-01,2021-07-01
4962,2021-11-01,2021-06-01
2623,2025-01-01,2022-09-01
9664,2022-12-01,2021-10-01
5617,2021-02-01,2021-02-01
1070,2023-10-01,2021-06-01
4506,2021-09-01,2021-09-01
8777,2023-04-01,2023-04-01
4033,2021-01-01,2021-01-01
3963,2024-04-01,2024-04-01
7948,2020-12-01,2020-12-01
7677,2025-03-01,2025-03-01
3025,2021-04-01,2020-10-01
3226,2024-02-01,2021-12-01
5723,2021-04-01,2021-04-01
2347,2022-04-01,2022-04-01
7304,2025-02-01,2020-11-01
6111,2024-11-01,2023-03-01
4700,2022-10-01,2020-06-01
8011,2023-09-01,2021-01-01
8793,2024-08-01,2024-02-01
3937,2022-09-01,2021-10-01
9055,2023-09-01,2020-08-01
8177,2021-08-01,2021-08-01
2392,2023-10-01,2020-04-01
7563,2020-05-01,2020-05-01
3764,2022-03-01,2020-12-01
6548,2021-12-01,2021-12-01
3011,2022-12-01,2020-03-01
9177,2020-12-01,2020-12-01
5472,2022-01-01,2022-01-01
7557,2023-07-01,2020-05-01
7626,2022-10-01,2021-01-01
5569,2022-05-01,2022-05-01
2770,2023-07-01,2023-07-01
9147,2022-06-01,2022-06-01
1486,2021-04-01,2020-11-01
2117,2022-08-01,2022-08-01
3934,2024-06-01,2024-06-01
6356,2024-03-01,2024-03-01
2578,2020-06-01,2020-06-01
9518,2020-07-01,2020-02-01
4308,2024-06-01,2020-07-01
9032,2025-02-01,2021-09-01
6629,2025-01-01,2022-05-01
9955,2023-07-01,2020-05-01
8051,2022-02-01,2021-09-01
7285,2022-06-01,2022-06-01
8250,2021-01-01,2021-01-01
3897,2021-10-01,2020-06-01
3689,2024-10-01,2020-04-01
6119,2025-02-01,2022-02-01
2792,2023-05-01,2020-12-01
9837,2021-11-01,2021-11-01
3560,2020-11-01,2020-11-01
5315,2023-08-01,2020-01-01
6779,2024-02-01,2023-03-01
6250,2020-07-01,2020-07-01
1739,2020-08-01,2020-08-01
6715,2021-03-01,2021-03-01
1440,2024-02-01,2020-06-01
6591,2024-06-01,2024-06-01
6654,2024-12-01,2021-02-01
6755,2022-05-01,2021-10-01
5056,2022-04-01,2022-04-01
2391,2022-08-01,2022-08-01
5995,2021-09-01,2021-09-01
1322,2023-12-01,2020-11-01
8551,2025-03-01,2020-06-01
9433,2021-01-01,2020-12-01
1334,2023-11-01,2023-11-01
1364,2020-12-01,2020-12-01
7394,2023-09-01,2020-12-01
9001,2020-06-01,2020-06-01
4373,2020-01-01,2020-01-01
6563,2022-04-01,2022-04-01
6952,2022-01-01,2022-01-01
9142,2020-05-01,2020-05-01
9779,2021-04-01,2021-04-01
1778,2025-01-01,2025-01-01
7586,2021-07-01,2021-04-01
2506,2023-12-01,2022-11-01
2552,2024-05-01,2022-03-01
2102,2024-11-01,2020-02-01
8786,2023-08-01,2020-09-01
2256,2024-01-01,2024-01-01
9268,2023-02-01,2023-02-01
9846,2023-03-01,2023-03-01
7591,2021-04-01,2021-04-01
8425,2020-11-01,2020-10-01
3958,2020-10-01,2020-01-01
9457,2020-03-01,2020-03-01
9178,2022-06-01,2022-06-01
8656,2020-08-01,2020-06-01
9728,2021-11-01,2021-11-01
1981,2022-02-01,2020-04-01
8577,2023-08-01,2023-08-01
5919,2021-07-01,2021-07-01
6220,2021-10-01,2021-10-01
4335,2020-03-01,2020-03-01
5702,2021-06-01,2021-06-01
4868,2023-01-01,2023-01-01
3456,2023-07-01,2023-06-01
6087,2020-03-01,2020-03-01
8145,2022-03-01,2022-02-01
4309,2020-11-01,2020-08-01
1477,2024-09-01,2020-04-01
3883,2022-02-01,2020-09-01
8960,2021-04-01,2021-04-01
2375,2024-10-01,2023-05-01
2041,2024-05-01,2024-05-01
6954,2024-03-01,2020-07-01
7502,2025-01-01,2020-07-01
3302,2022-04-01,2021-05-01
9196,2020-03-01,2020-03-01
9605,2025-04-01,2020-04-01
4900,2024-04-01,2020-10-01
6395,2022-04-01,2020-01-01
7388,2025-03-01,2021-08-01
4865,2024-02-01,2023-03-01
3363,2023-04-01,2023-04-01
5498,2023-03-01,2021-04-01
1916,2022-05-01,2021-12-01
2850,2024-09-01,2022-04-01
8780,2022-03-01,2022-03-01
3374,2024-10-01,2022-05-01
7025,2022-12-01,2020-06-01
1570,2021-10-01,2021-10-01
1895,2020-08-01,2020-08-01
4926,2025-04-01,2025-04-01
6067,2020-10-01,2020-06-01
6945,2024-07-01,2023-11-01
2999,2022-01-01,2020-03-01
8248,2021-11-01,2021-04-01
5186,2024-10-01,2024-10-01
5872,2024-08-01,2024-08-01
8190,2021-03-01,2021-03-01
7656,2024-11-01,2023-01-01
2312,2020-08-01,2020-08-01
8718,2020-09-01,2020-06-01
7920,2020-08-01,2020-08-01
3627,2022-12-01,2020-11-01
2087,2024-01-01,2024-01-01
9973,2022-07-01,2022-07-01
1448,2023-10-01,2023-09-01
4010,2024-10-01,2020-08-01
3229,2021-04-01,2020-03-01
6006,2022-10-01,2021-07-01
2815,2021-10-01,2020-01-01
3131,2022-01-01,2021-09-01
7722,2020-12-01,2020-12-01
8397,2022-02-01,2020-07-01
3187,2020-12-01,2020-03-01
6367,2020-10-01,2020-10-01
2382,2022-08-01,2022-08-01
7447,2020-06-01,2020-01-01
4677,2024-03-01,2024-03-01
4747,2023-06-01,2023-01-01
4248,2021-09-01,2020-07-01
1815,2023-12-01,2021-10-01
5262,2023-07-01,2023-07-01
3787,2020-04-01,2020-04-01
1231,2021-01-01,2021-01-01
8433,2021-04-01,2020-05-01
2941,2023-10-01,2020-01-01
4121,2023-06-01,2023-06-01
5717,2020-05-01,2020-05-01
3133,2025-04-01,2020-10-01
4531,2024-03-01,2024-03-01
4102,2023-11-01,2023-09-01
3391,2021-04-01,2021-04-01
4858,2023-12-01,2023-12-01
7056,2021-02-01,2021-02-01
8506,2025-01-01,2024-05-01
3182,2022-08-01,2021-01-01
7513,2022-12-01,2022-03-01
7283,2024-12-01,2020-06-01
5198,2022-05-01,2020-07-01
1962,2021-09-01,2021-09-01
8715,2024-03-01,2020-06-01
1745,2022-11-01,2020-02-01
7241,2021-07-01,2021-02-01
7076,2024-07-01,2021-08-01
1673,2021-12-01,2021-12-01
3783,2022-11-01,2022-11-01
8669,2022-09-01,2022-09-01
9690,2023-11-01,2020-11-01
2914,2020-09-01,2020-03-01
9179,2020-11-01,2020-11-01
6907,2024-06-01,2021-12-01
5312,2022-12-01,2022-12-01
9470,2023-05-01,2020-02-01
6169,2022-05-01,2021-05-01
3478,2024-12-01,2022-05-01
8208,2021-01-01,2020-09-01
1894,2022-04-01,2020-11-01
8704,2024-01-01,2023-10-01
8653,2022-07-01,2022-07-01
1668,2020-08-01,2020-08-01
8949,2022-05-01,2022-05-01
3425,2024-08-01,2024-08-01
4337,2021-03-01,2021-03-01
3757,2020-07-01,2020-02-01
4479,2020-03-01,2020-03-01
9618,2020-07-01,2020-07-01
7822,2020-07-01,2020-07-01
9161,2020-04-01,2020-04-01
1425,2022-02-01,2021-01-01
2998,2023-04-01,2023-04-01
2737,2024-07-01,2021-07-01
1473,2023-03-01,2023-03-01
8861,2021-04-01,2021-04-01
1095,2022-04-01,2021-10-01
8423,2021-12-01,2021-12-01
3118,2022-09-01,2022-02-01
5635,2021-02-01,2021-02-01
2158,2022-05-01,2022-01-01
7248,2025-03-01,2023-08-01
3916,2025-02-01,2022-04-01
2461,2021-08-01,2021-02-01
3669,2020-07-01,2020-07-01
5668,2021-06-01,2020-08-01
3525,2022-01-01,2021-04-01
8083,2020-07-01,2020-07-01
3151,2024-06-01,2022-07-01
7020,2021-02-01,2020-07-01
8298,2023-01-01,2022-07-01
5398,2023-05-01,2021-08-01
2478,2024-06-01,2024-06-01
4053,2023-08-01,2023-01-01
2522,2023-02-01,2021-06-01
8594,2022-06-01,2021-07-01
3540,2022-11-01,2021-08-01
9596,2022-08-01,2022-08-01
8165,2023-08-01,2023-01-01
5921,2023-01-01,2020-07-01
5921,2020-07-01,2020-07-01
8007,2023-05-01,2022-02-01
2253,2025-04-01,2020-06-01
2763,2022-03-01,2021-06-01
2548,2020-06-01,2020-06-01
5151,2024-11-01,2020-11-01
2339,2020-06-01,2020-06-01
2866,2024-09-01,2020-03-01
3941,2024-09-01,2020-07-01
1741,2025-01-01,2021-09-01
5876,2020-05-01,2020-05-01
8454,2023-10-01,2020-04-01
5342,2023-06-01,2021-06-01
4458,2022-10-01,2022-10-01
5248,2023-04-01,2023-04-01
8107,2020-03-01,2020-03-01
7470,2023-12-01,2023-12-01
8817,2023-09-01,2023-09-01
8974,2025-03-01,2025-03-01
6910,2021-11-01,2021-11-01
7471,2022-09-01,2022-09-01
3049,2023-11-01,2022-02-01
2833,2023-06-01,2020-12-01
4083,2021-04-01,2021-04-01
8882,2025-02-01,2025-02-01
4961,2020-12-01,2020-12-01
9824,2023-10-01,2020-03-01
8592,2023-07-01,2023-07-01
1357,2020-10-01,2020-02-01
8295,2022-02-01,2021-03-01
1321,2024-09-01,2024-09-01
4975,2025-01-01,2021-12-01
7418,2021-08-01,2021-08-01
2682,2022-05-01,2021-03-01
8074,2020-09-01,2020-09-01
5764,2021-06-01,2021-06-01
8964,2021-02-01,2020-12-01
8993,2023-09-01,2022-10-01
9655,2020-08-01,2020-07-01
6174,2020-07-01,2020-07-01
7834,2021-08-01,2021-08-01
9106,2023-04-01,2022-11-01
6681,2020-07-01,2020-07-01
1340,2021-05-01,2020-01-01
4149,2020-04-01,2020-04-01
4802,2024-06-01,2020-05-01
6556,2021-05-01,2021-05-01
8675,2021-09-01,2021-09-01
7395,2021-11-01,2020-12-01
6902,2022-07-01,2020-07-01
4394,2021-05-01,2020-01-01
2412,2023-05-01,2022-01-01
3839,2021-08-01,2021-02-01
9063,2022-07-01,2020-05-01
9089,2023-01-01,2023-01-01
1770,2023-04-01,2020-07-01
5273,2024-03-01,2024-03-01
3862,2025-02-01,2021-12-01
1523,2024-06-01,2024-06-01
8055,2024-05-01,2022-08-01
2977,2023-04-01,2023-04-01
5224,2025-03-01,2021-12-01
1764,2025-02-01,2023-11-01
5382,2022-08-01,2022-05-01
9444,2021-10-01,2020-12-01
1826,2020-02-01,2020-02-01
8489,2023-01-01,2020-09-01
2734,2022-03-01,2020-01-01
2669,2020-02-01,2020-02-01
9311,2023-01-01,2023-01-01
2934,2022-01-01,2022-01-01
3572,2021-11-01,2020-06-01
8233,2022-05-01,2022-05-01
2626,2024-07-01,2024-04-01
6482,2020-06-01,2020-06-01
4307,2020-02-01,2020-02-01
1107,2025-04-01,2022-04-01
6592,2020-06-01,2020-06-01
2396,2022-06-01,2022-06-01
7799,2022-07-01,2022-05-01
5021,2024-10-01,2024-10-01
7909,2021-08-01,2021-08-01
8025,2020-08-01,2020-08-01
8516,2022-02-01,2021-09-01
6927,2021-08-01,2020-02-01
3385,2023-12-01,2022-05-01
9476,2020-11-01,2020-09-01
6542,2020-04-01,2020-04-01
8111,2020-10-01,2020-05-01
3473,2021-11-01,2021-11-01
9516,2021-09-01,2020-06-01
7586,2022-06-01,2021-04-01
5986,2020-01-01,2020-01-01
6638,2024-03-01,2022-08-01
9647,2020-02-01,2020-02-01
7618,2022-08-01,2022-08-01
9919,2022-01-01,2022-01-01
8244,2021-01-01,2021-01-01
7627,2021-11-01,2021-11-01
2380,2022-08-01,2022-08-01
7389,2025-04-01,2021-03-01
3064,2024-04-01,2024-04-01
5651,2023-12-01,2022-08-01
6115,2023-08-01,2023-08-01
3621,2022-01-01,2020-12-01
5238,2021-10-01,2021-10-01
7926,2024-09-01,2024-09-01
1982,2025-03-01,2024-07-01
9314,2021-01-01,2021-01-01
3043,2022-05-01,2022-05-01
1085,2021-07-01,2021-07-01
9737,2025-04-01,2022-11-01
6739,2024-02-01,2021-09-01
3293,2024-02-01,2024-02-01
5057,2022-06-01,2022-06-01
4154,2020-02-01,2020-02-01
8443,2021-07-01,2021-07-01
7974,2022-11-01,2022-11-01
2511,2022-11-01,2021-08-01
8802,2020-08-01,2020-08-01
7050,2020-03-01,2020-03-01
9502,2023-08-01,2023-02-01
9172,2021-02-01,2020-03-01
9020,2025-01-01,2021-11-01
3668,2024-06-01,2024-06-01
8942,2022-10-01,2022-10-01
9408,2021-10-01,2020-12-01
4483,2020-09-01,2020-09-01
3569,2022-03-01,2022-03-01
2945,2020-12-01,2020-12-01
2807,2024-06-01,2022-01-01
5744,2020-05-01,2020-05-01
2929,2020-03-01,2020-03-01
5968,2024-02-01,2024-02-01
3340,2024-08-01,2021-12-01
7910,2021-04-01,2021-04-01
5644,2025-04-01,2020-02-01
9008,2020-11-01,2020-11-01
6712,2021-06-01,2021-06-01
7841,2024-11-01,2020-04-01
8411,2021-07-01,2021-07-01
8786,2020-09-01,2020-09-01
3175,2021-10-01,2021-10-01
8551,2024-11-01,2020-06-01
8357,2024-03-01,2021-02-01
6328,2023-05-01,2021-02-01
7711,2024-01-01,2024-01-01
6554,2023-10-01,2021-02-01
8259,2023-04-01,2022-08-01
2450,2022-01-01,2022-01-01
1406,2020-02-01,2020-02-01
6060,2022-05-01,2022-05-01
2395,2023-05-01,2023-05-01
9877,2021-08-01,2021-08-01
9548,2024-09-01,2021-09-01
9235,2023-04-01,2021-10-01
9713,2021-08-01,2020-06-01
5504,2024-01-01,2024-01-01
8278,2020-06-01,2020-06-01
6249,2023-01-01,2023-01-01
9052,2020-01-01,2020-01-01
6569,2020-06-01,2020-06-01
1394,2020-12-01,2020-12-01
7258,2023-03-01,2020-09-01
2627,2023-01-01,2023-01-01
3359,2022-06-01,2022-05-01
3526,2020-10-01,2020-10-01
3772,2023-04-01,2022-10-01
3973,2020-01-01,2020-01-01
5882,2022-01-01,2022-01-01
3334,2024-12-01,2024-12-01
5225,2023-07-01,2020-07-01
1849,2020-02-01,2020-02-01
4874,2023-08-01,2022-04-01
7308,2023-05-01,2021-07-01
1993,2022-03-01,2022-03-01
7669,2023-08-01,2023-01-01
7676,2021-12-01,2021-12-01
5409,2023-02-01,2021-05-01
2663,2025-03-01,2023-02-01
3057,2021-12-01,2021-12-01
8306,2021-02-01,2021-02-01
9199,2020-10-01,2020-10-01
7116,2024-03-01,2022-03-01
5016,2023-11-01,2021-07-01
8401,2020-12-01,2020-08-01
5739,2024-01-01,2020-11-01
1008,2024-07-01,2020-04-01
5477,2023-08-01,2023-03-01
7228,2025-03-01,2020-08-01
4485,2022-11-01,2022-03-01
5609,2022-04-01,2022-04-01
9750,2020-05-01,2020-05-01
2469,2024-01-01,2022-06-01
3288,2020-11-01,2020-11-01
8077,2021-07-01,2021-02-01
6215,2024-02-01,2020-04-01
5282,2023-09-01,2023-09-01
8417,2023-10-01,2023-10-01
6269,2020-09-01,2020-09-01
6381,2020-02-01,2020-02-01
3190,2022-06-01,2020-04-01
8807,2020-02-01,2020-02-01
3843,2022-08-01,2020-01-01
9011,2024-06-01,2020-02-01
2329,2024-12-01,2020-09-01
2270,2024-06-01,2024-06-01
8293,2020-04-01,2020-04-01
7166,2020-01-01,2020-01-01
7336,2021-03-01,2020-03-01
1138,2020-07-01,2020-07-01
4161,2022-07-01,2020-07-01
1324,2022-11-01,2020-12-01
6862,2021-07-01,2021-06-01
5967,2023-02-01,2021-01-01
4838,2020-02-01,2020-02-01
1602,2022-03-01,2021-04-01
4425,2020-06-01,2020-06-01
7489,2023-08-01,2022-08-01
9197,2024-07-01,2024-07-01
4174,2021-06-01,2021-03-01
3875,2020-10-01,2020-10-01
2065,2022-10-01,2021-03-01
4734,2020-12-01,2020-12-01
5494,2021-07-01,2020-07-01
1378,2023-01-01,2021-06-01
9731,2023-06-01,2023-06-01
8437,2023-10-01,2023-05-01
1849,2022-02-01,2020-02-01
8086,2023-05-01,2022-10-01
5489,2021-01-01,2021-01-01
8644,2022-11-01,2021-04-01
1712,2022-05-01,2022-05-01
1769,2022-09-01,2022-09-01
9723,2021-08-01,2021-08-01
7420,2025-01-01,2022-06-01
1415,2024-01-01,2024-01-01
7943,2025-04-01,2025-04-01
4225,2020-12-01,2020-12-01
2029,2020-12-01,2020-12-01
1456,2022-07-01,2020-09-01
6477,2022-03-01,2020-11-01
2766,2025-04-01,2021-05-01
1891,2023-11-01,2020-02-01
4878,2024-05-01,2020-09-01
8184,2021-07-01,2021-07-01
8314,2025-03-01,2025-01-01
1994,2023-05-01,2021-03-01
6132,2021-04-01,2021-04-01
2065,2021-03-01,2021-03-01
8240,2021-09-01,2021-03-01
8075,2023-02-01,2022-05-01
1914,2020-01-01,2020-01-01
7249,2021-04-01,2021-04-01
7735,2022-07-01,2021-04-01
1173,2022-02-01,2022-02-01
8014,2021-01-01,2021-01-01
2659,2024-08-01,2022-07-01
1425,2021-06-01,2021-01-01
4153,2023-03-01,2020-02-01
2106,2025-03-01,2021-07-01
3064,2024-04-01,2024-04-01
6822,2020-06-01,2020-06-01
8284,2023-05-01,2020-07-01
1722,2022-05-01,2022-05-01
8140,2024-08-01,2023-11-01
6861,2023-07-01,2022-03-01
3385,2022-05-01,2022-05-01
6618,2022-10-01,2021-06-01
9481,2021-05-01,2021-05-01
3369,2021-06-01,2021-04-01
1894,2023-09-01,2020-11-01
4282,2023-06-01,2022-12-01
2120,2024-02-01,2024-02-01
8794,2024-04-01,2022-01-01
6425,2025-02-01,2023-02-01
6499,2023-04-01,2020-03-01
6384,2024-07-01,2020-11-01
1691,2020-09-01,2020-09-01
4654,2024-04-01,2024-04-01
4492,2024-06-01,2024-06-01
6431,2020-05-01,2020-05-01
4363,2021-06-01,2020-04-01
6944,2020-12-01,2020-12-01
1491,2023-05-01,2021-11-01
5760,2024-08-01,2020-08-01
6896,2024-02-01,2021-03-01
4262,2020-05-01,2020-05-01
4587,2024-03-01,2020-05-01
3855,2025-04-01,2021-02-01
5029,2021-04-01,2021-04-01
3884,2024-09-01,2021-08-01
1343,2021-11-01,2021-01-01
7208,2023-08-01,2020-07-01
6544,2022-10-01,2022-10-01
8474,2022-05-01,2021-10-01
3807,2020-04-01,2020-04-01
8106,2024-11-01,2024-09-01
2941,2020-01-01,2020-01-01
4107,2023-04-01,2021-10-01
7131,2022-03-01,2020-08-01
5006,2020-07-01,2020-07-01
4098,2021-07-01,2021-07-01
3434,2022-01-01,2022-01-01
5588,2020-03-01,2020-03-01
9011,2021-06-01,2020-02-01
8711,2023-12-01,2022-02-01
2062,2023-12-01,2023-12-01
9342,2020-11-01,2020-05-01
8606,2020-01-01,2020-01-01
7125,2022-07-01,2021-02-01
9106,2022-11-01,2022-11-01
7569,2022-09-01,2022-09-01
1599,2022-10-01,2022-10-01
8406,2022-03-01,2020-09-01
4581,2021-10-01,2021-06-01
3575,2023-12-01,2023-12-01
5170,2020-04-01,2020-04-01
2376,2024-05-01,2021-02-01
6760,2022-11-01,2022-02-01
8622,2020-04-01,2020-01-01
7981,2021-05-01,2021-05-01
7700,2022-10-01,2022-10-01
6194,2022-05-01,2020-10-01
3942,2025-03-01,2025-03-01
2243,2021-08-01,2021-08-01
5825,2021-07-01,2021-07-01
9956,2021-03-01,2021-03-01
4731,2021-12-01,2021-12-01
6902,2020-07-01,2020-07-01
6468,2022-12-01,2021-02-01
5096,2020-07-01,2020-07-01
5496,2022-11-01,2022-11-01
3258,2023-09-01,2021-02-01
9898,2025-04-01,2021-01-01
5906,2023-12-01,2022-05-01
7616,2022-06-01,2022-06-01
1194,2020-05-01,2020-01-01
3445,2020-11-01,2020-03-01
4717,2021-11-01,2021-11-01
8773,2023-06-01,2021-03-01
8679,2021-02-01,2021-02-01
6581,2023-05-01,2020-12-01
4077,2020-11-01,2020-11-01
7843,2025-03-01,2022-01-01
1493,2023-08-01,2023-08-01
3102,2021-10-01,2021-10-01
1158,2025-03-01,2025-03-01
6810,2022-11-01,2020-02-01
7974,2023-05-01,2022-11-01
9808,2022-07-01,2020-08-01
1380,2022-09-01,2020-09-01
3279,2021-03-01,2021-03-01
7404,2023-02-01,2020-10-01
7400,2024-07-01,2024-07-01
4085,2021-01-01,2021-01-01
8397,2024-03-01,2020-07-01
2527,2021-03-01,2020-09-01
3910,2023-07-01,2020-09-01
9005,2024-07-01,2024-05-01
2138,2022-04-01,2022-04-01
5650,2023-09-01,2021-02-01
9591,2024-01-01,2024-01-01
7039,2021-01-01,2021-01-01
6353,2024-06-01,2024-06-01
7407,2023-02-01,2022-02-01
3115,2021-12-01,2020-03-01
2126,2024-09-01,2024-09-01
3128,2021-06-01,2021-06-01
8081,2021-12-01,2021-12-01
8778,2021-07-01,2021-07-01
6084,2023-08-01,2020-09-01
8519,2022-08-01,2021-09-01
3337,2024-08-01,2024-08-01
5044,2021-02-01,2020-07-01
9043,2021-03-01,2021-01-01
1640,2023-05-01,2020-01-01
8476,2021-06-01,2021-06-01
5873,2020-04-01,2020-04-01
7800,2022-08-01,2022-08-01
8079,2021-07-01,2021-06-01
4005,2025-01-01,2020-06-01
7447,2020-10-01,2020-01-01
4927,2024-05-01,2024-05-01
5485,2020-08-01,2020-08-01
5782,2020-06-01,2020-06-01
4559,2021-12-01,2021-04-01
2986,2023-03-01,2020-07-01
2723,2024-02-01,2020-07-01
7719,2023-12-01,2023-12-01
4397,2021-08-01,2020-11-01
1437,2023-05-01,2023-05-01
8567,2020-05-01,2020-05-01
7542,2022-12-01,2022-06-01
1618,2023-11-01,2023-11-01
3236,2023-07-01,2023-07-01
8606,2020-04-01,2020-01-01
2352,2023-11-01,2021-08-01
8171,2023-01-01,2021-09-01
3643,2020-06-01,2020-06-01
2646,2023-06-01,2022-03-01
9759,2023-11-01,2023-11-01
2271,2023-07-01,2023-07-01
5476,2024-04-01,2022-02-01
3915,2024-08-01,2021-05-01
9721,2024-12-01,2022-04-01
1782,2022-04-01,2020-05-01
2684,2024-03-01,2021-10-01
8274,2022-01-01,2020-08-01
1797,2025-01-01,2021-06-01
5091,2022-03-01,2022-03-01
4276,2023-06-01,2023-06-01
1457,2024-01-01,2020-11-01
4148,2023-03-01,2023-03-01
4613,2020-01-01,2020-01-01
3750,2024-03-01,2024-03-01
7810,2024-10-01,2020-01-01
6286,2022-12-01,2021-06-01
4393,2020-04-01,2020-04-01
8010,2024-04-01,2024-04-01
2734,2021-05-01,2020-01-01
1245,2024-06-01,2024-06-01
1196,2023-10-01,2020-08-01
4606,2022-12-01,2022-12-01
7045,2022-06-01,2022-06-01
7735,2025-01-01,2021-04-01
9185,2022-09-01,2021-05-01
9784,2023-05-01,2023-05-01
3809,2020-02-01,2020-02-01
6314,2020-02-01,2020-02-01
7366,2024-12-01,2020-09-01
3177,2022-08-01,2022-08-01
6209,2024-05-01,2022-02-01
8899,2021-01-01,2021-01-01
8354,2024-01-01,2020-04-01
4808,2021-10-01,2020-08-01
1217,2022-08-01,2020-02-01
3032,2024-10-01,2021-10-01
8020,2021-07-01,2021-07-01
2300,2024-11-01,2021-06-01
9171,2021-10-01,2020-08-01
7156,2025-03-01,2022-03-01
4900,2020-10-01,2020-10-01
8270,2020-04-01,2020-04-01
3199,2022-08-01,2022-08-01
1648,2024-12-01,2022-05-01
5726,2022-02-01,2022-02-01
6427,2021-08-01,2021-08-01
9836,2021-06-01,2021-06-01
5068,2020-05-01,2020-05-01
4644,2024-07-01,2022-02-01
9543,2022-05-01,2020-10-01
1099,2024-03-01,2021-01-01
2146,2020-06-01,2020-06-01
3318,2022-04-01,2020-12-01
2503,2024-03-01,2024-03-01
4348,2020-02-01,2020-02-01
7983,2023-04-01,2020-01-01
3689,2020-04-01,2020-04-01
7947,2022-09-01,2021-12-01
5966,2025-03-01,2025-03-01
4299,2021-02-01,2021-02-01
2310,2023-12-01,2020-08-01
7524,2020-05-01,2020-05-01
8231,2024-01-01,2020-12-01
8101,2024-10-01,2022-07-01
1324,2020-12-01,2020-12-01
2363,2023-01-01,2023-01-01
9801,2023-08-01,2021-09-01
3878,2021-09-01,2021-09-01
6011,2020-02-01,2020-02-01
8878,2022-06-01,2022-06-01
8688,2024-09-01,2023-09-01
1068,2024-09-01,2024-09-01
7131,2023-02-01,2020-08-01
7465,2020-08-01,2020-08-01
7292,2020-08-01,2020-01-01
2167,2020-12-01,2020-12-01
3039,2021-03-01,2021-03-01
3660,2024-06-01,2024-05-01
5182,2020-07-01,2020-07-01
6711,2023-06-01,2021-10-01
7032,2021-03-01,2021-03-01
7313,2024-08-01,2021-10-01
5043,2023-12-01,2022-04-01
6921,2023-04-01,2023-04-01
1462,2022-08-01,2022-08-01
3422,2021-03-01,2021-03-01
3414,2021-08-01,2020-02-01
3644,2022-08-01,2020-12-01
7297,2022-05-01,2022-05-01
2316,2020-04-01,2020-04-01
7929,2022-11-01,2021-11-01
5143,2025-03-01,2023-03-01
9735,2020-08-01,2020-08-01
6045,2021-12-01,2021-12-01
2456,2020-11-01,2020-11-01
6642,2022-08-01,2021-08-01
4432,2020-02-01,2020-02-01
6047,2022-03-01,2022-03-01
9056,2023-01-01,2023-01-01
7845,2020-01-01,2020-01-01
5724,2020-05-01,2020-05-01
3890,2020-03-01,2020-03-01
3200,2021-03-01,2021-01-01
9234,2020-03-01,2020-03-01
4482,2022-11-01,2022-07-01
3993,2021-11-01,2020-11-01
5249,2022-02-01,2020-12-01
8220,2023-12-01,2023-12-01
2789,2020-10-01,2020-10-01
2307,2021-10-01,2020-09-01
3042,2020-03-01,2020-03-01
1486,2020-11-01,2020-11-01
8949,2022-12-01,2022-05-01
1155,2022-12-01,2020-10-01
1685,2022-10-01,2022-10-01
1118,2023-04-01,2020-05-01
5355,2020-08-01,2020-08-01
6521,2023-12-01,2020-11-01
7074,2024-05-01,2024-05-01
6164,2023-04-01,2023-02-01
7528,2023-09-01,2023-09-01
6833,2021-05-01,2020-07-01
1050,2024-05-01,2023-03-01
7583,2023-07-01,2023-07-01
1420,2024-12-01,2020-04-01
5578,2022-01-01,2022-01-01
7036,2021-01-01,2021-01-01
8785,2020-10-01,2020-10-01
4079,2021-05-01,2021-05-01
6278,2021-09-01,2021-09-01
1749,2022-05-01,2020-02-01
6333,2023-01-01,2021-09-01
8938,2023-03-01,2021-01-01
2333,2020-07-01,2020-07-01
2645,2022-03-01,2022-03-01
4196,2021-06-01,2021-06-01
9267,2021-05-01,2021-05-01
2426,2021-09-01,2021-07-01
9990,2023-05-01,2023-05-01
3753,2024-01-01,2021-09-01
8899,2023-08-01,2021-01-01
4987,2021-10-01,2021-10-01
2465,2021-10-01,2021-03-01
1478,2024-02-01,2023-09-01
7283,2020-06-01,2020-06-01
5220,2022-06-01,2022-06-01
3016,2024-12-01,2022-08-01
9060,2023-04-01,2023-04-01
6452,2020-10-01,2020-10-01
2059,2023-01-01,2022-03-01
7252,2024-12-01,2021-04-01
8159,2021-02-01,2021-02-01
5244,2021-05-01,2020-11-01
2824,2021-03-01,2021-03-01
4082,2024-09-01,2024-09-01
7025,2024-11-01,2020-06-01
7229,2023-08-01,2021-03-01
6092,2020-10-01,2020-10-01
4110,2023-04-01,2022-11-01
6237,2025-01-01,2021-11-01
3069,2020-02-01,2020-02-01
4639,2020-04-01,2020-04-01
9819,2020-01-01,2020-01-01
3370,2021-09-01,2021-09-01
4586,2020-11-01,2020-11-01
3415,2024-09-01,2021-02-01
1562,2020-03-01,2020-03-01
9230,2024-07-01,2021-01-01
5480,2021-09-01,2020-03-01
8836,2021-12-01,2020-03-01
9110,2022-11-01,2022-11-01
1963,2021-10-01,2021-03-01
3501,2023-11-01,2023-11-01
4687,2021-12-01,2021-12-01
3933,2021-11-01,2021-11-01
7419,2022-07-01,2022-07-01
3608,2021-07-01,2021-07-01
7427,2021-09-01,2021-09-01
8756,2024-11-01,2020-07-01
7407,2022-09-01,2022-02-01
5637,2020-03-01,2020-03-01
9978,2024-05-01,2022-07-01
6298,2024-07-01,2020-02-01
1886,2024-05-01,2020-08-01
5981,2024-01-01,2021-09-01
3253,2024-08-01,2022-07-01
5769,2021-03-01,2021-03-01
4573,2022-09-01,2022-09-01
1149,2023-07-01,2023-07-01
2670,2020-02-01,2020-02-01
7169,2024-03-01,2020-08-01
3756,2021-03-01,2021-03-01
6825,2024-09-01,2021-05-01
1859,2024-05-01,2020-12-01
6545,2024-07-01,2024-01-01
7619,2023-02-01,2023-02-01
4946,2025-01-01,2021-10-01
3826,2022-11-01,2022-10-01
2468,2021-03-01,2020-06-01
7260,2020-11-01,2020-11-01
8292,2024-11-01,2020-07-01
2910,2020-11-01,2020-11-01
9351,2025-01-01,2024-08-01
8856,2023-01-01,2023-01-01
2549,2022-08-01,2022-08-01
7290,2021-07-01,2021-07-01
8105,2024-05-01,2023-06-01
2629,2020-09-01,2020-09-01
9806,2020-08-01,2020-08-01
1323,2024-06-01,2023-06-01
9684,2022-06-01,2020-01-01
9830,2021-03-01,2021-03-01
3033,2022-12-01,2022-12-01
2922,2021-01-01,2020-06-01
3948,2022-01-01,2022-01-01
6149,2020-06-01,2020-06-01
4378,2022-05-01,2022-05-01
5206,2020-10-01,2020-10-01
2386,2021-12-01,2020-06-01
5891,2022-04-01,2021-05-01
3811,2022-06-01,2020-10-01
1001,2023-10-01,2020-06-01
9510,2024-11-01,2024-07-01
9750,2022-10-01,2020-05-01
9035,2021-05-01,2021-05-01
6769,2024-10-01,2021-11-01
4438,2024-05-01,2022-02-01
1732,2020-11-01,2020-11-01
3321,2024-06-01,2023-08-01
3198,2022-06-01,2022-06-01
6882,2020-03-01,2020-03-01
7914,2022-09-01,2021-07-01
5270,2024-11-01,2022-05-01
7554,2024-01-01,2021-08-01
7968,2022-04-01,2022-04-01
9780,2022-01-01,2022-01-01
5413,2020-03-01,2020-02-01
4156,2021-07-01,2021-05-01
9379,2023-05-01,2022-07-01
3514,2022-04-01,2020-10-01
7208,2023-01-01,2020-07-01
5055,2021-08-01,2021-08-01
9707,2023-10-01,2020-10-01
7664,2024-01-01,2024-01-01
2457,2022-01-01,2022-01-01
5476,2025-03-01,2022-02-01
5483,2020-05-01,2020-05-01
4640,2021-11-01,2021-11-01
3023,2024-10-01,2021-09-01
6022,2022-06-01,2021-12-01
2565,2022-10-01,2022-10-01
5620,2025-04-01,2022-12-01
2623,2022-09-01,2022-09-01
6210,2021-07-01,2021-03-01
3960,2020-12-01,2020-08-01
9711,2020-08-01,2020-08-01
8812,2023-03-01,2020-06-01
1155,2020-12-01,2020-10-01
3547,2023-12-01,2023-12-01
7206,2021-08-01,2021-08-01
1866,2021-02-01,2021-02-01
7064,2022-07-01,2022-07-01
7852,2021-09-01,2021-09-01
8191,2025-02-01,2022-10-01
9228,2020-10-01,2020-10-01
9529,2020-02-01,2020-02-01
6000,2020-12-01,2020-12-01
6007,2022-05-01,2022-02-01
2476,2022-09-01,2020-09-01
4932,2022-04-01,2021-02-01
1940,2022-01-01,2022-01-01
9074,2022-11-01,2020-04-01
7946,2020-03-01,2020-03-01
3235,2024-08-01,2024-08-01
9722,2021-04-01,2021-04-01
1227,2023-05-01,2021-05-01
1119,2021-03-01,2020-01-01
9754,2021-07-01,2021-07-01
9652,2024-10-01,2020-11-01
8350,2022-03-01,2021-05-01
9577,2024-06-01,2020-01-01
2230,2023-11-01,2020-08-01
9416,2020-04-01,2020-04-01
7925,2023-12-01,2023-12-01
7115,2022-07-01,2022-07-01
5092,2024-10-01,2024-10-01
5752,2023-06-01,2023-06-01
5337,2025-03-01,2025-03-01
7449,2022-05-01,2022-02-01
9446,2022-03-01,2022-03-01
8586,2022-02-01,2020-09-01
1942,2024-12-01,2020-10-01
8542,2020-03-01,2020-03-01
2755,2024-03-01,2021-11-01
4050,2020-11-01,2020-11-01
2660,2021-10-01,2021-10-01
2388,2025-03-01,2022-10-01
7729,2021-12-01,2021-12-01
1113,2020-01-01,2020-01-01
5098,2024-01-01,2021-03-01
7132,2020-01-01,2020-01-01
3984,2024-03-01,2021-09-01
2780,2021-12-01,2020-10-01
8198,2021-07-01,2020-10-01
8110,2024-02-01,2022-12-01
4251,2022-05-01,2022-02-01
1659,2024-11-01,2021-11-01
6426,2023-11-01,2022-08-01
4260,2020-12-01,2020-12-01
5354,2023-05-01,2022-06-01
9119,2025-04-01,2020-02-01
3087,2021-02-01,2020-06-01
9222,2022-10-01,2022-07-01
7370,2020-12-01,2020-12-01
1346,2024-12-01,2021-01-01
9192,2025-03-01,2020-12-01
4874,2025-01-01,2022-04-01
8039,2023-11-01,2021-05-01
1131,2021-04-01,2021-04-01
5623,2020-10-01,2020-10-01
5059,2020-02-01,2020-02-01
9376,2021-09-01,2021-09-01
2884,2020-07-01,2020-07-01
5052,2022-04-01,2022-04-01
4250,2023-06-01,2021-05-01
9230,2021-03-01,2021-01-01
3436,2021-07-01,2021-07-01
7574,2023-06-01,2022-05-01
3395,2021-11-01,2021-11-01
4270,2022-01-01,2020-03-01
7231,2024-02-01,2024-02-01
4791,2023-09-01,2020-09-01
8851,2020-03-01,2020-03-01
1846,2023-08-01,2023-08-01
6956,2020-07-01,2020-07-01
7849,2022-01-01,2022-01-01
3977,2023-07-01,2021-01-01
6269,2024-07-01,2020-09-01
5590,2022-04-01,2022-04-01
8059,2024-07-01,2024-07-01
6956,2021-03-01,2020-07-01
2587,2024-09-01,2024-09-01
3134,2025-03-01,2025-03-01
6920,2022-05-01,2022-05-01
9664,2022-11-01,2021-10-01
5521,2021-01-01,2021-01-01
2429,2020-08-01,2020-08-01
2971,2024-06-01,2021-07-01
4120,2025-01-01,2020-06-01
2616,2020-05-01,2020-05-01
6618,2024-07-01,2021-06-01
4309,2022-01-01,2020-08-01
1717,2021-10-01,2021-10-01
5137,2022-08-01,2022-08-01
6690,2020-04-01,2020-04-01
2923,2024-01-01,2022-09-01
8910,2023-02-01,2021-12-01
1358,2020-06-01,2020-06-01
3112,2022-04-01,2022-04-01
1996,2023-03-01,2021-11-01
4116,2021-06-01,2021-06-01
9110,2023-08-01,2022-11-01
2228,2023-06-01,2023-05-01
7293,2024-02-01,2021-06-01
7567,2022-09-01,2020-01-01
4015,2021-04-01,2021-04-01
4568,2023-05-01,2020-12-01
9401,2023-07-01,2023-07-01
9602,2022-09-01,2020-06-01
5855,2025-04-01,2025-04-01
2951,2022-08-01,2020-10-01
9741,2022-02-01,2021-12-01
3427,2021-01-01,2021-01-01
3178,2023-02-01,2023-02-01
5079,2025-04-01,2020-05-01
9758,2022-08-01,2022-08-01
6692,2020-03-01,2020-03-01
6317,2023-07-01,2020-06-01
9999,2021-11-01,2021-11-01
7690,2025-04-01,2024-03-01
6318,2024-01-01,2020-02-01
1170,2020-08-01,2020-08-01
5582,2022-12-01,2020-11-01
9804,2024-09-01,2020-05-01
2743,2020-02-01,2020-02-01
7258,2020-09-01,2020-09-01
4377,2024-12-01,2024-05-01
6312,2023-08-01,2023-08-01
7479,2023-07-01,2021-11-01
8109,2022-12-01,2022-12-01
2535,2021-06-01,2021-06-01
4031,2022-03-01,2021-05-01
4094,2021-11-01,2021-11-01
3955,2020-09-01,2020-09-01
6081,2022-06-01,2022-06-01
7458,2020-10-01,2020-10-01
2137,2021-08-01,2021-08-01
5018,2022-08-01,2022-08-01
7594,2024-12-01,2021-07-01
3249,2025-01-01,2020-11-01
2633,2023-12-01,2021-03-01
2802,2020-11-01,2020-11-01
1716,2020-05-01,2020-01-01
5385,2025-03-01,2022-01-01
1221,2023-01-01,2022-09-01
2742,2022-09-01,2022-09-01
2392,2020-04-01,2020-04-01
8279,2020-09-01,2020-09-01
6435,2023-08-01,2020-01-01
1915,2021-04-01,2021-04-01
9906,2020-10-01,2020-10-01
2684,2022-09-01,2021-10-01
9381,2021-04-01,2021-04-01
3323,2020-10-01,2020-10-01
1393,2022-09-01,2022-09-01
3414,2021-10-01,2020-02-01
4700,2022-03-01,2020-06-01
7303,2024-11-01,2021-04-01
2841,2020-07-01,2020-07-01
4678,2020-10-01,2020-10-01
6854,2021-01-01,2021-01-01
2939,2023-12-01,2020-05-01
1710,2023-09-01,2020-03-01
8022,2021-07-01,2021-07-01
3971,2020-06-01,2020-06-01
5940,2021-06-01,2021-06-01
6707,2023-03-01,2023-03-01
9179,2023-06-01,2020-11-01
2251,2020-11-01,2020-03-01
3401,2024-03-01,2024-03-01
8318,2021-06-01,2021-06-01
2102,2020-02-01,2020-02-01
5562,2021-11-01,2021-03-01
3089,2021-06-01,2021-06-01
6777,2020-04-01,2020-04-01
8885,2020-03-01,2020-03-01
6463,2024-02-01,2020-09-01
5028,2020-06-01,2020-06-01
9144,2022-06-01,2022-06-01
9724,2020-03-01,2020-03-01
7301,2024-08-01,2021-06-01
7911,2021-06-01,2021-06-01
4593,2020-12-01,2020-12-01
6926,2025-02-01,2020-08-01
6937,2023-07-01,2023-07-01
2804,2020-06-01,2020-06-01
6912,2021-12-01,2021-12-01
5828,2023-11-01,2023-02-01
7898,2022-11-01,2022-11-01
1915,2023-12-01,2021-04-01
3344,2021-03-01,2021-03-01
7958,2023-06-01,2021-12-01
2736,2022-02-01,2022-02-01
8812,2023-04-01,2020-06-01
1494,2025-04-01,2022-08-01
2294,2022-08-01,2022-08-01
7823,2025-02-01,2023-09-01
8696,2020-09-01,2020-09-01
9641,2024-11-01,2024-11-01
8703,2020-09-01,2020-09-01
8274,2020-08-01,2020-08-01
1216,2020-04-01,2020-04-01
1983,2023-10-01,2021-10-01
3843,2022-08-01,2020-01-01
7494,2022-10-01,2022-10-01
8443,2021-07-01,2021-07-01
9222,2023-08-01,2022-07-01
7941,2021-10-01,2021-10-01
2506,2023-07-01,2022-11-01
4471,2022-04-01,2021-04-01
4586,2025-03-01,2020-11-01
2264,2023-03-01,2023-03-01
8821,2020-02-01,2020-02-01
7637,2024-05-01,2021-11-01
1895,2024-04-01,2020-08-01
7950,2022-07-01,2021-06-01
2710,2020-01-01,2020-01-01
6496,2023-04-01,2021-11-01
3666,2020-05-01,2020-05-01
4471,2021-04-01,2021-04-01
4075,2022-01-01,2021-05-01
1530,2024-10-01,2022-03-01
1735,2020-02-01,2020-02-01
1748,2024-02-01,2024-02-01
6056,2020-02-01,2020-02-01
5626,2024-01-01,2024-01-01
4192,2022-08-01,2022-08-01
6830,2023-11-01,2022-02-01
2595,2023-09-01,2020-07-01
9250,2023-04-01,2022-05-01
1388,2020-02-01,2020-02-01
8814,2021-05-01,2021-05-01
5753,2021-06-01,2020-04-01
8587,2024-03-01,2024-03-01
2528,2020-02-01,2020-02-01
4533,2021-08-01,2021-08-01
3307,2022-09-01,2020-11-01
9218,2024-04-01,2024-01-01
9573,2020-02-01,2020-02-01
8331,2021-12-01,2021-12-01
5765,2024-10-01,2022-02-01
1655,2024-12-01,2024-12-01
7350,2020-07-01,2020-07-01
2228,2023-05-01,2023-05-01
9151,2024-09-01,2024-06-01
3336,2021-12-01,2021-11-01
9964,2023-09-01,2021-10-01
9174,2023-05-01,2021-02-01
3780,2023-08-01,2021-06-01
2116,2022-08-01,2020-05-01
6789,2023-01-01,2023-01-01
8548,2021-05-01,2020-10-01
5194,2025-03-01,2021-06-01
3301,2022-10-01,2022-10-01
8999,2021-07-01,2020-03-01
7568,2021-01-01,2021-01-01
3113,2022-09-01,2020-05-01
6138,2024-03-01,2024-03-01
7769,2022-02-01,2022-02-01
1699,2021-12-01,2021-12-01
1934,2022-03-01,2020-09-01
1130,2021-09-01,2021-06-01
5762,2022-06-01,2021-12-01
7541,2024-12-01,2020-08-01
7360,2020-05-01,2020-05-01
2531,2020-06-01,2020-01-01
9767,2024-12-01,2024-06-01
2787,2024-08-01,2022-06-01
2775,2020-08-01,2020-08-01
8096,2025-01-01,2020-10-01
2056,2024-05-01,2024-05-01
8967,2020-05-01,2020-05-01
8802,2025-02-01,2020-08-01
1627,2021-05-01,2021-05-01
3384,2022-05-01,2020-03-01
1513,2021-06-01,2020-12-01
2022,2023-10-01,2020-09-01
8046,2022-05-01,2022-02-01
1886,2020-09-01,2020-08-01
7929,2021-11-01,2021-11-01
3885,2023-11-01,2020-11-01
5487,2024-06-01,2024-06-01
8396,2020-01-01,2020-01-01
4507,2020-01-01,2020-01-01
4015,2023-02-01,2021-04-01
8021,2023-04-01,2023-04-01
3695,2023-08-01,2023-07-01
8890,2021-08-01,2020-11-01
3632,2021-01-01,2021-01-01
6811,2021-08-01,2021-08-01
7375,2023-02-01,2023-02-01
4253,2025-04-01,2025-04-01
3369,2021-04-01,2021-04-01
6185,2022-12-01,2022-09-01
3416,2020-03-01,2020-03-01
2861,2024-01-01,2020-01-01
7658,2020-08-01,2020-08-01
1060,2021-09-01,2021-09-01
8361,2025-01-01,2020-03-01
2596,2020-06-01,2020-06-01
4074,2020-08-01,2020-08-01
3721,2022-04-01,2020-12-01
6703,2022-11-01,2021-07-01
1235,2022-04-01,2021-05-01
1265,2023-09-01,2022-07-01
9226,2021-03-01,2020-10-01
9177,2022-03-01,2020-12-01
7783,2020-05-01,2020-05-01
9887,2023-07-01,2022-11-01
2857,2021-03-01,2021-03-01
8018,2022-12-01,2022-12-01
3664,2024-08-01,2024-02-01
5669,2024-02-01,2020-08-01
8167,2020-07-01,2020-07-01
2625,2024-09-01,2022-02-01
2468,2022-08-01,2020-06-01
7738,2020-12-01,2020-12-01
9924,2023-11-01,2021-02-01
9247,2020-04-01,2020-04-01
5749,2024-01-01,2021-08-01
4651,2022-12-01,2021-09-01
7243,2021-06-01,2021-06-01
3038,2025-01-01,2022-07-01
7765,2025-03-01,2022-02-01
7484,2021-06-01,2021-06-01
4668,2023-04-01,2023-04-01
5333,2020-08-01,2020-08-01
4957,2024-06-01,2020-11-01
1535,2020-04-01,2020-04-01
7134,2021-09-01,2021-09-01
6201,2022-02-01,2020-01-01
8045,2024-05-01,2020-11-01
4156,2021-05-01,2021-05-01
1845,2023-10-01,2022-03-01
8030,2022-05-01,2022-05-01
7396,2021-09-01,2021-09-01
7604,2022-04-01,2022-04-01
3595,2020-12-01,2020-12-01
3069,2020-10-01,2020-02-01
7422,2023-05-01,2023-05-01
5263,2020-12-01,2020-12-01
6282,2023-06-01,2023-06-01
1420,2020-07-01,2020-04-01
3507,2022-08-01,2020-04-01
9907,2025-01-01,2020-07-01
7265,2024-07-01,2020-01-01
3138,2020-09-01,2020-09-01
6867,2020-07-01,2020-07-01
4633,2020-11-01,2020-11-01
5018,2023-09-01,2022-08-01
5267,2022-12-01,2021-06-01
2359,2020-12-01,2020-12-01
1379,2023-11-01,2021-06-01
2694,2022-07-01,2022-07-01
3010,2022-12-01,2022-12-01
5292,2022-05-01,2022-05-01
2267,2021-05-01,2020-05-01
4407,2021-04-01,2021-01-01
1359,2021-06-01,2021-06-01
2250,2024-05-01,2020-04-01
7148,2024-07-01,2020-01-01
8387,2022-09-01,2022-09-01
5894,2024-12-01,2024-12-01
1515,2024-11-01,2021-06-01
6681,2024-07-01,2020-07-01
9953,2023-02-01,2022-10-01
5169,2024-11-01,2020-12-01
1484,2020-08-01,2020-06-01
9384,2024-01-01,2021-02-01
6978,2021-10-01,2021-10-01
1483,2022-08-01,2021-08-01
2367,2024-10-01,2021-10-01
5384,2023-12-01,2023-12-01
2506,2022-11-01,2022-11-01
5822,2023-07-01,2023-07-01
8144,2023-01-01,2020-05-01
4163,2022-03-01,2022-03-01
5605,2020-01-01,2020-01-01
6105,2022-07-01,2020-02-01
8992,2023-09-01,2020-12-01
7942,2022-05-01,2022-05-01
6222,2023-06-01,2023-06-01
7275,2024-01-01,2024-01-01
6782,2024-05-01,2021-10-01
2052,2021-05-01,2021-05-01
9378,2023-06-01,2020-10-01
5808,2022-06-01,2022-01-01
9691,2021-01-01,2020-10-01
2878,2025-03-01,2025-03-01
8035,2023-10-01,2022-06-01
5019,2024-03-01,2021-04-01
7089,2021-07-01,2020-09-01
3003,2020-11-01,2020-11-01
1178,2022-10-01,2022-10-01
8624,2023-11-01,2021-03-01
4811,2021-12-01,2021-12-01
5646,2024-04-01,2020-11-01
4562,2022-11-01,2021-11-01
2225,2020-01-01,2020-01-01
7909,2022-02-01,2021-08-01
6206,2020-05-01,2020-05-01
4229,2022-08-01,2022-04-01
9169,2021-12-01,2021-12-01
7901,2020-04-01,2020-04-01
3803,2023-04-01,2023-02-01
7272,2023-05-01,2020-06-01
5670,2022-10-01,2021-03-01
1076,2020-06-01,2020-06-01
3147,2022-06-01,2022-06-01
1606,2020-04-01,2020-04-01
1640,2023-01-01,2020-01-01
2137,2023-06-01,2021-08-01
5931,2024-02-01,2024-02-01
7559,2020-01-01,2020-01-01
9090,2021-11-01,2021-11-01
5889,2024-08-01,2021-08-01
9082,2020-03-01,2020-03-01
7126,2020-07-01,2020-07-01
1479,2025-02-01,2025-02-01
3273,2020-03-01,2020-03-01
8138,2021-11-01,2021-11-01
4131,2023-08-01,2023-08-01
9807,2023-05-01,2023-05-01
1860,2021-07-01,2021-06-01
2815,2022-08-01,2020-01-01
2229,2020-10-01,2020-04-01
7218,2020-03-01,2020-03-01
3257,2022-06-01,2020-04-01
3069,2021-02-01,2020-02-01
7771,2024-10-01,2023-07-01
3004,2023-02-01,2023-02-01
8830,2021-09-01,2021-09-01
6274,2023-02-01,2021-11-01
4700,2020-06-01,2020-06-01
2356,2020-08-01,2020-08-01
4373,2021-08-01,2020-01-01
9103,2024-03-01,2024-03-01
4541,2024-11-01,2021-02-01
4078,2020-07-01,2020-07-01
4418,2023-02-01,2023-02-01
9420,2024-08-01,2022-05-01
8438,2023-11-01,2023-02-01
2731,2025-01-01,2025-01-01
6957,2022-05-01,2020-02-01
9412,2023-06-01,2022-06-01
4079,2024-10-01,2021-05-01
3690,2023-05-01,2020-09-01
2672,2024-01-01,2024-01-01
2805,2022-04-01,2020-09-01
4064,2024-07-01,2024-07-01
9698,2023-08-01,2020-03-01
2938,2020-09-01,2020-09-01
6806,2022-02-01,2022-02-01
7503,2020-09-01,2020-09-01
6467,2020-12-01,2020-05-01
7058,2021-04-01,2021-04-01
7267,2020-08-01,2020-08-01
4177,2022-11-01,2020-09-01
3894,2020-08-01,2020-08-01
9087,2021-11-01,2021-11-01
1817,2021-01-01,2021-01-01
4597,2024-07-01,2024-07-01
5361,2021-03-01,2021-03-01
2655,2024-02-01,2021-08-01
7628,2022-10-01,2022-10-01
4602,2024-06-01,2024-04-01
5395,2021-05-01,2021-05-01
4335,2022-06-01,2020-03-01
5718,2023-01-01,2020-05-01
4032,2021-07-01,2020-06-01
8811,2021-03-01,2021-03-01
4909,2021-05-01,2020-07-01
2137,2022-05-01,2021-08-01
8458,2021-06-01,2020-03-01
8775,2021-11-01,2021-11-01
3908,2022-01-01,2022-01-01
3797,2022-09-01,2022-09-01
6769,2021-11-01,2021-11-01
1016,2020-09-01,2020-09-01
8742,2022-02-01,2021-09-01
5762,2022-04-01,2021-12-01
9243,2022-01-01,2020-01-01
2538,2025-02-01,2025-02-01
6499,2020-03-01,2020-03-01
6747,2020-09-01,2020-09-01
8970,2023-10-01,2023-10-01
1222,2024-02-01,2024-02-01
6467,2020-05-01,2020-05-01
8935,2020-08-01,2020-08-01
9508,2023-10-01,2023-10-01
3423,2024-03-01,2023-10-01
3320,2020-10-01,2020-01-01
5003,2020-04-01,2020-04-01
8056,2020-10-01,2020-10-01
2462,2022-11-01,2020-09-01
2768,2021-10-01,2021-10-01
9927,2024-09-01,2024-09-01
9632,2023-06-01,2020-09-01
6715,2021-10-01,2021-03-01
7836,2023-08-01,2023-08-01
6067,2022-04-01,2020-06-01
9520,2021-10-01,2021-10-01
3014,2020-04-01,2020-04-01
6685,2020-08-01,2020-08-01
9174,2021-02-01,2021-02-01
8640,2024-09-01,2024-09-01
5747,2020-05-01,2020-05-01
3664,2024-03-01,2024-02-01
2058,2021-03-01,2021-03-01
8436,2021-08-01,2021-04-01
3022,2021-12-01,2020-02-01
1083,2020-05-01,2020-05-01
1010,2023-12-01,2020-07-01
6737,2021-07-01,2021-07-01
3540,2021-08-01,2021-08-01
5434,2021-08-01,2021-08-01
4223,2023-08-01,2022-05-01
5764,2024-05-01,2021-06-01
6810,2024-01-01,2020-02-01
7328,2022-12-01,2020-03-01
5280,2023-12-01,2021-05-01
6091,2024-08-01,2021-12-01
6283,2025-02-01,2025-02-01
4268,2023-05-01,2021-04-01
4268,2021-12-01,2021-04-01
5871,2025-03-01,2025-03-01
8555,2023-06-01,2021-02-01
8158,2025-01-01,2022-09-01
8240,2023-02-01,2021-03-01
6858,2023-04-01,2021-03-01
8643,2021-02-01,2021-02-01
8557,2021-06-01,2021-06-01
1432,2024-03-01,2021-10-01
2448,2021-12-01,2020-03-01
5954,2020-08-01,2020-08-01
9391,2024-02-01,2021-07-01
9900,2024-10-01,2020-08-01
1877,2023-12-01,2023-12-01
3063,2021-06-01,2021-06-01
8582,2022-07-01,2022-07-01
8540,2020-01-01,2020-01-01
1896,2022-12-01,2022-12-01
2753,2025-03-01,2020-10-01
5760,2021-02-01,2020-08-01
6428,2023-10-01,2020-12-01
9369,2025-01-01,2021-02-01
4359,2020-02-01,2020-02-01
9115,2024-05-01,2020-01-01
3535,2023-10-01,2020-08-01
1105,2021-07-01,2020-02-01
4288,2022-03-01,2022-03-01
3507,2020-07-01,2020-04-01
9516,2023-04-01,2020-06-01
2697,2022-05-01,2020-10-01
8271,2024-01-01,2020-04-01
5913,2022-03-01,2020-04-01
4849,2024-10-01,2024-10-01
5264,2022-02-01,2020-03-01
8194,2022-06-01,2022-03-01
3018,2022-02-01,2022-02-01
1354,2024-06-01,2023-04-01
4943,2023-02-01,2022-08-01
9956,2021-08-01,2021-03-01
5751,2025-04-01,2022-09-01
9076,2024-05-01,2021-10-01
7409,2022-02-01,2022-02-01
8601,2020-05-01,2020-05-01
3427,2021-09-01,2021-01-01
2968,2024-01-01,2024-01-01
5960,2021-01-01,2021-01-01
8282,2022-08-01,2020-08-01
3282,2020-09-01,2020-05-01
8509,2021-06-01,2020-01-01
6861,2022-08-01,2022-03-01
4453,2020-05-01,2020-05-01
9602,2022-11-01,2020-06-01
3858,2024-09-01,2022-11-01
6558,2022-07-01,2022-07-01
5560,2020-09-01,2020-09-01
5963,2023-04-01,2021-03-01
8925,2021-03-01,2020-02-01
3955,2021-05-01,2020-09-01
9608,2020-05-01,2020-05-01
6309,2021-06-01,2021-06-01
6703,2024-10-01,2021-07-01
2107,2021-07-01,2021-07-01
3607,2023-07-01,2023-07-01
2740,2023-07-01,2022-05-01
8805,2021-07-01,2021-07-01
4876,2023-04-01,2021-10-01
7292,2020-01-01,2020-01-01
2054,2025-01-01,2020-07-01
2875,2021-03-01,2021-03-01
2194,2023-01-01,2021-03-01
1482,2024-05-01,2024-05-01
2763,2025-04-01,2021-06-01
3182,2021-01-01,2021-01-01
4272,2023-06-01,2022-04-01
8168,2022-03-01,2022-03-01
4296,2023-10-01,2020-05-01
9659,2021-07-01,2021-07-01
2409,2024-09-01,2022-01-01
2576,2024-12-01,2024-12-01
1085,2022-05-01,2021-07-01
9955,2023-01-01,2020-05-01
4036,2024-04-01,2020-07-01
9653,2025-03-01,2022-12-01
8761,2022-06-01,2022-06-01
3258,2021-02-01,2021-02-01
8004,2022-12-01,2021-11-01
2280,2023-04-01,2023-04-01
5886,2021-07-01,2021-07-01
4777,2020-02-01,2020-02-01
6421,2021-05-01,2021-05-01
5118,2020-07-01,2020-07-01
2113,2020-02-01,2020-02-01
5719,2025-04-01,2021-01-01
4955,2024-12-01,2020-01-01
9192,2025-03-01,2020-12-01
1928,2020-06-01,2020-01-01
8716,2020-06-01,2020-06-01
1491,2021-11-01,2021-11-01
5274,2024-07-01,2024-07-01
3282,2020-12-01,2020-05-01
6400,2023-02-01,2020-01-01
2021,2023-05-01,2023-05-01
1579,2020-10-01,2020-10-01
7819,2020-01-01,2020-01-01
2320,2023-11-01,2020-02-01
3121,2020-02-01,2020-02-01
2704,2025-04-01,2025-04-01
4690,2020-05-01,2020-05-01
8824,2023-02-01,2021-01-01
1351,2023-04-01,2021-03-01
4214,2021-02-01,2021-02-01
1296,2025-04-01,2023-03-01
7342,2024-08-01,2022-09-01
3051,2021-01-01,2021-01-01
3257,2024-02-01,2020-04-01
7024,2024-08-01,2020-04-01
8152,2024-07-01,2024-07-01
4801,2021-01-01,2020-02-01
4721,2021-01-01,2021-01-01
1750,2025-04-01,2021-01-01
5094,2022-04-01,2022-04-01
1928,2020-01-01,2020-01-01
5630,2023-09-01,2022-06-01
5001,2025-01-01,2025-01-01
7517,2020-03-01,2020-03-01
2258,2020-01-01,2020-01-01
4372,2021-04-01,2021-04-01
6848,2021-04-01,2021-04-01
8266,2023-11-01,2023-11-01
5795,2021-06-01,2020-11-01
9631,2020-04-01,2020-04-01
9870,2020-03-01,2020-03-01
6679,2021-05-01,2020-11-01
8966,2025-01-01,2025-01-01
3246,2021-08-01,2020-01-01
4777,2021-06-01,2020-02-01
4453,2023-04-01,2020-05-01
3325,2020-07-01,2020-07-01
8213,2022-11-01,2022-11-01
2871,2020-07-01,2020-07-01
5428,2021-09-01,2021-07-01
5921,2022-11-01,2020-07-01
1978,2020-04-01,2020-04-01
7290,2021-10-01,2021-07-01
7302,2024-11-01,2024-11-01
4370,2020-08-01,2020-08-01
8062,2023-05-01,2021-09-01
5999,2020-08-01,2020-08-01
1425,2021-01-01,2021-01-01
5301,2025-02-01,2023-11-01
4547,2022-02-01,2021-02-01
8111,2020-05-01,2020-05-01
1935,2023-03-01,2023-03-01
7358,2020-01-01,2020-01-01
5709,2020-09-01,2020-09-01
8594,2024-12-01,2021-07-01
9501,2020-09-01,2020-09-01
8656,2024-06-01,2020-06-01
3160,2021-02-01,2021-02-01
5495,2024-07-01,2024-07-01
9893,2021-12-01,2020-12-01
7465,2025-04-01,2020-08-01
6926,2024-01-01,2020-08-01
1202,2020-01-01,2020-01-01
6259,2022-11-01,2022-11-01
8271,2023-01-01,2020-04-01
1145,2021-01-01,2021-01-01
8867,2021-05-01,2021-05-01
4569,2020-12-01,2020-12-01
2303,2021-01-01,2021-01-01
6145,2023-07-01,2022-02-01
3945,2025-02-01,2023-11-01
5252,2021-09-01,2020-06-01
4726,2023-09-01,2020-01-01
1812,2023-12-01,2023-12-01
1630,2020-08-01,2020-08-01
8214,2024-12-01,2021-07-01
4734,2024-02-01,2020-12-01
5244,2021-07-01,2020-11-01
6789,2023-05-01,2023-01-01
4845,2021-06-01,2021-06-01
9305,2024-07-01,2022-09-01
2268,2021-04-01,2021-01-01
7084,2024-11-01,2024-08-01
7815,2020-03-01,2020-03-01
5638,2020-11-01,2020-11-01
6902,2022-07-01,2020-07-01
7139,2025-01-01,2022-08-01
1510,2022-11-01,2021-03-01
5765,2022-02-01,2022-02-01
1418,2023-09-01,2021-11-01
6129,2020-02-01,2020-02-01
9326,2024-12-01,2024-12-01
6636,2020-05-01,2020-05-01
1534,2023-09-01,2023-09-01
7243,2022-04-01,2021-06-01
2285,2023-09-01,2022-10-01
9249,2024-05-01,2024-05-01
9982,2020-04-01,2020-04-01
2986,2021-05-01,2020-07-01
1842,2021-04-01,2020-04-01
9592,2023-10-01,2022-08-01
5410,2023-09-01,2023-09-01
5801,2020-09-01,2020-09-01
4982,2025-02-01,2021-09-01
4782,2022-06-01,2022-01-01
2890,2024-11-01,2024-11-01
7716,2021-09-01,2021-09-01
9284,2021-11-01,2021-05-01
8932,2022-05-01,2022-05-01
7862,2021-01-01,2021-01-01
9808,2022-12-01,2020-08-01
3263,2022-07-01,2022-07-01
6596,2024-04-01,2021-03-01
7692,2020-08-01,2020-08-01
9096,2021-06-01,2021-06-01
3947,2021-02-01,2020-04-01
3732,2022-09-01,2020-02-01
8698,2023-12-01,2021-09-01
1558,2024-11-01,2022-07-01
3735,2021-01-01,2021-01-01
9436,2024-02-01,2020-03-01
7919,2020-06-01,2020-06-01
4955,2023-02-01,2020-01-01
6518,2020-08-01,2020-08-01
2765,2020-12-01,2020-12-01
2208,2023-02-01,2021-07-01
8354,2024-03-01,2020-04-01
8368,2023-08-01,2023-06-01
5739,2025-04-01,2020-11-01
3205,2024-03-01,2021-02-01
9345,2024-12-01,2023-01-01
7060,2020-03-01,2020-03-01
7215,2023-05-01,2020-10-01
9334,2020-08-01,2020-08-01
2587,2025-03-01,2024-09-01
6588,2023-12-01,2022-08-01
9604,2021-05-01,2021-05-01
5673,2023-05-01,2021-12-01
3923,2024-08-01,2024-01-01
4451,2024-06-01,2021-10-01
6150,2022-07-01,2022-07-01
3713,2021-10-01,2020-02-01
8973,2024-02-01,2024-01-01
5726,2024-10-01,2022-02-01
2738,2022-11-01,2022-08-01
5565,2022-04-01,2022-04-01
9334,2023-09-01,2020-08-01
1651,2021-06-01,2021-06-01
9813,2024-08-01,2024-08-01
9001,2024-05-01,2020-06-01
7054,2020-05-01,2020-05-01
7987,2020-03-01,2020-03-01
3067,2021-06-01,2021-06-01
2795,2024-07-01,2024-07-01
8281,2025-02-01,2023-02-01
5309,2024-07-01,2022-04-01
5562,2025-03-01,2021-03-01
6795,2024-11-01,2023-01-01
4644,2025-03-01,2022-02-01
3567,2024-09-01,2020-11-01
8429,2024-07-01,2024-07-01
2213,2024-05-01,2024-05-01
1628,2021-09-01,2021-09-01
9540,2023-07-01,2023-07-01
1583,2022-04-01,2022-04-01
1130,2022-05-01,2021-06-01
7163,2024-12-01,2024-12-01
4205,2022-04-01,2022-04-01
8938,2022-04-01,2021-01-01
9138,2021-02-01,2021-02-01
2453,2023-06-01,2022-05-01
4509,2024-06-01,2020-11-01
9039,2022-04-01,2022-04-01
3918,2021-01-01,2020-01-01
5310,2020-11-01,2020-11-01
4845,2022-05-01,2021-06-01
9691,2025-02-01,2020-10-01
5916,2024-11-01,2021-02-01
8947,2024-02-01,2020-07-01
7425,2023-09-01,2020-01-01
8880,2020-12-01,2020-12-01
2841,2023-07-01,2020-07-01
7874,2024-05-01,2020-01-01
5053,2024-11-01,2024-11-01
3886,2020-12-01,2020-12-01
2860,2021-05-01,2021-05-01
3098,2024-05-01,2024-05-01
9014,2022-11-01,2020-01-01
4847,2020-05-01,2020-05-01
9314,2022-10-01,2021-01-01
1996,2024-12-01,2021-11-01
5286,2024-02-01,2024-02-01
7412,2024-04-01,2024-04-01
7531,2023-03-01,2022-06-01
5396,2021-02-01,2021-02-01
6567,2024-05-01,2023-08-01
6054,2020-06-01,2020-06-01
3728,2022-01-01,2022-01-01
2807,2023-05-01,2022-01-01
6401,2020-11-01,2020-11-01
1326,2024-09-01,2021-04-01
7212,2022-04-01,2022-04-01
6460,2022-06-01,2022-06-01
2039,2023-08-01,2023-08-01
4448,2022-11-01,2022-11-01
3572,2021-09-01,2020-06-01
4757,2023-01-01,2021-04-01
7125,2024-12-01,2021-02-01
5074,2024-10-01,2020-06-01
1328,2022-09-01,2020-11-01
2679,2021-10-01,2021-10-01
1692,2023-12-01,2020-06-01
1397,2024-03-01,2024-03-01
5051,2022-06-01,2021-10-01
3025,2020-10-01,2020-10-01
7565,2023-01-01,2023-01-01
5423,2024-03-01,2022-06-01
2210,2020-01-01,2020-01-01
7805,2020-12-01,2020-12-01
9875,2021-07-01,2020-01-01
2565,2023-03-01,2022-10-01
4183,2023-06-01,2020-12-01
6303,2021-06-01,2021-06-01
1383,2025-03-01,2020-02-01
4320,2022-04-01,2022-04-01
8723,2022-06-01,2022-06-01
2524,2024-03-01,2021-04-01
5563,2024-06-01,2021-05-01
9736,2024-03-01,2020-06-01
1282,2023-12-01,2023-12-01
7449,2022-02-01,2022-02-01
2774,2024-11-01,2024-11-01
1407,2021-12-01,2021-12-01
8325,2023-09-01,2023-09-01
2785,2024-04-01,2023-09-01
3355,2025-01-01,2023-04-01
2562,2025-02-01,2023-05-01
9025,2021-11-01,2021-11-01
3315,2022-01-01,2022-01-01
9575,2021-10-01,2021-10-01
4808,2020-08-01,2020-08-01
5129,2020-06-01,2020-06-01
6535,2020-06-01,2020-06-01
6266,2025-01-01,2025-01-01
7660,2023-04-01,2023-04-01
4427,2024-07-01,2020-12-01
9938,2024-02-01,2020-03-01
4862,2025-04-01,2025-04-01
8913,2022-04-01,2022-02-01
2334,2024-05-01,2023-10-01
2269,2022-07-01,2022-07-01
3655,2021-01-01,2021-01-01
3722,2022-11-01,2022-11-01
1639,2024-12-01,2023-12-01
3797,2023-01-01,2022-09-01
8982,2023-10-01,2020-03-01
7850,2023-07-01,2021-12-01
2926,2023-09-01,2023-09-01
5441,2022-03-01,2022-03-01
7088,2021-10-01,2021-10-01
3318,2021-04-01,2020-12-01
4349,2024-09-01,2023-10-01
7082,2020-03-01,2020-03-01
8735,2023-02-01,2022-03-01
3217,2024-02-01,2022-08-01
8763,2021-03-01,2021-03-01
3936,2021-06-01,2021-06-01
1091,2024-09-01,2021-04-01
4264,2023-04-01,2022-11-01
8513,2024-07-01,2020-01-01
8679,2023-05-01,2021-02-01
6741,2021-05-01,2021-05-01
6651,2023-07-01,2020-05-01
5498,2023-02-01,2021-04-01
6009,2024-03-01,2021-04-01
5173,2020-07-01,2020-07-01
4319,2023-11-01,2020-01-01
2687,2023-08-01,2022-03-01
3921,2024-10-01,2021-10-01
3075,2024-08-01,2024-01-01
7274,2021-11-01,2020-04-01
5542,2020-01-01,2020-01-01
8756,2021-06-01,2020-07-01
4798,2024-06-01,2022-11-01
3400,2023-12-01,2022-11-01
1004,2023-10-01,2022-03-01
3244,2024-03-01,2024-01-01
7969,2022-12-01,2022-12-01
5957,2021-08-01,2021-08-01
4944,2023-04-01,2023-04-01
7316,2020-01-01,2020-01-01
6107,2020-02-01,2020-02-01
9694,2021-05-01,2020-09-01
4504,2024-05-01,2024-05-01
5550,2022-07-01,2022-07-01
8235,2021-11-01,2020-04-01
2970,2022-07-01,2020-08-01
6704,2021-01-01,2021-01-01
8636,2020-12-01,2020-12-01
7948,2024-09-01,2020-12-01
4129,2020-04-01,2020-04-01
1174,2025-04-01,2020-09-01
9618,2022-04-01,2020-07-01
6085,2020-10-01,2020-04-01
5157,2021-07-01,2020-11-01
5473,2021-08-01,2021-04-01
8843,2023-08-01,2023-08-01
5145,2024-08-01,2024-08-01
1498,2025-01-01,2021-03-01
8446,2024-04-01,2024-04-01
9938,2020-03-01,2020-03-01
7054,2024-11-01,2020-05-01
3509,2021-10-01,2021-01-01
3156,2025-04-01,2020-08-01
1918,2021-02-01,2021-02-01
2021,2025-02-01,2023-05-01
5546,2022-05-01,2022-05-01
1273,2022-02-01,2021-09-01
6185,2022-09-01,2022-09-01
7000,2025-02-01,2023-12-01
7605,2020-03-01,2020-03-01
2007,2021-01-01,2020-04-01
3416,2020-06-01,2020-03-01
3827,2020-08-01,2020-08-01
4255,2025-01-01,2025-01-01
3833,2024-03-01,2024-03-01
6098,2020-12-01,2020-12-01
2928,2023-11-01,2020-05-01
2410,2024-06-01,2022-06-01
2444,2022-05-01,2020-07-01
3990,2021-07-01,2021-07-01
6201,2020-01-01,2020-01-01
3774,2021-08-01,2021-08-01
7136,2021-01-01,2021-01-01
5042,2022-06-01,2022-06-01
4130,2020-02-01,2020-02-01
3174,2020-11-01,2020-04-01
5703,2020-01-01,2020-01-01
6169,2023-01-01,2021-05-01
5469,2023-11-01,2022-04-01
5832,2025-04-01,2023-08-01
5334,2025-03-01,2025-03-01
6957,2024-06-01,2020-02-01
9569,2024-05-01,2024-05-01
3793,2024-04-01,2023-09-01
7318,2023-06-01,2020-01-01
4451,2021-10-01,2021-10-01
6683,2024-03-01,2024-03-01
5729,2021-05-01,2021-05-01
9253,2021-02-01,2021-02-01
5406,2023-02-01,2023-02-01
5230,2024-09-01,2022-07-01
1515,2022-03-01,2021-06-01
4054,2022-07-01,2022-07-01
6291,2024-01-01,2021-05-01
1554,2021-12-01,2021-12-01
6879,2023-09-01,2020-02-01
3600,2024-04-01,2022-02-01
6516,2020-05-01,2020-05-01
4065,2021-01-01,2020-01-01
3666,2020-08-01,2020-05-01
1356,2023-08-01,2023-08-01
8478,2021-06-01,2021-06-01
8126,2023-10-01,2020-09-01
4990,2020-03-01,2020-03-01
6535,2023-01-01,2020-06-01
5918,2024-01-01,2022-02-01
9306,2022-04-01,2022-04-01
5413,2020-11-01,2020-02-01
1467,2025-03-01,2025-03-01
5924,2020-05-01,2020-04-01
9586,2021-12-01,2021-12-01
3286,2021-05-01,2020-05-01
1881,2021-07-01,2021-07-01
3317,2020-03-01,2020-03-01
7487,2024-05-01,2020-06-01
3416,2023-03-01,2020-03-01
5936,2020-03-01,2020-03-01
4869,2023-02-01,2020-03-01
2477,2025-04-01,2022-03-01
7131,2020-08-01,2020-08-01
6647,2023-06-01,2023-06-01
7456,2024-01-01,2022-04-01
7165,2020-09-01,2020-09-01
4977,2022-11-01,2021-04-01
7350,2023-01-01,2020-07-01
7551,2024-12-01,2024-12-01
7956,2024-07-01,2024-07-01
2174,2021-01-01,2021-01-01
1440,2023-03-01,2020-06-01
3918,2020-01-01,2020-01-01
6935,2023-07-01,2023-07-01
7523,2020-03-01,2020-03-01
4769,2023-03-01,2021-03-01
1724,2025-01-01,2020-12-01
2521,2024-02-01,2020-12-01
3947,2020-06-01,2020-04-01
6096,2020-01-01,2020-01-01
1570,2022-06-01,2021-10-01
3941,2020-07-01,2020-07-01
9476,2020-09-01,2020-09-01
2353,2024-05-01,2024-05-01
2661,2025-04-01,2022-07-01
1200,2024-05-01,2020-12-01
9306,2025-03-01,2022-04-01
1189,2022-03-01,2022-03-01
7581,2021-07-01,2020-05-01
5963,2021-03-01,2021-03-01
2899,2022-12-01,2021-08-01
9225,2023-05-01,2023-05-01
6489,2024-06-01,2021-09-01
2829,2025-02-01,2022-12-01
9711,2024-06-01,2020-08-01
2310,2023-05-01,2020-08-01
5224,2022-04-01,2021-12-01
8454,2020-04-01,2020-04-01
5615,2022-04-01,2020-05-01
8540,2023-02-01,2020-01-01
7050,2022-12-01,2020-03-01
5852,2025-01-01,2025-01-01
9892,2021-01-01,2021-01-01
6847,2024-03-01,2020-05-01
6318,2020-02-01,2020-02-01
2829,2025-01-01,2022-12-01
9704,2022-05-01,2022-05-01
3871,2022-03-01,2022-03-01
3065,2024-11-01,2020-04-01
9084,2021-06-01,2020-10-01
6658,2020-07-01,2020-05-01
4999,2024-07-01,2024-07-01
9577,2020-07-01,2020-01-01
2253,2020-06-01,2020-06-01
3404,2021-04-01,2021-04-01
2656,2022-05-01,2022-05-01
2290,2023-05-01,2021-12-01
5947,2024-12-01,2020-06-01
4013,2023-04-01,2021-09-01
2298,2022-05-01,2021-09-01
2907,2024-12-01,2024-12-01
5275,2022-06-01,2022-06-01
9422,2024-09-01,2020-08-01
1800,2020-10-01,2020-10-01
4525,2025-03-01,2025-03-01
5502,2020-02-01,2020-02-01
5535,2024-11-01,2024-11-01
7531,2022-06-01,2022-06-01
5668,2022-03-01,2020-08-01
4393,2022-07-01,2020-04-01
3126,2024-05-01,2022-01-01
6212,2024-08-01,2024-08-01
1296,2025-04-01,2023-03-01
2044,2023-07-01,2023-07-01
8547,2024-12-01,2022-11-01
6386,2021-03-01,2021-03-01
1205,2020-08-01,2020-08-01
6674,2022-11-01,2020-11-01
8568,2021-01-01,2021-01-01
4451,2023-04-01,2021-10-01
7390,2022-08-01,2020-04-01
2287,2022-07-01,2020-08-01
6657,2024-12-01,2021-12-01
9676,2022-06-01,2022-06-01
6166,2021-01-01,2021-01-01
1484,2020-06-01,2020-06-01
3731,2021-06-01,2020-07-01
8070,2024-11-01,2021-08-01
5651,2022-08-01,2022-08-01
4845,2022-01-01,2021-06-01
3157,2022-12-01,2020-05-01
2588,2022-09-01,2022-09-01
2812,2023-02-01,2022-07-01
3606,2021-02-01,2021-02-01
7571,2022-08-01,2022-08-01
4567,2022-01-01,2021-11-01
5569,2023-04-01,2022-05-01
2730,2023-07-01,2023-07-01
6206,2024-06-01,2020-05-01
7425,2020-01-01,2020-01-01
9107,2021-02-01,2021-02-01
8363,2023-08-01,2023-08-01
7554,2022-08-01,2021-08-01
6473,2024-07-01,2023-09-01
3822,2022-03-01,2022-03-01
7280,2022-10-01,2020-02-01
7852,2025-04-01,2021-09-01
1475,2022-11-01,2020-08-01
9247,2021-03-01,2020-04-01
7697,2023-02-01,2023-02-01
5095,2023-04-01,2023-04-01
8731,2022-06-01,2021-03-01
1372,2022-07-01,2020-06-01
7378,2022-09-01,2020-03-01
3644,2022-02-01,2020-12-01
4920,2021-11-01,2021-08-01
4273,2025-02-01,2022-12-01
2061,2021-05-01,2020-03-01
8555,2021-12-01,2021-02-01
8268,2020-08-01,2020-08-01
8559,2024-01-01,2021-07-01
6427,2022-03-01,2021-08-01
5011,2020-04-01,2020-01-01
1112,2022-05-01,2022-05-01
7657,2020-06-01,2020-06-01
7313,2025-02-01,2021-10-01
5260,2023-11-01,2023-02-01
2982,2021-02-01,2021-02-01
9751,2022-06-01,2020-07-01
8877,2022-07-01,2021-12-01
5799,2024-03-01,2023-10-01
1653,2024-03-01,2020-12-01
9381,2021-04-01,2021-04-01
8021,2025-04-01,2023-04-01
3391,2024-06-01,2021-04-01
2831,2022-08-01,2022-08-01
7764,2022-01-01,2021-05-01
4982,2023-09-01,2021-09-01
5333,2022-07-01,2020-08-01
2213,2025-03-01,2024-05-01
9053,2024-09-01,2021-06-01
6610,2022-07-01,2022-05-01
6417,2022-02-01,2022-02-01
5225,2021-06-01,2020-07-01
1585,2024-10-01,2020-02-01
9548,2021-09-01,2021-09-01
7076,2024-03-01,2021-08-01
5771,2024-02-01,2024-02-01
3593,2021-11-01,2021-11-01
8787,2020-12-01,2020-12-01
5831,2022-03-01,2022-03-01
3106,2022-09-01,2020-11-01
7295,2022-11-01,2022-11-01
1458,2024-12-01,2024-12-01
5963,2025-04-01,2021-03-01
5250,2023-04-01,2023-04-01
9467,2022-09-01,2020-02-01
3791,2025-01-01,2023-10-01
3553,2023-01-01,2022-11-01
6149,2020-09-01,2020-06-01
8950,2022-01-01,2022-01-01
8897,2024-04-01,2023-10-01
1233,2022-01-01,2022-01-01
6609,2023-04-01,2020-09-01
4675,2022-10-01,2022-05-01
2959,2021-08-01,2021-08-01
9172,2020-03-01,2020-03-01
1199,2024-03-01,2022-03-01
4741,2023-05-01,2021-09-01
1538,2023-08-01,2023-08-01
6398,2020-05-01,2020-05-01
9761,2021-02-01,2021-02-01
2301,2022-07-01,2021-11-01
8317,2025-02-01,2024-01-01
5009,2021-10-01,2021-07-01
3993,2020-11-01,2020-11-01
5015,2023-09-01,2021-05-01
8472,2023-04-01,2021-03-01
5354,2023-09-01,2022-06-01
4113,2023-01-01,2023-01-01
3171,2022-05-01,2022-05-01
4403,2021-09-01,2021-09-01
8819,2024-04-01,2024-04-01
1836,2020-12-01,2020-12-01
2196,2022-01-01,2022-01-01
8240,2021-03-01,2021-03-01
2636,2023-11-01,2023-11-01
8982,2020-03-01,2020-03-01
8041,2020-12-01,2020-12-01
8252,2024-04-01,2024-04-01
8475,2020-05-01,2020-05-01
7671,2022-09-01,2020-12-01
3892,2024-09-01,2024-09-01
9424,2020-10-01,2020-10-01
5909,2022-10-01,2022-10-01
5079,2020-05-01,2020-05-01
9242,2021-09-01,2021-09-01
2826,2023-08-01,2023-04-01
8988,2025-01-01,2020-05-01
8708,2022-01-01,2020-06-01
2074,2021-06-01,2021-06-01
5991,2021-01-01,2021-01-01
6610,2022-05-01,2022-05-01
3992,2020-05-01,2020-05-01
4797,2020-01-01,2020-01-01
6003,2021-05-01,2021-05-01
8731,2021-03-01,2021-03-01
4445,2020-02-01,2020-02-01
6304,2022-05-01,2021-04-01
3814,2024-11-01,2023-11-01
3574,2020-10-01,2020-10-01
8762,2020-04-01,2020-04-01
5413,2021-10-01,2020-02-01
8732,2020-11-01,2020-11-01
7075,2020-09-01,2020-09-01
6798,2023-07-01,2020-01-01
8368,2023-09-01,2023-06-01
7447,2020-01-01,2020-01-01
7620,2021-05-01,2021-05-01
6793,2024-04-01,2021-02-01
8485,2020-02-01,2020-02-01
4313,2022-12-01,2022-12-01
5193,2020-02-01,2020-02-01
1387,2020-10-01,2020-10-01
6336,2025-02-01,2021-08-01
4267,2021-04-01,2021-04-01
9240,2020-01-01,2020-01-01
2750,2023-05-01,2023-05-01
6332,2023-07-01,2021-03-01
8698,2023-07-01,2021-09-01
7390,2024-09-01,2020-04-01
8979,2024-02-01,2020-05-01
7144,2023-06-01,2020-07-01
6614,2022-04-01,2022-04-01
8178,2022-08-01,2022-05-01
8730,2023-04-01,2023-04-01
2212,2021-04-01,2021-04-01
7779,2020-12-01,2020-12-01
5896,2020-08-01,2020-08-01
2441,2022-04-01,2020-05-01
9955,2024-07-01,2020-05-01
9700,2025-02-01,2020-09-01
1358,2022-01-01,2020-06-01
6143,2022-02-01,2022-02-01
8304,2025-01-01,2023-01-01
4016,2022-04-01,2021-05-01
8549,2023-08-01,2022-02-01
5243,2021-01-01,2020-02-01
1379,2024-05-01,2021-06-01
7730,2025-01-01,2021-02-01
1786,2024-01-01,2022-11-01
9392,2023-09-01,2023-09-01
8163,2022-07-01,2022-07-01
6358,2023-03-01,2023-03-01
5630,2022-06-01,2022-06-01
2099,2020-06-01,2020-06-01
2509,2022-03-01,2022-03-01
9712,2020-11-01,2020-11-01
2437,2021-06-01,2021-06-01
4127,2022-01-01,2022-01-01
8060,2020-10-01,2020-10-01
8393,2021-08-01,2021-08-01
3493,2020-11-01,2020-11-01
3976,2024-07-01,2021-09-01
8439,2023-04-01,2023-04-01
8084,2021-04-01,2021-04-01
5813,2020-11-01,2020-11-01
1309,2024-10-01,2024-10-01
7998,2025-04-01,2022-03-01
6351,2020-04-01,2020-01-01
4282,2022-12-01,2022-12-01
6810,2020-02-01,2020-02-01
3500,2024-11-01,2024-11-01
4377,2024-05-01,2024-05-01
1429,2020-04-01,2020-04-01
3086,2024-11-01,2021-04-01
6365,2022-01-01,2022-01-01
4421,2022-09-01,2020-08-01
7951,2022-02-01,2021-08-01
4559,2024-09-01,2021-04-01
3249,2020-11-01,2020-11-01
3017,2022-08-01,2022-08-01
1416,2021-07-01,2020-03-01
4417,2024-01-01,2024-01-01
8185,2024-02-01,2024-02-01
7234,2023-06-01,2022-04-01
2521,2024-05-01,2020-12-01
9462,2024-11-01,2024-11-01
2971,2021-07-01,2021-07-01
6871,2024-12-01,2021-03-01
7801,2023-09-01,2023-09-01
9305,2022-09-01,2022-09-01
9335,2020-07-01,2020-07-01
1264,2022-07-01,2022-07-01
7558,2023-01-01,2023-01-01
6811,2023-07-01,2021-08-01
2069,2021-09-01,2021-06-01
5926,2023-02-01,2023-02-01
2383,2020-09-01,2020-09-01
8722,2023-04-01,2023-04-01
6296,2021-12-01,2021-12-01
3905,2025-02-01,2020-11-01
9497,2022-04-01,2022-04-01
8697,2023-06-01,2022-04-01
4437,2025-02-01,2021-01-01
5801,2024-07-01,2020-09-01
3580,2021-12-01,2021-12-01
9496,2024-12-01,2020-05-01
3975,2023-08-01,2023-08-01
3660,2024-05-01,2024-05-01
6014,2022-05-01,2021-08-01
5344,2023-01-01,2021-06-01
1423,2023-01-01,2020-11-01
1560,2022-11-01,2020-11-01
7679,2022-10-01,2022-10-01
9604,2024-09-01,2021-05-01
1244,2023-07-01,2020-05-01
2509,2023-05-01,2022-03-01
2841,2023-09-01,2020-07-01
7800,2023-06-01,2022-08-01
8215,2024-04-01,2020-11-01
1011,2020-07-01,2020-07-01
5208,2021-09-01,2021-09-01
9847,2024-03-01,2020-06-01
2579,2025-01-01,2025-01-01
4215,2022-12-01,2020-05-01
3126,2024-04-01,2022-01-01
4695,2021-09-01,2020-05-01
2553,2021-01-01,2021-01-01
2724,2023-11-01,2022-08-01
4024,2022-01-01,2022-01-01
6384,2023-08-01,2020-11-01
9518,2020-02-01,2020-02-01
3157,2024-05-01,2020-05-01
3379,2023-11-01,2020-10-01
7308,2021-07-01,2021-07-01
3984,2021-09-01,2021-09-01
1558,2025-02-01,2022-07-01
3652,2022-05-01,2022-05-01
8877,2021-12-01,2021-12-01
4076,2023-05-01,2020-03-01
7646,2021-01-01,2020-05-01
8425,2021-09-01,2020-10-01
8206,2025-04-01,2021-04-01
9429,2022-10-01,2022-10-01
4052,2021-04-01,2021-04-01
9993,2024-03-01,2022-07-01
6609,2020-09-01,2020-09-01
2034,2020-01-01,2020-01-01
1416,2020-03-01,2020-03-01
2549,2024-10-01,2022-08-01
2820,2023-07-01,2022-03-01
5844,2021-08-01,2020-12-01
6030,2023-11-01,2023-11-01
2359,2023-11-01,2020-12-01
3991,2024-02-01,2023-03-01
4192,2025-02-01,2022-08-01
4634,2021-04-01,2021-04-01
6798,2020-01-01,2020-01-01
9692,2020-02-01,2020-02-01
6941,2025-03-01,2022-01-01
9697,2024-10-01,2020-07-01
2640,2023-04-01,2020-02-01
4707,2021-11-01,2020-11-01
3491,2024-03-01,2024-03-01
7947,2022-01-01,2021-12-01
1801,2020-07-01,2020-07-01
5857,2022-10-01,2020-01-01
7901,2021-12-01,2020-04-01
6274,2021-11-01,2021-11-01
1005,2022-12-01,2022-12-01
6105,2022-01-01,2020-02-01
2094,2023-07-01,2021-11-01
3298,2022-03-01,2022-03-01
4972,2025-03-01,2025-03-01
7865,2023-04-01,2023-04-01
5072,2023-09-01,2021-04-01
4707,2020-11-01,2020-11-01
3300,2023-08-01,2023-08-01
3487,2023-09-01,2023-09-01
5513,2022-03-01,2022-03-01
2921,2022-01-01,2022-01-01
2681,2024-06-01,2023-06-01
8718,2020-06-01,2020-06-01
5895,2022-01-01,2022-01-01
8444,2023-02-01,2021-12-01
6593,2020-10-01,2020-10-01
7250,2025-03-01,2020-05-01
2848,2020-02-01,2020-02-01
3759,2024-01-01,2020-07-01
8983,2021-10-01,2021-10-01
9566,2025-04-01,2025-04-01
6940,2021-01-01,2021-01-01
9102,2022-04-01,2020-01-01
7908,2023-02-01,2023-02-01
5590,2024-01-01,2022-04-01
5519,2021-11-01,2020-08-01
9320,2024-12-01,2023-01-01
5116,2023-04-01,2023-04-01
1211,2024-02-01,2024-02-01
4977,2025-04-01,2021-04-01
8106,2024-09-01,2024-09-01
8993,2022-10-01,2022-10-01
7157,2023-09-01,2023-09-01
7268,2022-08-01,2021-10-01
2615,2022-04-01,2022-04-01
4909,2022-08-01,2020-07-01
7911,2025-02-01,2021-06-01
1653,2025-04-01,2020-12-01
8548,2020-10-01,2020-10-01
1610,2024-12-01,2022-02-01
8074,2021-06-01,2020-09-01
4539,2020-05-01,2020-05-01
6389,2023-02-01,2023-02-01
1464,2020-03-01,2020-03-01
6875,2021-12-01,2021-12-01
6773,2025-03-01,2024-12-01
5532,2024-04-01,2021-06-01
6316,2020-07-01,2020-07-01
5311,2021-08-01,2021-08-01
4430,2024-12-01,2024-12-01
6273,2021-08-01,2021-08-01
3818,2024-10-01,2022-01-01
6468,2021-02-01,2021-02-01
4728,2024-04-01,2020-10-01
2659,2024-05-01,2022-07-01
7652,2023-05-01,2020-07-01
4050,2021-04-01,2020-11-01
5336,2023-08-01,2020-11-01
6744,2020-08-01,2020-07-01
6922,2021-09-01,2021-08-01
6288,2020-11-01,2020-11-01
6087,2024-03-01,2020-03-01
5853,2022-01-01,2022-01-01
3914,2021-12-01,2021-06-01
2244,2020-02-01,2020-02-01
7629,2024-03-01,2024-03-01
6573,2021-08-01,2021-03-01
3179,2024-08-01,2024-08-01
5815,2021-01-01,2021-01-01
6305,2022-10-01,2022-10-01
1668,2022-08-01,2020-08-01
5485,2025-04-01,2020-08-01
4587,2024-01-01,2020-05-01
8214,2022-09-01,2021-07-01
3381,2023-01-01,2020-01-01
1340,2024-12-01,2020-01-01
8191,2022-10-01,2022-10-01
4149,2020-05-01,2020-04-01
7547,2022-06-01,2020-04-01
5284,2022-08-01,2022-08-01
5318,2021-02-01,2021-02-01
4845,2021-06-01,2021-06-01
2262,2021-08-01,2020-09-01
6270,2023-01-01,2020-10-01
5045,2020-03-01,2020-03-01
3109,2023-10-01,2020-08-01
8794,2024-08-01,2022-01-01
4732,2020-02-01,2020-02-01
4669,2024-02-01,2020-11-01
1871,2022-12-01,2021-03-01
9145,2024-12-01,2020-05-01
3807,2020-07-01,2020-04-01
1942,2021-12-01,2020-10-01
3422,2022-09-01,2021-03-01
2071,2022-02-01,2022-02-01
5128,2020-11-01,2020-11-01
1451,2024-06-01,2021-03-01
8058,2021-12-01,2021-12-01
7492,2020-12-01,2020-03-01
6076,2022-02-01,2022-02-01
5991,2022-09-01,2021-01-01
9322,2020-02-01,2020-02-01
9841,2024-06-01,2020-05-01
6152,2025-02-01,2024-08-01
1867,2024-11-01,2021-05-01
2960,2022-07-01,2021-04-01
2042,2024-12-01,2024-10-01
3641,2022-08-01,2020-09-01
3938,2023-09-01,2022-12-01
9109,2024-12-01,2020-01-01
2459,2023-12-01,2023-12-01
7347,2021-04-01,2020-05-01
8772,2023-02-01,2023-02-01
3998,2021-04-01,2021-04-01
3906,2023-03-01,2020-06-01
9186,2022-05-01,2021-08-01
7576,2022-11-01,2020-07-01
2336,2024-12-01,2020-02-01
9583,2023-04-01,2021-06-01
1997,2020-12-01,2020-04-01
7113,2020-01-01,2020-01-01
9669,2022-02-01,2020-07-01
7303,2021-04-01,2021-04-01
7141,2020-10-01,2020-10-01
4088,2024-12-01,2024-03-01
3978,2021-02-01,2021-02-01
2588,2024-10-01,2022-09-01
7130,2023-05-01,2022-06-01
3908,2023-02-01,2022-01-01
1497,2023-12-01,2023-05-01
2970,2023-05-01,2020-08-01
5774,2023-03-01,2023-03-01
3955,2024-06-01,2020-09-01
2633,2023-02-01,2021-03-01
3543,2020-05-01,2020-05-01
8449,2024-05-01,2021-11-01
7370,2023-03-01,2020-12-01
2072,2022-07-01,2022-07-01
3316,2020-07-01,2020-07-01
4085,2023-08-01,2021-01-01
6870,2025-02-01,2022-03-01
2618,2021-12-01,2021-12-01
6251,2021-05-01,2021-05-01
9715,2020-11-01,2020-11-01
4292,2021-06-01,2021-06-01
8338,2024-07-01,2024-02-01
7984,2025-04-01,2020-05-01
2349,2020-01-01,2020-01-01
2709,2024-06-01,2024-06-01
7370,2024-06-01,2020-12-01
1903,2023-04-01,2020-02-01
4081,2022-02-01,2022-02-01
9893,2020-12-01,2020-12-01
1785,2020-10-01,2020-10-01
5963,2021-12-01,2021-03-01
9810,2020-06-01,2020-06-01
8107,2023-01-01,2020-03-01
3921,2022-02-01,2021-10-01
1732,2022-12-01,2020-11-01
8491,2024-11-01,2024-11-01
6247,2024-06-01,2020-09-01
9114,2022-09-01,2020-12-01
1255,2023-02-01,2021-07-01
4375,2020-01-01,2020-01-01
5758,2023-10-01,2020-03-01
6419,2021-01-01,2021-01-01
4741,2021-09-01,2021-09-01
1733,2023-01-01,2023-01-01
5033,2020-02-01,2020-02-01
7927,2023-06-01,2023-06-01
6074,2020-06-01,2020-06-01
5466,2025-02-01,2020-09-01
7813,2022-04-01,2020-03-01
5556,2023-12-01,2023-07-01
8998,2020-11-01,2020-11-01
7479,2021-11-01,2021-11-01
3111,2024-11-01,2020-06-01
2155,2022-11-01,2022-11-01
3603,2021-09-01,2021-06-01
2089,2020-12-01,2020-12-01
3742,2024-09-01,2024-01-01
7524,2020-09-01,2020-05-01
5664,2022-09-01,2022-09-01
2777,2023-04-01,2023-04-01
4311,2021-10-01,2020-07-01
9158,2021-09-01,2021-09-01
1584,2021-08-01,2021-08-01
2825,2020-07-01,2020-07-01
4022,2022-03-01,2020-12-01
2104,2024-02-01,2022-02-01
7076,2021-08-01,2021-08-01
8242,2022-02-01,2022-02-01
9251,2021-12-01,2021-12-01
4447,2020-08-01,2020-08-01
1232,2023-11-01,2021-05-01
5109,2025-03-01,2021-11-01
8569,2023-05-01,2020-03-01
1924,2021-10-01,2021-10-01
5780,2023-09-01,2021-07-01
4014,2021-09-01,2021-09-01
8190,2022-08-01,2021-03-01
2136,2024-09-01,2024-09-01
9659,2022-11-01,2021-07-01
3348,2020-03-01,2020-02-01
1929,2021-04-01,2021-04-01
7716,2022-11-01,2021-09-01
3783,2023-07-01,2022-11-01
7068,2025-03-01,2025-03-01
4828,2024-02-01,2024-02-01
1957,2022-11-01,2022-06-01
2960,2023-12-01,2021-04-01
1576,2020-12-01,2020-12-01
1324,2024-04-01,2020-12-01
7325,2023-08-01,2023-08-01
7336,2020-03-01,2020-03-01
4893,2022-09-01,2021-04-01
5096,2022-08-01,2020-07-01
8454,2020-11-01,2020-04-01
8441,2021-10-01,2021-10-01
4667,2023-10-01,2023-10-01
3856,2022-10-01,2020-06-01
5214,2024-02-01,2020-08-01
1343,2021-01-01,2021-01-01
3359,2022-05-01,2022-05-01
9871,2021-05-01,2021-04-01
3048,2023-06-01,2022-10-01
4409,2021-08-01,2021-08-01
7844,2020-03-01,2020-03-01
8272,2020-04-01,2020-04-01
6956,2021-09-01,2020-07-01
7535,2025-01-01,2024-12-01
4373,2021-01-01,2020-01-01
4128,2023-06-01,2023-06-01
6954,2020-07-01,2020-07-01
7688,2020-12-01,2020-12-01
4498,2021-02-01,2021-02-01
2780,2023-05-01,2020-10-01
5920,2021-04-01,2020-02-01
7752,2024-09-01,2024-09-01
6532,2022-12-01,2021-10-01
7296,2024-01-01,2023-03-01
3954,2020-03-01,2020-03-01
4382,2023-09-01,2023-09-01
3823,2021-06-01,2021-06-01
3553,2022-11-01,2022-11-01
4240,2020-07-01,2020-03-01
8677,2020-02-01,2020-02-01
3139,2022-03-01,2022-01-01
6180,2021-06-01,2021-06-01
9693,2020-09-01,2020-09-01
2590,2023-09-01,2022-07-01
1351,2024-02-01,2021-03-01
6431,2023-02-01,2020-05-01
6844,2021-11-01,2021-11-01
4489,2023-08-01,2023-08-01
6946,2020-06-01,2020-06-01
8317,2024-01-01,2024-01-01
3870,2023-08-01,2023-08-01
3618,2024-06-01,2020-01-01
3674,2020-05-01,2020-05-01
7712,2021-04-01,2021-04-01
8693,2022-04-01,2022-04-01
5086,2020-07-01,2020-07-01
3402,2023-05-01,2022-12-01
1645,2025-02-01,2020-03-01
8746,2022-10-01,2022-10-01
1326,2024-12-01,2021-04-01
8224,2024-09-01,2024-01-01
8329,2024-12-01,2021-06-01
6633,2024-03-01,2021-11-01
7061,2021-07-01,2020-07-01
5916,2021-02-01,2021-02-01
2818,2020-06-01,2020-06-01
4229,2023-08-01,2022-04-01
5789,2021-10-01,2021-10-01
6811,2023-09-01,2021-08-01
1261,2021-07-01,2021-07-01
7844,2023-02-01,2020-03-01
5140,2023-03-01,2021-03-01
9526,2022-11-01,2022-05-01
9021,2024-08-01,2024-08-01
1852,2022-05-01,2020-11-01
6023,2021-03-01,2020-07-01
6529,2024-03-01,2020-05-01
8505,2023-10-01,2022-08-01
1514,2023-12-01,2023-12-01
1174,2022-06-01,2020-09-01
5959,2023-09-01,2021-11-01
7226,2022-12-01,2022-12-01
5428,2021-07-01,2021-07-01
7009,2022-01-01,2022-01-01
7671,2024-06-01,2020-12-01
6672,2022-01-01,2022-01-01
4160,2024-09-01,2024-09-01
2364,2021-07-01,2021-07-01
2389,2024-11-01,2024-11-01
9336,2023-11-01,2021-10-01
3105,2021-11-01,2020-11-01
4980,2022-09-01,2022-09-01
2064,2024-10-01,2024-02-01
2431,2020-02-01,2020-02-01
1220,2023-08-01,2023-08-01
2153,2023-07-01,2022-05-01
8549,2022-02-01,2022-02-01
2733,2023-09-01,2023-09-01
3272,2021-12-01,2020-03-01
2329,2021-06-01,2020-09-01
2500,2021-01-01,2021-01-01
4818,2023-10-01,2023-10-01
2301,2022-05-01,2021-11-01
9672,2024-10-01,2024-10-01
9115,2020-07-01,2020-01-01
8687,2022-07-01,2022-07-01
2003,2025-02-01,2021-02-01
1103,2021-05-01,2021-05-01
5313,2023-01-01,2020-10-01
4102,2023-09-01,2023-09-01
2241,2024-08-01,2024-08-01
4730,2023-05-01,2023-05-01
5861,2023-10-01,2023-10-01
5676,2022-05-01,2021-08-01
6648,2021-10-01,2021-10-01
1114,2022-10-01,2020-06-01
5123,2022-11-01,2022-11-01
2059,2022-03-01,2022-03-01
6639,2023-01-01,2023-01-01
8046,2022-02-01,2022-02-01
8306,2023-06-01,2021-02-01
2445,2020-02-01,2020-02-01
2079,2023-02-01,2023-02-01
6227,2023-07-01,2023-02-01
8871,2022-11-01,2020-11-01
9013,2025-03-01,2023-03-01
4117,2020-05-01,2020-05-01
1699,2022-09-01,2021-12-01
8617,2022-09-01,2022-09-01
7606,2024-10-01,2024-08-01
8408,2023-11-01,2023-11-01
7317,2023-06-01,2023-06-01
3284,2021-05-01,2021-05-01
3447,2024-12-01,2022-03-01
8116,2024-10-01,2020-09-01
3830,2024-08-01,2021-02-01
4555,2022-12-01,2020-02-01
8737,2020-10-01,2020-01-01
4240,2020-03-01,2020-03-01
3593,2022-09-01,2021-11-01
5549,2020-04-01,2020-04-01
9177,2023-04-01,2020-12-01
8984,2021-10-01,2021-10-01
6789,2025-03-01,2023-01-01
6296,2022-03-01,2021-12-01
5740,2021-05-01,2021-05-01
9097,2023-09-01,2022-11-01
9036,2023-12-01,2023-12-01
3598,2022-12-01,2022-12-01
8028,2020-07-01,2020-07-01
3120,2021-12-01,2021-04-01
7117,2023-09-01,2023-09-01
7054,2022-02-01,2020-05-01
2034,2020-02-01,2020-01-01
7832,2021-02-01,2021-02-01
4824,2023-12-01,2020-05-01
8801,2023-05-01,2023-05-01
6582,2020-10-01,2020-09-01
4184,2023-07-01,2023-07-01
4750,2020-09-01,2020-06-01
4883,2024-06-01,2023-10-01
9005,2024-05-01,2024-05-01
6135,2021-03-01,2021-03-01
7293,2021-06-01,2021-06-01
6269,2022-04-01,2020-09-01
8580,2020-01-01,2020-01-01
5358,2021-12-01,2020-11-01
4165,2022-06-01,2022-06-01
3344,2024-05-01,2021-03-01
8761,2024-01-01,2022-06-01
1050,2023-03-01,2023-03-01
8906,2020-01-01,2020-01-01
6243,2021-01-01,2021-01-01
9786,2022-08-01,2020-02-01
4083,2023-07-01,2021-04-01
2972,2020-08-01,2020-08-01
4193,2025-03-01,2021-08-01
5627,2024-09-01,2024-09-01
7930,2023-08-01,2023-04-01
5885,2021-03-01,2021-03-01
5851,2021-11-01,2021-11-01
7904,2022-10-01,2021-09-01
3418,2022-07-01,2022-07-01
3571,2023-03-01,2023-03-01
2765,2024-06-01,2020-12-01
5521,2021-08-01,2021-01-01
8427,2022-09-01,2022-09-01
3105,2023-12-01,2020-11-01
3030,2020-10-01,2020-08-01
8816,2024-02-01,2021-01-01
7144,2021-04-01,2020-07-01
8114,2024-02-01,2021-10-01
3916,2023-01-01,2022-04-01
5635,2022-10-01,2021-02-01
1645,2020-03-01,2020-03-01
3160,2022-04-01,2021-02-01
3292,2021-04-01,2020-08-01
3676,2023-07-01,2022-02-01
2505,2023-12-01,2022-12-01
6540,2021-04-01,2021-04-01
2139,2021-02-01,2021-02-01
2018,2020-12-01,2020-12-01
7487,2020-06-01,2020-06-01
2465,2023-01-01,2021-03-01
3606,2022-05-01,2021-02-01
4725,2020-08-01,2020-08-01
1396,2021-08-01,2021-08-01
4694,2021-08-01,2021-03-01
4588,2024-10-01,2022-04-01
3255,2020-09-01,2020-02-01
7349,2025-01-01,2025-01-01
7484,2023-03-01,2021-06-01
9064,2021-12-01,2020-06-01
7798,2020-08-01,2020-08-01
4278,2025-02-01,2023-08-01
4760,2024-03-01,2020-05-01
6724,2023-11-01,2023-11-01
7031,2020-04-01,2020-04-01
7507,2022-02-01,2022-02-01
1120,2023-05-01,2023-05-01
5610,2021-09-01,2021-09-01
9370,2021-04-01,2020-12-01
5198,2020-07-01,2020-07-01
5265,2024-03-01,2022-11-01
5675,2022-12-01,2022-12-01
9385,2025-01-01,2025-01-01
4028,2021-08-01,2021-08-01
2748,2024-03-01,2020-03-01
4279,2020-08-01,2020-08-01
5892,2024-08-01,2020-12-01
4511,2020-01-01,2020-01-01
6913,2021-12-01,2021-05-01
4765,2023-12-01,2022-10-01
4552,2024-06-01,2022-09-01
1202,2020-05-01,2020-01-01
6471,2020-11-01,2020-11-01
7366,2023-07-01,2020-09-01
7402,2022-01-01,2022-01-01
9055,2020-08-01,2020-08-01
5675,2025-01-01,2022-12-01
5071,2025-04-01,2025-04-01
1004,2022-03-01,2022-03-01
1819,2023-10-01,2020-04-01
1000,2024-06-01,2023-09-01
3613,2025-02-01,2025-02-01
4527,2024-01-01,2024-01-01
7108,2025-04-01,2021-10-01
1366,2024-02-01,2020-06-01
2967,2020-05-01,2020-05-01
8486,2020-02-01,2020-02-01
2971,2022-07-01,2021-07-01
1497,2024-03-01,2023-05-01
3860,2022-04-01,2021-05-01
4847,2024-03-01,2020-05-01
5475,2024-08-01,2022-04-01
8859,2021-11-01,2021-11-01
3511,2024-11-01,2024-02-01
7183,2024-01-01,2024-01-01
8085,2025-03-01,2022-04-01
3867,2022-06-01,2021-11-01
1721,2024-10-01,2024-10-01
5613,2022-11-01,2022-11-01
5379,2024-12-01,2020-08-01
4081,2024-09-01,2022-02-01
1031,2022-10-01,2021-11-01
8132,2025-03-01,2023-05-01
9004,2020-04-01,2020-04-01
1774,2021-12-01,2021-12-01
7017,2022-09-01,2020-09-01
9922,2024-05-01,2020-08-01
7082,2020-06-01,2020-03-01
3387,2020-02-01,2020-02-01
6681,2025-01-01,2020-07-01
7582,2024-03-01,2024-03-01
5791,2020-01-01,2020-01-01
9102,2024-04-01,2020-01-01
6903,2021-12-01,2021-12-01
5148,2022-08-01,2020-02-01
6876,2021-01-01,2020-06-01
9834,2022-06-01,2020-09-01
1700,2020-03-01,2020-03-01
3376,2021-04-01,2021-04-01
3612,2022-07-01,2020-06-01
3285,2023-10-01,2020-08-01
7493,2023-06-01,2021-01-01
2833,2020-12-01,2020-12-01
1687,2024-03-01,2023-10-01
1066,2020-12-01,2020-12-01
3698,2023-05-01,2023-05-01
6486,2024-02-01,2020-04-01
7116,2022-03-01,2022-03-01
9570,2023-02-01,2020-12-01
4589,2023-11-01,2020-03-01
7684,2021-07-01,2020-11-01
4699,2021-06-01,2021-06-01
3551,2022-01-01,2022-01-01
1009,2022-06-01,2021-09-01
2766,2021-05-01,2021-05-01
6022,2021-12-01,2021-12-01
5962,2024-07-01,2021-03-01
2582,2025-02-01,2023-07-01
1385,2022-03-01,2022-03-01
2983,2022-01-01,2020-06-01
2168,2021-03-01,2021-03-01
2948,2025-01-01,2025-01-01
7602,2022-09-01,2022-09-01
5918,2022-02-01,2022-02-01
4415,2020-09-01,2020-09-01
8838,2020-03-01,2020-03-01
1686,2024-09-01,2021-11-01
9191,2022-09-01,2021-04-01
5190,2023-07-01,2020-03-01
9831,2023-10-01,2022-01-01
6751,2022-09-01,2022-09-01
9033,2022-03-01,2021-09-01
1633,2021-10-01,2020-11-01
8780,2023-12-01,2022-03-01
2359,2021-08-01,2020-12-01
2540,2023-09-01,2021-05-01
6527,2020-06-01,2020-06-01
1562,2023-03-01,2020-03-01
8392,2022-09-01,2021-03-01
2555,2020-04-01,2020-04-01
1462,2024-02-01,2022-08-01
2132,2022-04-01,2021-03-01
5501,2021-05-01,2020-07-01
9776,2024-11-01,2024-11-01
5148,2020-02-01,2020-02-01
9466,2020-11-01,2020-11-01
5806,2021-01-01,2021-01-01
5756,2025-03-01,2025-03-01
2796,2024-11-01,2020-02-01
4262,2024-08-01,2020-05-01
1093,2023-09-01,2020-12-01
3893,2022-08-01,2022-08-01
5952,2025-01-01,2025-01-01
9083,2020-07-01,2020-07-01
2902,2021-04-01,2021-04-01
3162,2020-12-01,2020-12-01
1387,2023-11-01,2020-10-01
8044,2024-12-01,2024-12-01
7034,2025-02-01,2025-02-01
7858,2021-11-01,2021-11-01
8148,2020-01-01,2020-01-01
2096,2021-06-01,2020-04-01
6859,2020-06-01,2020-06-01
4985,2024-01-01,2021-02-01
2982,2022-07-01,2021-02-01
4060,2020-04-01,2020-04-01
9944,2020-08-01,2020-08-01
8829,2023-06-01,2023-06-01
4039,2024-01-01,2024-01-01
1651,2024-07-01,2021-06-01
5920,2023-05-01,2020-02-01
7401,2023-04-01,2022-02-01
9359,2023-12-01,2023-12-01
9594,2021-11-01,2021-11-01
9692,2021-03-01,2020-02-01
6235,2024-09-01,2020-05-01
4498,2022-03-01,2021-02-01
8836,2021-06-01,2020-03-01
3824,2023-10-01,2023-10-01
9870,2022-08-01,2020-03-01
3393,2022-02-01,2022-02-01
3382,2021-04-01,2020-12-01
8826,2020-06-01,2020-06-01
3698,2023-06-01,2023-05-01
6926,2020-08-01,2020-08-01
7658,2021-01-01,2020-08-01
1703,2022-08-01,2021-12-01
1453,2025-01-01,2020-10-01
7122,2022-03-01,2020-05-01
4681,2022-01-01,2022-01-01
8853,2021-01-01,2021-01-01
7660,2024-03-01,2023-04-01
3576,2021-02-01,2021-02-01
5712,2021-12-01,2021-07-01
8090,2024-04-01,2022-02-01
2086,2020-03-01,2020-03-01
3384,2020-03-01,2020-03-01
7054,2023-07-01,2020-05-01
8610,2020-09-01,2020-09-01
5972,2023-03-01,2023-03-01
6359,2021-05-01,2021-05-01
9379,2025-01-01,2022-07-01
3248,2024-01-01,2020-08-01
9022,2023-10-01,2022-10-01
9470,2022-12-01,2020-02-01
5122,2025-04-01,2020-07-01
5734,2020-07-01,2020-07-01
6129,2023-04-01,2020-02-01
4922,2021-01-01,2020-08-01
6019,2025-04-01,2022-12-01
9481,2023-10-01,2021-05-01
5323,2021-08-01,2021-06-01
4085,2022-04-01,2021-01-01
5833,2020-01-01,2020-01-01
6922,2023-02-01,2021-08-01
6261,2020-12-01,2020-12-01
9521,2024-10-01,2024-10-01
5775,2022-11-01,2022-11-01
6527,2021-02-01,2020-06-01
9142,2020-07-01,2020-05-01
8935,2024-01-01,2020-08-01
8521,2023-04-01,2023-04-01
5173,2023-06-01,2020-07-01
3038,2022-07-01,2022-07-01
7440,2022-08-01,2022-08-01
5174,2024-05-01,2021-01-01
5539,2023-10-01,2023-10-01
4263,2020-02-01,2020-02-01
9020,2021-11-01,2021-11-01
8162,2021-09-01,2021-09-01
3289,2021-01-01,2021-01-01
1892,2020-12-01,2020-12-01
5544,2024-09-01,2023-08-01
5397,2023-10-01,2023-06-01
7934,2023-05-01,2020-09-01
1981,2024-05-01,2020-04-01
5541,2023-05-01,2023-05-01
4776,2021-01-01,2021-01-01
5370,2022-11-01,2020-11-01
4872,2021-06-01,2020-12-01
6189,2024-05-01,2024-05-01
7279,2023-02-01,2021-05-01
1285,2024-08-01,2024-08-01
5419,2023-10-01,2023-08-01
2567,2021-05-01,2021-05-01
4620,2022-05-01,2021-12-01
3713,2020-05-01,2020-02-01
5578,2024-07-01,2022-01-01
6054,2024-02-01,2020-06-01
7335,2023-07-01,2023-07-01
2644,2023-06-01,2023-06-01
8276,2020-11-01,2020-11-01
7299,2020-04-01,2020-04-01
1377,2024-09-01,2021-06-01
4360,2024-03-01,2022-01-01
8154,2024-05-01,2020-04-01
6608,2024-02-01,2021-08-01
9315,2020-07-01,2020-07-01
4366,2025-04-01,2021-07-01
2267,2020-05-01,2020-05-01
7187,2021-02-01,2021-01-01
4393,2022-04-01,2020-04-01
7637,2021-11-01,2021-11-01
5762,2023-06-01,2021-12-01
8695,2020-06-01,2020-06-01
4998,2021-01-01,2021-01-01
8409,2024-10-01,2023-01-01
7371,2021-01-01,2020-10-01
7241,2021-02-01,2021-02-01
8296,2025-03-01,2025-03-01
8165,2025-01-01,2023-01-01
5409,2023-07-01,2021-05-01
8840,2022-06-01,2022-06-01
9473,2020-10-01,2020-10-01
1594,2022-07-01,2022-07-01
1786,2022-11-01,2022-11-01
3601,2020-04-01,2020-04-01
1820,2021-10-01,2021-10-01
5180,2023-07-01,2023-07-01
3320,2021-04-01,2020-01-01
4047,2022-08-01,2022-08-01
3730,2021-11-01,2020-03-01
2511,2021-08-01,2021-08-01
3882,2022-08-01,2022-08-01
7934,2022-06-01,2020-09-01
1281,2023-09-01,2023-09-01
2262,2020-09-01,2020-09-01
5408,2022-06-01,2022-06-01
9748,2023-08-01,2020-09-01
7044,2022-10-01,2020-02-01
9743,2023-09-01,2022-03-01
1143,2023-02-01,2023-02-01
5461,2023-06-01,2023-06-01
9206,2022-06-01,2020-11-01
7452,2025-01-01,2025-01-01
8685,2023-10-01,2020-02-01
4963,2020-02-01,2020-02-01
5575,2023-12-01,2020-03-01
3869,2024-11-01,2020-02-01
5066,2023-07-01,2020-10-01
1692,2020-06-01,2020-06-01
3226,2021-12-01,2021-12-01
9665,2025-01-01,2020-10-01
7471,2023-09-01,2022-09-01
7617,2021-09-01,2021-09-01
9514,2020-05-01,2020-05-01
7638,2023-11-01,2022-07-01
7679,2024-07-01,2022-10-01
3068,2020-07-01,2020-07-01
2202,2021-06-01,2021-06-01
5889,2021-12-01,2021-08-01
7268,2024-09-01,2021-10-01
1391,2022-04-01,2022-04-01
1262,2025-04-01,2020-12-01
3411,2020-06-01,2020-06-01
3291,2021-05-01,2020-09-01
7493,2025-03-01,2021-01-01
4720,2020-01-01,2020-01-01
8975,2024-01-01,2024-01-01
8621,2021-01-01,2021-01-01
8590,2025-03-01,2020-08-01
5020,2020-10-01,2020-10-01
2659,2022-08-01,2022-07-01
6743,2020-01-01,2020-01-01
8100,2021-12-01,2021-12-01
6812,2022-03-01,2021-06-01
8816,2022-08-01,2021-01-01
2110,2021-01-01,2021-01-01
6084,2020-09-01,2020-09-01
1181,2021-11-01,2020-04-01
5417,2023-02-01,2020-01-01
4583,2023-12-01,2022-06-01
1395,2022-01-01,2022-01-01
8541,2024-09-01,2021-09-01
5668,2023-02-01,2020-08-01
3020,2022-09-01,2022-09-01
8100,2024-12-01,2021-12-01
9978,2023-06-01,2022-07-01
9289,2022-05-01,2020-09-01
7191,2024-04-01,2024-04-01
8206,2021-04-01,2021-04-01
5376,2022-07-01,2021-08-01
2526,2021-03-01,2021-03-01
7461,2023-02-01,2022-12-01
5962,2021-03-01,2021-03-01
4186,2021-09-01,2021-09-01
7841,2020-04-01,2020-04-01
7994,2022-12-01,2022-12-01
4450,2021-02-01,2021-02-01
3677,2024-08-01,2024-08-01
8907,2022-05-01,2022-05-01
8672,2022-04-01,2021-08-01
9085,2020-02-01,2020-02-01
8530,2020-05-01,2020-05-01
7096,2023-10-01,2021-08-01
9977,2024-07-01,2022-09-01
6416,2023-11-01,2021-06-01
9629,2021-05-01,2021-05-01
9520,2022-06-01,2021-10-01
5018,2024-01-01,2022-08-01
8108,2025-04-01,2025-04-01
9336,2021-10-01,2021-10-01
7630,2022-09-01,2022-09-01
5920,2023-02-01,2020-02-01
2744,2020-08-01,2020-08-01
4663,2023-08-01,2023-08-01
5075,2025-03-01,2023-12-01
2615,2022-09-01,2022-04-01
6947,2020-08-01,2020-08-01
7869,2024-10-01,2020-06-01
2329,2024-06-01,2020-09-01
8883,2022-09-01,2022-09-01
2086,2024-09-01,2020-03-01
8137,2021-05-01,2021-05-01
3523,2022-04-01,2020-02-01
6468,2025-01-01,2021-02-01
6046,2024-10-01,2024-10-01
7493,2021-01-01,2021-01-01
8046,2023-01-01,2022-02-01
4985,2021-02-01,2021-02-01
6506,2023-01-01,2023-01-01
7174,2020-07-01,2020-06-01
2345,2021-04-01,2021-04-01
1139,2023-01-01,2022-03-01
9071,2021-11-01,2021-10-01
3488,2020-04-01,2020-04-01
8720,2023-11-01,2020-09-01
5774,2024-05-01,2023-03-01
6853,2020-01-01,2020-01-01
1662,2020-10-01,2020-08-01
6409,2020-08-01,2020-08-01
2349,2023-05-01,2020-01-01
1003,2020-05-01,2020-02-01
3784,2021-11-01,2021-11-01
2761,2022-02-01,2022-02-01
9619,2023-02-01,2023-02-01
5660,2023-06-01,2023-06-01
5259,2023-06-01,2023-01-01
9435,2022-02-01,2022-02-01
4666,2024-12-01,2022-10-01
7445,2023-02-01,2021-01-01
3667,2024-09-01,2024-09-01
6877,2021-08-01,2021-08-01
5811,2021-01-01,2020-05-01
7848,2023-02-01,2023-01-01
6067,2023-05-01,2020-06-01
4943,2024-01-01,2022-08-01
3543,2022-08-01,2020-05-01
2928,2023-08-01,2020-05-01
3066,2023-08-01,2020-08-01
5628,2023-06-01,2022-03-01
6242,2021-11-01,2021-11-01
8890,2020-11-01,2020-11-01
5956,2021-03-01,2021-03-01
8753,2022-03-01,2021-05-01
3564,2023-01-01,2023-01-01
2082,2022-06-01,2022-06-01
7382,2020-11-01,2020-11-01
8594,2021-07-01,2021-07-01
6301,2023-01-01,2020-05-01
7919,2024-02-01,2020-06-01
4014,2024-08-01,2021-09-01
5105,2022-08-01,2022-08-01
6481,2023-05-01,2021-08-01
4932,2021-02-01,2021-02-01
5552,2020-10-01,2020-10-01
3957,2022-10-01,2022-10-01
6910,2024-10-01,2021-11-01
7111,2023-10-01,2023-10-01
8910,2021-12-01,2021-12-01
4304,2023-07-01,2023-07-01
9273,2025-01-01,2025-01-01
9662,2022-10-01,2021-08-01
4222,2024-06-01,2023-02-01
1645,2022-10-01,2020-03-01
9964,2021-10-01,2021-10-01
1729,2023-10-01,2023-10-01
7673,2024-10-01,2024-10-01
8774,2024-03-01,2021-08-01
8594,2022-04-01,2021-07-01
4783,2021-09-01,2020-03-01
4651,2021-09-01,2021-09-01
1634,2020-10-01,2020-10-01
5163,2020-08-01,2020-08-01
9695,2020-11-01,2020-06-01
8360,2025-02-01,2025-02-01
8045,2022-01-01,2020-11-01
5483,2021-03-01,2020-05-01
7828,2024-12-01,2024-12-01
6016,2023-09-01,2020-08-01
1838,2022-10-01,2020-09-01
4496,2022-12-01,2020-12-01
5711,2020-11-01,2020-11-01
7373,2021-01-01,2021-01-01
3903,2020-11-01,2020-11-01
1232,2022-04-01,2021-05-01
6386,2024-09-01,2021-03-01
1338,2024-09-01,2024-09-01
5230,2023-07-01,2022-07-01
5212,2021-03-01,2021-03-01
4343,2022-09-01,2021-10-01
2599,2022-07-01,2022-07-01
6070,2023-06-01,2023-03-01
9989,2020-08-01,2020-08-01
3548,2024-07-01,2024-07-01
4924,2020-11-01,2020-11-01
3932,2022-04-01,2022-04-01
6530,2023-04-01,2021-08-01
8623,2021-04-01,2021-04-01
5559,2024-09-01,2022-08-01
2507,2023-12-01,2023-12-01
4101,2023-11-01,2023-11-01
1298,2023-05-01,2021-02-01
2415,2023-02-01,2022-08-01
3388,2024-01-01,2022-09-01
9762,2021-03-01,2021-03-01
6757,2024-06-01,2020-02-01
8084,2023-02-01,2021-04-01
7593,2020-08-01,2020-01-01
8920,2021-06-01,2021-06-01
2096,2023-06-01,2020-04-01
4715,2024-12-01,2024-03-01
8501,2023-11-01,2023-11-01
7043,2023-04-01,2023-04-01
1596,2023-02-01,2023-02-01
6823,2024-07-01,2024-07-01
7103,2021-06-01,2021-05-01
1121,2023-02-01,2022-07-01
2396,2024-01-01,2022-06-01
9528,2020-12-01,2020-12-01
3224,2024-07-01,2020-05-01
6582,2021-11-01,2020-09-01
6194,2021-11-01,2020-10-01
7973,2024-03-01,2020-03-01
1899,2020-01-01,2020-01-01
3243,2023-12-01,2021-04-01
3507,2020-04-01,2020-04-01
2218,2024-11-01,2024-11-01
2230,2023-05-01,2020-08-01
5912,2021-03-01,2021-03-01
5671,2020-05-01,2020-05-01
2524,2021-04-01,2021-04-01
2640,2022-01-01,2020-02-01
5328,2024-06-01,2020-11-01
3027,2020-06-01,2020-06-01
2291,2024-09-01,2022-03-01
6103,2023-05-01,2023-05-01
9868,2025-04-01,2024-12-01
9993,2022-07-01,2022-07-01
9946,2022-09-01,2022-04-01
5874,2023-08-01,2021-04-01
1667,2022-09-01,2022-09-01
2523,2021-06-01,2021-06-01
1852,2020-11-01,2020-11-01
1065,2023-04-01,2023-04-01
1696,2023-07-01,2021-05-01
7651,2020-01-01,2020-01-01
3601,2024-07-01,2020-04-01
5056,2025-01-01,2022-04-01
4033,2022-09-01,2021-01-01
2701,2021-10-01,2021-10-01
8705,2025-01-01,2022-04-01
3075,2024-01-01,2024-01-01
9350,2024-02-01,2021-02-01
1086,2022-05-01,2022-05-01
4072,2022-10-01,2022-10-01
1972,2021-09-01,2021-06-01
7364,2021-06-01,2021-06-01
5795,2020-11-01,2020-11-01
7742,2021-11-01,2021-11-01
5413,2023-06-01,2020-02-01
7884,2022-12-01,2022-02-01
9153,2020-07-01,2020-07-01
7644,2020-06-01,2020-06-01
5144,2025-03-01,2025-03-01
4020,2024-08-01,2022-08-01
2965,2020-10-01,2020-10-01
3170,2025-03-01,2025-03-01
5095,2023-05-01,2023-04-01
2182,2021-07-01,2021-07-01
4573,2023-03-01,2022-09-01
1046,2022-01-01,2022-01-01
2814,2022-10-01,2022-10-01
7772,2024-12-01,2022-11-01
8324,2022-01-01,2021-12-01
3019,2024-01-01,2024-01-01
7735,2024-09-01,2021-04-01
5506,2023-04-01,2020-05-01
3390,2021-11-01,2021-11-01
4080,2025-02-01,2020-03-01
4977,2021-04-01,2021-04-01
8167,2021-02-01,2020-07-01
8099,2023-10-01,2023-10-01
1976,2020-04-01,2020-04-01
5736,2023-06-01,2022-01-01
5705,2024-08-01,2023-01-01
3900,2020-03-01,2020-03-01
8753,2021-05-01,2021-05-01
2069,2024-11-01,2021-06-01
5967,2021-01-01,2021-01-01
4291,2022-11-01,2021-04-01
8812,2024-06-01,2020-06-01
3628,2024-08-01,2024-08-01
3187,2021-07-01,2020-03-01
8961,2022-08-01,2022-08-01
9350,2021-06-01,2021-02-01
2799,2023-03-01,2020-10-01
9552,2022-08-01,2022-08-01
5453,2021-12-01,2021-12-01
6082,2021-09-01,2021-09-01
2031,2025-04-01,2025-04-01
4952,2022-08-01,2022-08-01
5002,2022-08-01,2021-03-01
9682,2025-01-01,2023-03-01
9143,2023-12-01,2022-07-01
3442,2024-12-01,2022-03-01
7876,2021-03-01,2021-03-01
8881,2023-01-01,2022-11-01
6019,2024-04-01,2022-12-01
5115,2023-08-01,2022-06-01
4268,2021-04-01,2021-04-01
6847,2020-05-01,2020-05-01
4215,2020-05-01,2020-05-01
1750,2022-03-01,2021-01-01
8723,2024-02-01,2022-06-01
6462,2021-02-01,2021-02-01
1269,2021-08-01,2021-08-01
3244,2024-01-01,2024-01-01
4358,2020-03-01,2020-03-01
2189,2020-11-01,2020-03-01
8229,2020-04-01,2020-04-01
4514,2023-12-01,2022-10-01
1599,2025-02-01,2022-10-01
7703,2022-02-01,2022-02-01
8370,2022-07-01,2020-09-01
6583,2021-05-01,2021-05-01
2946,2023-10-01,2023-10-01
9796,2023-06-01,2021-01-01
1723,2022-03-01,2022-03-01
9864,2021-12-01,2021-12-01
1104,2022-11-01,2020-04-01
4544,2022-02-01,2021-04-01
2639,2023-07-01,2021-07-01
4757,2024-04-01,2021-04-01
1001,2022-05-01,2020-06-01
6847,2021-09-01,2020-05-01
3691,2023-06-01,2023-06-01
1349,2024-08-01,2021-12-01
3819,2022-09-01,2022-09-01
1740,2025-02-01,2023-11-01
4425,2022-07-01,2020-06-01
8550,2023-01-01,2023-01-01
4696,2021-09-01,2021-09-01
2931,2020-08-01,2020-08-01
4345,2024-11-01,2021-05-01
8074,2021-03-01,2020-09-01
3606,2022-05-01,2021-02-01
3807,2024-05-01,2020-04-01
3868,2020-03-01,2020-03-01
2778,2022-04-01,2021-06-01
4469,2025-01-01,2020-04-01
2776,2024-04-01,2022-07-01
3722,2022-11-01,2022-11-01
9697,2024-07-01,2020-07-01
6407,2020-07-01,2020-07-01
9730,2024-07-01,2021-07-01
8357,2021-10-01,2021-02-01
8292,2020-07-01,2020-07-01
4508,2020-03-01,2020-03-01
4215,2024-05-01,2020-05-01
9772,2020-02-01,2020-02-01
2889,2021-03-01,2020-05-01
1881,2022-01-01,2021-07-01
9741,2021-12-01,2021-12-01
8853,2023-12-01,2021-01-01
3215,2020-08-01,2020-08-01
9831,2023-01-01,2022-01-01
4940,2021-07-01,2020-02-01
9907,2020-07-01,2020-07-01
9831,2022-01-01,2022-01-01
9602,2020-06-01,2020-06-01
5278,2020-02-01,2020-02-01
3921,2021-10-01,2021-10-01
4363,2020-04-01,2020-04-01
2464,2020-02-01,2020-02-01
8247,2021-12-01,2021-11-01
9957,2024-08-01,2024-08-01
8551,2023-04-01,2020-06-01
6532,2021-10-01,2021-10-01
1447,2025-03-01,2021-12-01
1396,2024-10-01,2021-08-01
1497,2023-05-01,2023-05-01
2328,2023-06-01,2023-06-01
8877,2022-08-01,2021-12-01
8192,2020-07-01,2020-03-01
7087,2025-01-01,2025-01-01
1423,2020-11-01,2020-11-01
6125,2022-03-01,2022-03-01
9257,2024-01-01,2024-01-01
5273,2025-02-01,2024-03-01
3423,2023-10-01,2023-10-01
9847,2020-06-01,2020-06-01
9556,2021-09-01,2020-03-01
3467,2024-06-01,2024-06-01
9215,2020-09-01,2020-09-01
6146,2023-06-01,2023-06-01
9309,2022-11-01,2020-12-01
1723,2024-12-01,2022-03-01
5280,2021-05-01,2021-05-01
6658,2020-05-01,2020-05-01
6922,2021-08-01,2021-08-01
9684,2020-08-01,2020-01-01
3014,2020-12-01,2020-04-01
5414,2025-03-01,2020-02-01
7054,2024-08-01,2020-05-01
6081,2022-10-01,2022-06-01
7149,2020-01-01,2020-01-01
1645,2024-03-01,2020-03-01
7663,2024-05-01,2024-05-01
8537,2024-05-01,2024-05-01
9615,2023-07-01,2021-02-01
1994,2021-03-01,2021-03-01
3005,2023-12-01,2023-12-01
9660,2024-01-01,2020-09-01
9671,2022-11-01,2022-11-01
5237,2023-08-01,2021-03-01
3907,2020-03-01,2020-03-01
9166,2020-10-01,2020-09-01
9448,2020-10-01,2020-10-01
4075,2021-05-01,2021-05-01
7548,2024-09-01,2023-02-01
2073,2025-01-01,2025-01-01
5835,2023-04-01,2023-04-01
6038,2022-05-01,2022-05-01
1339,2024-05-01,2023-08-01
3138,2023-09-01,2020-09-01
9656,2023-04-01,2023-04-01
6072,2021-07-01,2021-06-01
2346,2023-08-01,2022-04-01
7392,2022-01-01,2022-01-01
7387,2024-01-01,2024-01-01
5761,2020-05-01,2020-05-01
4057,2021-09-01,2021-09-01
7046,2020-07-01,2020-07-01
4063,2021-12-01,2021-12-01
1381,2025-04-01,2021-03-01
7181,2022-11-01,2021-08-01
5761,2021-05-01,2020-05-01
9277,2024-06-01,2023-03-01
4700,2023-02-01,2020-06-01
4955,2022-11-01,2020-01-01
9499,2024-06-01,2021-03-01
6432,2021-07-01,2021-07-01
8629,2023-06-01,2022-01-01
2008,2020-07-01,2020-07-01
1615,2020-08-01,2020-08-01
1942,2021-10-01,2020-10-01
4912,2023-02-01,2023-02-01
4423,2022-07-01,2022-07-01
4183,2023-03-01,2020-12-01
6162,2024-06-01,2022-03-01
7467,2022-02-01,2021-05-01
2674,2022-02-01,2021-12-01
8450,2020-01-01,2020-01-01
3027,2023-03-01,2020-06-01
4254,2021-10-01,2020-04-01
4243,2020-09-01,2020-09-01
7635,2025-03-01,2022-07-01
1642,2024-04-01,2020-06-01
2258,2022-01-01,2020-01-01
9272,2024-11-01,2020-02-01
7378,2020-03-01,2020-03-01
7671,2020-12-01,2020-12-01
9592,2022-08-01,2022-08-01
4028,2024-05-01,2021-08-01
1481,2020-08-01,2020-08-01
7799,2022-05-01,2022-05-01
9583,2023-05-01,2021-06-01
7181,2023-01-01,2021-08-01
9148,2024-03-01,2024-03-01
2961,2023-01-01,2020-12-01
1050,2024-07-01,2023-03-01
4501,2020-02-01,2020-02-01
6665,2024-01-01,2021-11-01
2249,2024-08-01,2022-04-01
3018,2024-06-01,2022-02-01
5699,2021-12-01,2021-12-01
4700,2023-10-01,2020-06-01
8820,2022-12-01,2020-09-01
3282,2020-05-01,2020-05-01
4190,2023-11-01,2020-03-01
3583,2020-10-01,2020-05-01
9287,2022-02-01,2022-02-01
8393,2022-07-01,2021-08-01
7852,2023-05-01,2021-09-01
1597,2025-01-01,2022-09-01
5816,2022-02-01,2021-02-01
7672,2022-10-01,2022-08-01
7010,2022-11-01,2022-11-01
4893,2021-07-01,2021-04-01
8023,2023-04-01,2020-10-01
1759,2022-10-01,2022-08-01
2908,2021-04-01,2021-04-01
1294,2023-02-01,2023-02-01
1907,2023-01-01,2023-01-01
6919,2020-11-01,2020-11-01
2448,2020-03-01,2020-03-01
7328,2020-03-01,2020-03-01
2190,2020-08-01,2020-08-01
4487,2023-09-01,2021-01-01
4581,2021-06-01,2021-06-01
6829,2024-01-01,2024-01-01
9340,2021-10-01,2020-05-01
2782,2024-08-01,2024-08-01
7954,2021-08-01,2021-08-01
3336,2024-05-01,2021-11-01
5321,2020-08-01,2020-08-01
2897,2021-11-01,2020-11-01
1081,2023-03-01,2023-03-01
4179,2024-01-01,2024-01-01
8813,2022-12-01,2021-09-01
9660,2021-12-01,2020-09-01
4472,2025-03-01,2021-10-01
3033,2023-02-01,2022-12-01
7071,2024-09-01,2020-09-01
1295,2024-05-01,2021-02-01
9313,2022-06-01,2022-06-01
2062,2024-08-01,2023-12-01
3978,2021-09-01,2021-02-01
8423,2025-04-01,2021-12-01
3713,2020-02-01,2020-02-01
7893,2024-09-01,2023-12-01
7158,2023-12-01,2023-12-01
5856,2022-06-01,2022-06-01
8474,2021-12-01,2021-10-01
5842,2023-07-01,2020-05-01
7293,2021-09-01,2021-06-01
5066,2020-10-01,2020-10-01
2686,2021-08-01,2021-08-01
6072,2024-01-01,2021-06-01
3869,2022-08-01,2020-02-01
4030,2023-11-01,2020-10-01
5823,2021-09-01,2021-09-01
7622,2021-09-01,2021-09-01
7681,2022-04-01,2022-04-01
8749,2021-10-01,2021-10-01
2928,2020-05-01,2020-05-01
1500,2020-06-01,2020-06-01
4537,2023-04-01,2023-04-01
4737,2024-03-01,2024-03-01
6337,2021-02-01,2021-02-01
6927,2020-04-01,2020-02-01
3269,2023-09-01,2020-12-01
1286,2020-11-01,2020-11-01
1050,2024-01-01,2023-03-01
2930,2023-04-01,2022-07-01
8113,2023-11-01,2023-11-01
3412,2025-04-01,2023-12-01
9921,2023-05-01,2023-05-01
5358,2021-02-01,2020-11-01
7265,2021-08-01,2020-01-01
7667,2023-08-01,2021-08-01
1244,2020-05-01,2020-05-01
2609,2024-09-01,2020-12-01
3387,2021-02-01,2020-02-01
6139,2024-09-01,2022-06-01
5127,2022-03-01,2021-08-01
7531,2022-11-01,2022-06-01
6091,2021-12-01,2021-12-01
1664,2025-02-01,2025-02-01
8838,2020-05-01,2020-03-01
1106,2023-08-01,2020-06-01
8114,2023-04-01,2021-10-01
2025,2022-03-01,2021-10-01
7343,2022-08-01,2020-01-01
2330,2025-01-01,2021-12-01
6486,2023-06-01,2020-04-01
1785,2025-02-01,2020-10-01
9647,2024-09-01,2020-02-01
5575,2020-03-01,2020-03-01
2198,2021-10-01,2021-01-01
1890,2020-04-01,2020-04-01
9549,2021-09-01,2021-09-01
8263,2021-02-01,2021-02-01
3353,2022-07-01,2022-07-01
4612,2021-01-01,2021-01-01
1275,2022-04-01,2022-04-01
8253,2020-10-01,2020-10-01
3659,2024-11-01,2024-11-01
3289,2023-03-01,2021-01-01
3130,2021-10-01,2020-03-01
1318,2024-05-01,2024-05-01
9062,2024-08-01,2023-01-01
7299,2022-03-01,2020-04-01
2094,2021-11-01,2021-11-01
1372,2023-02-01,2020-06-01
9741,2023-01-01,2021-12-01
4251,2022-02-01,2022-02-01
2461,2021-02-01,2021-02-01
6863,2025-01-01,2022-03-01
4319,2020-08-01,2020-01-01
2781,2020-10-01,2020-10-01
8606,2023-01-01,2020-01-01
2665,2024-09-01,2024-09-01
1007,2020-07-01,2020-07-01
7912,2021-12-01,2021-12-01
6206,2020-08-01,2020-05-01
9947,2020-01-01,2020-01-01
7160,2024-01-01,2024-01-01
8331,2022-04-01,2021-12-01
9932,2021-01-01,2021-01-01
1805,2021-12-01,2021-12-01
6292,2023-04-01,2023-04-01
5817,2022-05-01,2021-11-01
8064,2023-12-01,2022-04-01
4874,2022-04-01,2022-04-01
5098,2024-05-01,2021-03-01
8707,2025-01-01,2021-05-01
8589,2021-10-01,2021-09-01
9411,2022-05-01,2022-05-01
2231,2022-09-01,2021-03-01
2511,2023-03-01,2021-08-01
9785,2024-02-01,2023-10-01
4168,2022-12-01,2021-03-01
3811,2020-10-01,2020-10-01
9049,2023-09-01,2022-02-01
8175,2024-02-01,2020-06-01
4795,2022-05-01,2022-05-01
4981,2025-04-01,2021-08-01
3903,2022-07-01,2020-11-01
7691,2021-05-01,2021-05-01
8366,2021-11-01,2021-11-01
9074,2022-05-01,2020-04-01
9922,2020-08-01,2020-08-01
7599,2021-03-01,2021-03-01
8431,2022-05-01,2022-05-01
7597,2023-12-01,2022-07-01
4865,2023-03-01,2023-03-01
3400,2025-04-01,2022-11-01
6981,2021-11-01,2021-11-01
9857,2024-01-01,2024-01-01
3800,2024-02-01,2020-06-01
6722,2020-06-01,2020-06-01
2412,2022-01-01,2022-01-01
6997,2020-01-01,2020-01-01
9832,2024-06-01,2024-06-01
5340,2024-12-01,2024-12-01
2193,2022-05-01,2022-05-01
2191,2022-04-01,2022-04-01
6363,2023-07-01,2023-07-01
1646,2022-10-01,2022-01-01
5399,2022-07-01,2022-07-01
9877,2024-03-01,2021-08-01
1264,2024-07-01,2022-07-01
1619,2020-12-01,2020-12-01
4765,2022-10-01,2022-10-01
8096,2022-06-01,2020-10-01
5108,2024-07-01,2024-07-01
3129,2025-03-01,2020-07-01
6533,2023-05-01,2023-05-01
9391,2021-07-01,2021-07-01
2376,2022-10-01,2021-02-01
9940,2025-01-01,2025-01-01
8231,2021-01-01,2020-12-01
4854,2023-05-01,2021-02-01
8333,2022-12-01,2020-06-01
9835,2024-01-01,2020-08-01
4059,2023-02-01,2023-02-01
8405,2024-02-01,2020-11-01
2040,2022-04-01,2022-04-01
8559,2023-08-01,2021-07-01
9068,2020-05-01,2020-05-01
8151,2021-09-01,2021-09-01
3521,2020-01-01,2020-01-01
6244,2023-04-01,2023-04-01
9092,2025-03-01,2025-03-01
9718,2024-02-01,2024-02-01
1010,2022-09-01,2020-07-01
4890,2024-11-01,2024-11-01
5412,2020-11-01,2020-11-01
6904,2023-01-01,2023-01-01
7241,2022-08-01,2021-02-01
8481,2022-11-01,2022-09-01
3045,2024-02-01,2024-02-01
3882,2024-10-01,2022-08-01
7136,2025-03-01,2021-01-01
9578,2022-10-01,2020-07-01
7456,2022-12-01,2022-04-01
5819,2022-03-01,2021-09-01
3180,2021-11-01,2021-06-01
5411,2021-06-01,2021-06-01
4187,2020-05-01,2020-05-01
2689,2022-12-01,2020-01-01
5271,2021-04-01,2021-04-01
6371,2023-05-01,2020-05-01
8918,2020-01-01,2020-01-01
7374,2020-05-01,2020-05-01
3815,2024-03-01,2020-12-01
4631,2021-05-01,2020-03-01
6625,2023-12-01,2023-12-01
7062,2021-04-01,2021-04-01
2740,2022-05-01,2022-05-01
7049,2024-07-01,2021-04-01
9022,2023-11-01,2022-10-01
6314,2024-04-01,2020-02-01
8991,2023-03-01,2023-03-01
5287,2023-12-01,2021-06-01
6023,2020-07-01,2020-07-01
9393,2021-08-01,2021-08-01
2854,2022-02-01,2022-02-01
8933,2020-06-01,2020-06-01
9544,2020-06-01,2020-06-01
4866,2021-06-01,2021-06-01
2409,2023-11-01,2022-01-01
7463,2020-06-01,2020-04-01
5811,2023-05-01,2020-05-01
6370,2025-02-01,2021-12-01
3842,2023-10-01,2022-01-01
7872,2023-01-01,2023-01-01
2595,2020-07-01,2020-07-01
8329,2023-07-01,2021-06-01
1263,2022-07-01,2020-03-01
3452,2020-12-01,2020-12-01
2787,2023-07-01,2022-06-01
1576,2024-11-01,2020-12-01
8481,2022-09-01,2022-09-01
2999,2025-01-01,2020-03-01
8747,2023-10-01,2023-10-01
3156,2020-08-01,2020-08-01
5451,2023-07-01,2020-03-01
9425,2022-11-01,2022-11-01
7589,2023-09-01,2022-12-01
6421,2024-11-01,2021-05-01
7817,2024-05-01,2024-05-01
9297,2023-12-01,2020-12-01
9829,2020-10-01,2020-10-01
3745,2023-10-01,2023-10-01
6535,2020-12-01,2020-06-01
5581,2024-09-01,2020-04-01
7913,2021-03-01,2021-01-01
5719,2023-06-01,2021-01-01
5989,2024-08-01,2022-08-01
2359,2023-03-01,2020-12-01
6444,2022-07-01,2022-03-01
1645,2021-11-01,2020-03-01
7103,2021-05-01,2021-05-01
4802,2020-07-01,2020-05-01
3148,2022-10-01,2020-06-01
6340,2022-09-01,2020-06-01
4413,2022-09-01,2022-09-01
8872,2021-09-01,2021-09-01
7974,2024-03-01,2022-11-01
2644,2024-10-01,2023-06-01
9516,2020-06-01,2020-06-01
7321,2022-09-01,2021-05-01
9038,2022-08-01,2020-02-01
4638,2024-10-01,2022-05-01
8226,2021-10-01,2021-10-01
7771,2023-10-01,2023-07-01
3125,2024-02-01,2024-02-01
3747,2022-12-01,2022-12-01
4426,2021-03-01,2021-03-01
9615,2021-02-01,2021-02-01
9902,2021-03-01,2021-03-01
3190,2020-04-01,2020-04-01
3069,2024-12-01,2020-02-01
1116,2022-05-01,2021-08-01
2517,2024-07-01,2024-07-01
1132,2020-11-01,2020-04-01
5009,2024-05-01,2021-07-01
3623,2025-01-01,2022-07-01
8588,2022-10-01,2021-06-01
3704,2022-06-01,2020-06-01
9498,2021-06-01,2021-06-01
8471,2025-04-01,2021-08-01
6735,2020-11-01,2020-10-01
5265,2022-11-01,2022-11-01
5352,2023-03-01,2023-03-01
3535,2020-08-01,2020-08-01
6331,2024-08-01,2024-08-01
9371,2022-07-01,2022-07-01
8431,2022-11-01,2022-05-01
4950,2022-07-01,2022-07-01
1869,2020-03-01,2020-03-01
8201,2023-02-01,2023-02-01
8680,2024-09-01,2020-04-01
4523,2024-10-01,2024-10-01
4559,2024-05-01,2021-04-01
4049,2021-12-01,2021-12-01
6338,2022-02-01,2022-02-01
4507,2021-09-01,2020-01-01
2651,2020-10-01,2020-07-01
2234,2022-05-01,2021-08-01
3357,2023-03-01,2020-02-01
6326,2020-05-01,2020-05-01
5006,2021-11-01,2020-07-01
4329,2022-09-01,2022-03-01
5370,2020-11-01,2020-11-01
8586,2020-09-01,2020-09-01
4585,2020-02-01,2020-02-01
5748,2022-01-01,2020-02-01
6449,2020-04-01,2020-04-01
9161,2021-02-01,2020-04-01
2908,2021-05-01,2021-04-01
8189,2022-01-01,2022-01-01
3856,2020-06-01,2020-06-01
1908,2021-02-01,2021-02-01
8676,2024-07-01,2024-07-01
2843,2022-07-01,2021-02-01
6355,2023-04-01,2022-03-01
9502,2023-02-01,2023-02-01
1460,2025-03-01,2020-04-01
3207,2024-06-01,2024-06-01
1889,2022-07-01,2020-03-01
1616,2020-01-01,2020-01-01
9010,2024-07-01,2024-07-01
8628,2020-02-01,2020-02-01
8182,2021-09-01,2021-01-01
7098,2022-02-01,2022-02-01
4025,2020-02-01,2020-02-01
7460,2022-11-01,2022-11-01
4309,2020-12-01,2020-08-01
4871,2022-12-01,2021-02-01
2343,2022-10-01,2021-07-01
6254,2022-09-01,2022-02-01
6683,2025-03-01,2024-03-01
4441,2025-04-01,2025-04-01
2533,2022-05-01,2021-06-01
3743,2023-03-01,2020-06-01
6705,2023-05-01,2023-05-01
5960,2022-09-01,2021-01-01
9378,2022-04-01,2020-10-01
4216,2021-01-01,2020-03-01
7808,2020-06-01,2020-06-01
4447,2024-02-01,2020-08-01
2522,2021-06-01,2021-06-01
3378,2024-08-01,2021-09-01
3472,2023-06-01,2021-08-01
4395,2020-09-01,2020-09-01
8542,2020-07-01,2020-03-01
3287,2022-05-01,2022-05-01
2462,2020-10-01,2020-09-01
7597,2022-07-01,2022-07-01
1685,2024-03-01,2022-10-01
1522,2024-05-01,2024-05-01
6618,2024-12-01,2021-06-01
8170,2022-04-01,2021-06-01
4507,2020-06-01,2020-01-01
4153,2020-02-01,2020-02-01
4414,2023-10-01,2021-06-01
3930,2021-12-01,2020-07-01
5939,2024-12-01,2024-12-01
3451,2024-07-01,2024-07-01
3885,2020-11-01,2020-11-01
1372,2020-06-01,2020-06-01
7468,2021-09-01,2020-11-01
6523,2021-01-01,2021-01-01
6351,2020-05-01,2020-01-01
5697,2023-04-01,2023-04-01
4172,2023-09-01,2020-01-01
6733,2020-10-01,2020-10-01
1020,2021-01-01,2021-01-01
6656,2020-06-01,2020-06-01
9135,2022-08-01,2022-08-01
4749,2022-04-01,2022-04-01
3324,2022-10-01,2022-10-01
6882,2023-09-01,2020-03-01
7007,2022-11-01,2020-03-01
4473,2020-10-01,2020-10-01
2227,2021-08-01,2021-08-01
1420,2020-04-01,2020-04-01
1881,2024-02-01,2021-07-01
3653,2022-01-01,2020-10-01
9107,2022-01-01,2021-02-01
2007,2020-04-01,2020-04-01
2398,2022-07-01,2022-07-01
1366,2023-10-01,2020-06-01
3072,2022-11-01,2020-08-01
2753,2020-10-01,2020-10-01
3598,2025-03-01,2022-12-01
1124,2021-06-01,2020-07-01
5676,2021-08-01,2021-08-01
3042,2020-11-01,2020-03-01
7644,2022-08-01,2020-06-01
8396,2024-10-01,2020-01-01
2063,2020-09-01,2020-09-01
6702,2020-11-01,2020-11-01
3825,2023-04-01,2023-04-01
8857,2024-03-01,2023-01-01
5114,2023-01-01,2023-01-01
2811,2022-09-01,2022-09-01
2941,2024-03-01,2020-01-01
3009,2020-10-01,2020-09-01
7759,2021-06-01,2021-04-01
8361,2020-03-01,2020-03-01
9011,2024-08-01,2020-02-01
1698,2025-01-01,2025-01-01
2596,2021-11-01,2020-06-01
7000,2023-12-01,2023-12-01
1499,2023-03-01,2021-12-01
6615,2021-03-01,2021-03-01
2383,2023-11-01,2020-09-01
7694,2020-07-01,2020-07-01
1882,2022-09-01,2020-05-01
6441,2021-11-01,2021-11-01
5714,2024-11-01,2022-11-01
5514,2023-01-01,2023-01-01
7563,2023-06-01,2020-05-01
4220,2023-09-01,2020-06-01
8128,2021-09-01,2021-09-01
9652,2021-02-01,2020-11-01
7978,2023-10-01,2023-10-01
5157,2023-07-01,2020-11-01
2974,2020-01-01,2020-01-01
4259,2022-01-01,2022-01-01
7595,2022-08-01,2022-03-01
5165,2021-04-01,2021-04-01
8156,2020-04-01,2020-04-01
6787,2023-11-01,2020-01-01
4941,2020-10-01,2020-10-01
8782,2025-04-01,2025-04-01
5358,2020-11-01,2020-11-01
2641,2022-12-01,2021-02-01
1408,2023-01-01,2023-01-01
1828,2020-10-01,2020-04-01
8657,2022-11-01,2020-02-01
1611,2020-02-01,2020-02-01
5303,2023-07-01,2020-03-01
2113,2024-06-01,2020-02-01
5416,2025-01-01,2021-12-01
5084,2023-09-01,2022-12-01
2077,2025-01-01,2022-03-01
1692,2020-11-01,2020-06-01
9222,2022-07-01,2022-07-01
5876,2023-01-01,2020-05-01
9141,2023-12-01,2020-03-01
9670,2020-05-01,2020-05-01
4664,2020-01-01,2020-01-01
8589,2025-02-01,2021-09-01
2970,2020-08-01,2020-08-01
5794,2020-02-01,2020-02-01
2631,2023-11-01,2022-11-01
5696,2020-03-01,2020-03-01
8862,2020-04-01,2020-04-01
4822,2024-11-01,2020-07-01
8158,2022-09-01,2022-09-01
9444,2021-01-01,2020-12-01
5736,2023-11-01,2022-01-01
8308,2023-01-01,2020-06-01
5327,2021-09-01,2020-08-01
3286,2023-10-01,2020-05-01
1835,2024-04-01,2022-06-01
3810,2021-08-01,2021-08-01
1899,2022-05-01,2020-01-01
1449,2023-03-01,2023-03-01
5251,2022-04-01,2020-01-01
2371,2024-11-01,2021-05-01
9404,2022-10-01,2022-10-01
8349,2021-04-01,2020-09-01
2368,2021-03-01,2021-03-01
9806,2021-10-01,2020-08-01
5747,2021-07-01,2020-05-01
1500,2021-04-01,2020-06-01
9955,2023-06-01,2020-05-01
5982,2020-07-01,2020-07-01
2970,2022-08-01,2020-08-01
9551,2021-10-01,2021-10-01
8214,2025-02-01,2021-07-01
8170,2024-11-01,2021-06-01
3827,2022-09-01,2020-08-01
5251,2020-01-01,2020-01-01
8771,2020-11-01,2020-11-01
2535,2025-03-01,2021-06-01
4095,2025-04-01,2023-07-01
5907,2025-01-01,2025-01-01
2376,2021-07-01,2021-02-01
9186,2022-03-01,2021-08-01
5430,2022-05-01,2022-05-01
7938,2020-04-01,2020-04-01
3464,2023-04-01,2023-04-01
8817,2024-10-01,2023-09-01
5376,2022-07-01,2021-08-01
4757,2021-04-01,2021-04-01
2448,2025-02-01,2020-03-01
2843,2023-07-01,2021-02-01
9099,2021-09-01,2020-11-01
5065,2024-09-01,2024-01-01
4672,2023-09-01,2021-08-01
6800,2023-03-01,2020-04-01
7523,2024-11-01,2020-03-01
1740,2023-11-01,2023-11-01
5637,2024-03-01,2020-03-01
7287,2023-09-01,2022-11-01
5338,2022-02-01,2022-02-01
1419,2020-05-01,2020-05-01
6118,2022-01-01,2022-01-01
1190,2024-05-01,2022-12-01
2674,2022-09-01,2021-12-01
6825,2025-04-01,2021-05-01
7662,2022-01-01,2022-01-01
3048,2023-04-01,2022-10-01
4637,2022-04-01,2022-04-01
9727,2021-05-01,2021-05-01
1673,2025-02-01,2021-12-01
5235,2021-07-01,2021-07-01
9637,2022-01-01,2022-01-01
2116,2020-05-01,2020-05-01
2038,2021-09-01,2020-03-01
4513,2020-01-01,2020-01-01
5067,2022-07-01,2020-11-01
3674,2022-07-01,2020-05-01
7674,2020-12-01,2020-12-01
8784,2020-10-01,2020-10-01
6598,2022-04-01,2020-10-01
1717,2022-05-01,2021-10-01
9372,2022-07-01,2021-12-01
1359,2024-08-01,2021-06-01
5561,2022-08-01,2022-08-01
3369,2023-02-01,2021-04-01
2595,2021-08-01,2020-07-01
1517,2023-11-01,2023-11-01
5737,2023-10-01,2023-10-01
7822,2022-07-01,2020-07-01
8701,2024-10-01,2024-10-01
2070,2022-12-01,2020-06-01
5238,2024-11-01,2021-10-01
9955,2022-05-01,2020-05-01
9864,2025-03-01,2021-12-01
1046,2024-10-01,2022-01-01
3383,2021-08-01,2021-08-01
8255,2021-07-01,2021-07-01
2713,2023-05-01,2023-05-01
4026,2022-05-01,2022-05-01
7169,2020-08-01,2020-08-01
7917,2024-10-01,2023-05-01
5079,2023-04-01,2020-05-01
7485,2024-02-01,2024-02-01
8214,2021-07-01,2021-07-01
7244,2023-09-01,2022-10-01
2479,2022-11-01,2022-04-01
5279,2020-05-01,2020-05-01
1807,2023-11-01,2020-03-01
3208,2024-12-01,2021-05-01
3958,2020-01-01,2020-01-01
8827,2020-07-01,2020-07-01
7250,2020-09-01,2020-05-01
6755,2023-10-01,2021-10-01
2287,2023-08-01,2020-08-01
2013,2022-12-01,2022-12-01
9811,2022-12-01,2022-12-01
7469,2021-06-01,2021-06-01
5072,2021-07-01,2021-04-01
3060,2023-06-01,2021-01-01
5258,2023-03-01,2023-03-01
1914,2021-10-01,2020-01-01
1805,2024-05-01,2021-12-01
5933,2023-04-01,2020-07-01
9689,2021-09-01,2020-07-01
3931,2022-07-01,2022-07-01
7144,2025-01-01,2020-07-01
8125,2023-10-01,2023-10-01
1819,2020-09-01,2020-04-01
5294,2021-01-01,2021-01-01
6156,2023-02-01,2021-12-01
9028,2020-06-01,2020-06-01
9806,2022-09-01,2020-08-01
8382,2023-09-01,2023-02-01
6225,2023-09-01,2020-01-01
9297,2020-12-01,2020-12-01
7965,2021-10-01,2021-10-01
5228,2021-04-01,2021-04-01
3143,2024-07-01,2022-05-01
7860,2021-04-01,2021-04-01
1887,2023-07-01,2023-07-01
6472,2020-02-01,2020-02-01
4750,2023-03-01,2020-06-01
7971,2020-05-01,2020-05-01
2940,2024-09-01,2021-08-01
3966,2024-02-01,2021-12-01
8015,2024-07-01,2022-06-01
8765,2020-09-01,2020-09-01
6177,2020-07-01,2020-07-01
1454,2024-09-01,2024-09-01
5602,2021-06-01,2021-06-01
2512,2023-09-01,2023-09-01
5115,2022-06-01,2022-06-01
7361,2024-09-01,2021-02-01
9795,2023-02-01,2020-10-01
9458,2020-07-01,2020-07-01
9102,2020-01-01,2020-01-01
4209,2020-08-01,2020-08-01
6871,2022-01-01,2021-03-01
5476,2022-02-01,2022-02-01
7693,2020-06-01,2020-06-01
7963,2023-10-01,2022-04-01
2817,2023-06-01,2022-08-01
4340,2023-02-01,2023-02-01
8843,2025-03-01,2023-08-01
6664,2022-10-01,2022-05-01
7322,2025-01-01,2024-12-01
1787,2022-12-01,2021-04-01
3765,2023-04-01,2020-06-01
9422,2024-07-01,2020-08-01
3021,2020-04-01,2020-04-01
4810,2024-04-01,2024-04-01
6931,2020-06-01,2020-06-01
1772,2020-06-01,2020-06-01
5169,2021-07-01,2020-12-01
5672,2020-04-01,2020-04-01
3386,2023-02-01,2023-02-01
2825,2020-08-01,2020-07-01
3525,2021-04-01,2021-04-01
5677,2024-06-01,2020-10-01
9048,2021-11-01,2021-11-01
2390,2020-07-01,2020-07-01
4379,2023-06-01,2020-01-01
3725,2021-12-01,2021-12-01
4139,2024-03-01,2021-07-01
9829,2021-11-01,2020-10-01
2192,2023-03-01,2023-03-01
1206,2023-06-01,2022-11-01
2102,2020-09-01,2020-02-01
5045,2020-10-01,2020-03-01
6389,2023-05-01,2023-02-01
1543,2022-01-01,2020-04-01
6324,2020-12-01,2020-12-01
3372,2022-07-01,2022-07-01
6423,2024-03-01,2023-07-01
1193,2024-12-01,2024-12-01
2701,2022-01-01,2021-10-01
7493,2021-02-01,2021-01-01
5695,2020-11-01,2020-11-01
7962,2022-03-01,2022-03-01
5568,2022-01-01,2022-01-01
6889,2021-08-01,2021-08-01
1876,2023-11-01,2020-07-01
9766,2021-07-01,2021-07-01
2080,2020-03-01,2020-03-01
4562,2023-07-01,2021-11-01
2755,2024-10-01,2021-11-01
6251,2024-07-01,2021-05-01
3020,2024-05-01,2022-09-01
9230,2021-01-01,2021-01-01
9828,2023-06-01,2023-06-01
7972,2021-04-01,2021-04-01
9429,2023-07-01,2022-10-01
1998,2025-01-01,2025-01-01
8884,2021-06-01,2021-06-01
8853,2024-03-01,2021-01-01
3253,2024-09-01,2022-07-01
1596,2024-08-01,2023-02-01
9854,2023-03-01,2022-05-01
5139,2021-08-01,2020-09-01
4337,2022-01-01,2021-03-01
4709,2022-06-01,2022-06-01
9543,2025-04-01,2020-10-01
2690,2021-06-01,2021-06-01
9191,2021-04-01,2021-04-01
4442,2024-06-01,2020-04-01
9432,2022-12-01,2022-12-01
4474,2023-04-01,2023-04-01
1733,2024-12-01,2023-01-01
4032,2020-06-01,2020-06-01
1266,2022-03-01,2022-03-01
7323,2024-01-01,2024-01-01
2877,2024-01-01,2021-04-01
9321,2022-02-01,2022-02-01
8878,2025-02-01,2022-06-01
1183,2023-04-01,2023-04-01
4102,2024-08-01,2023-09-01
5731,2021-06-01,2021-06-01
4854,2021-02-01,2021-02-01
6231,2020-04-01,2020-04-01
2393,2021-12-01,2020-10-01
8906,2024-08-01,2020-01-01
3265,2021-07-01,2021-07-01
7695,2023-10-01,2020-07-01
6183,2023-05-01,2023-05-01
1571,2022-03-01,2021-09-01
1276,2020-12-01,2020-12-01
3988,2024-10-01,2024-10-01
6397,2023-03-01,2021-11-01
7212,2023-06-01,2022-04-01
6429,2021-11-01,2021-01-01
1754,2023-05-01,2022-03-01
7388,2024-10-01,2021-08-01
2209,2022-08-01,2022-08-01
7438,2021-02-01,2021-02-01
2417,2021-10-01,2021-10-01
4683,2024-07-01,2020-11-01
8323,2020-04-01,2020-04-01
7534,2021-02-01,2020-12-01
5405,2020-02-01,2020-02-01
1687,2023-10-01,2023-10-01
7017,2020-09-01,2020-09-01
8043,2023-01-01,2021-03-01
5820,2020-07-01,2020-07-01
9753,2024-10-01,2024-10-01
7639,2021-02-01,2020-02-01
8522,2022-12-01,2022-06-01
4835,2023-01-01,2023-01-01
9520,2022-02-01,2021-10-01
2938,2023-08-01,2020-09-01
8951,2021-02-01,2021-02-01
6965,2023-10-01,2023-10-01
8024,2024-02-01,2024-02-01
2270,2025-04-01,2024-06-01
1382,2020-11-01,2020-11-01
3072,2020-08-01,2020-08-01
3174,2020-04-01,2020-04-01
6873,2020-05-01,2020-05-01
9552,2023-11-01,2022-08-01
7228,2020-08-01,2020-08-01
1095,2021-10-01,2021-10-01
7038,2021-01-01,2021-01-01
8552,2023-05-01,2022-04-01
6150,2022-08-01,2022-07-01
8545,2023-03-01,2023-03-01
2478,2024-12-01,2024-06-01
8999,2021-04-01,2020-03-01
4029,2023-04-01,2023-02-01
9877,2023-10-01,2021-08-01
3370,2023-07-01,2021-09-01
7599,2024-04-01,2021-03-01
5362,2024-09-01,2024-02-01
8823,2022-03-01,2020-12-01
2219,2023-12-01,2023-04-01
5330,2022-08-01,2020-06-01
5364,2024-05-01,2023-08-01
6678,2024-03-01,2023-01-01
8964,2022-04-01,2020-12-01
6225,2020-01-01,2020-01-01
3071,2021-05-01,2021-05-01
3318,2020-12-01,2020-12-01
9141,2020-03-01,2020-03-01
1295,2023-08-01,2021-02-01
2038,2020-06-01,2020-03-01
6606,2022-08-01,2022-08-01
8526,2023-02-01,2022-07-01
5562,2022-07-01,2021-03-01
3910,2021-11-01,2020-09-01
6375,2021-04-01,2021-04-01
1082,2024-10-01,2024-10-01
9522,2024-12-01,2024-12-01
3994,2024-04-01,2020-07-01
8415,2022-09-01,2022-09-01
7876,2024-05-01,2021-03-01
7113,2025-01-01,2020-01-01
1965,2022-01-01,2022-01-01
1966,2024-09-01,2022-06-01
7091,2022-01-01,2022-01-01
3916,2022-04-01,2022-04-01
2411,2025-04-01,2021-06-01
2324,2024-02-01,2020-12-01
6942,2020-03-01,2020-03-01
1872,2024-05-01,2022-10-01
4270,2020-03-01,2020-03-01
2161,2024-09-01,2020-06-01
6143,2023-05-01,2022-02-01
8927,2023-03-01,2023-03-01
2419,2024-09-01,2024-05-01
6116,2020-10-01,2020-10-01
5801,2025-02-01,2020-09-01
3307,2023-04-01,2020-11-01
8673,2022-05-01,2022-05-01
4495,2020-01-01,2020-01-01
6646,2024-07-01,2021-02-01
5571,2020-07-01,2020-07-01
7773,2020-06-01,2020-06-01
9432,2025-03-01,2022-12-01
4312,2024-05-01,2020-02-01
2354,2020-12-01,2020-12-01
2158,2022-02-01,2022-01-01
1743,2022-07-01,2022-07-01
7607,2024-05-01,2020-05-01
2125,2024-02-01,2023-04-01
4495,2020-07-01,2020-01-01
6897,2022-06-01,2022-06-01
4964,2020-10-01,2020-10-01
7892,2020-10-01,2020-10-01
5472,2024-09-01,2022-01-01
1637,2025-03-01,2024-12-01
4174,2024-02-01,2021-03-01
5118,2024-10-01,2020-07-01
9247,2020-06-01,2020-04-01
3897,2020-06-01,2020-06-01
7268,2024-07-01,2021-10-01
5881,2021-04-01,2021-04-01
9850,2020-05-01,2020-05-01
1869,2021-06-01,2020-03-01
5533,2022-07-01,2021-08-01
6899,2022-05-01,2020-01-01
6774,2024-07-01,2024-03-01
3612,2021-09-01,2020-06-01
1159,2022-04-01,2020-10-01
6460,2023-05-01,2022-06-01
2755,2021-11-01,2021-11-01
6070,2023-03-01,2023-03-01
2666,2020-02-01,2020-02-01
2365,2023-07-01,2023-07-01
9315,2020-08-01,2020-07-01
1312,2024-04-01,2023-11-01
8293,2021-11-01,2020-04-01
3902,2024-04-01,2024-04-01
7653,2024-06-01,2021-01-01
4830,2024-02-01,2024-02-01
2362,2023-12-01,2023-12-01
2354,2022-12-01,2020-12-01
8171,2021-12-01,2021-09-01
6854,2024-10-01,2021-01-01
1173,2022-11-01,2022-02-01
1831,2023-03-01,2020-04-01
6525,2021-11-01,2021-11-01
3999,2021-02-01,2020-03-01
5253,2020-06-01,2020-06-01
6567,2023-08-01,2023-08-01
1718,2023-08-01,2022-09-01
2636,2024-05-01,2023-11-01
4133,2023-04-01,2022-01-01
1811,2020-08-01,2020-08-01
6999,2023-10-01,2020-11-01
2077,2022-03-01,2022-03-01
5716,2024-01-01,2024-01-01
4542,2020-05-01,2020-05-01
1199,2022-03-01,2022-03-01
2941,2021-05-01,2020-01-01
3065,2022-07-01,2020-04-01
8019,2022-11-01,2021-02-01
5656,2024-06-01,2020-05-01
5913,2020-04-01,2020-04-01
4627,2021-01-01,2020-11-01
3855,2021-02-01,2021-02-01
6670,2022-01-01,2021-08-01
7124,2023-08-01,2021-10-01
3400,2022-11-01,2022-11-01
2157,2021-10-01,2021-10-01
8977,2020-10-01,2020-10-01
1213,2023-10-01,2021-10-01
8020,2023-01-01,2021-07-01
1963,2024-01-01,2021-03-01
8196,2025-01-01,2022-05-01
4958,2025-03-01,2025-03-01
5375,2023-09-01,2023-05-01
4568,2021-07-01,2020-12-01
5734,2022-02-01,2020-07-01
7143,2023-04-01,2022-05-01
1045,2022-09-01,2022-09-01
7176,2023-12-01,2021-01-01
6475,2021-05-01,2020-11-01
3632,2023-08-01,2021-01-01
2194,2021-03-01,2021-03-01
6129,2021-04-01,2020-02-01
4008,2022-07-01,2022-07-01
9802,2022-03-01,2021-06-01
2001,2023-10-01,2023-05-01
3448,2023-04-01,2023-04-01
6041,2024-10-01,2024-10-01
2142,2025-04-01,2020-02-01
1652,2023-03-01,2021-09-01
1760,2023-11-01,2022-09-01
9863,2024-11-01,2024-11-01
9362,2023-02-01,2022-09-01
3481,2024-07-01,2024-07-01
2448,2023-06-01,2020-03-01
4603,2024-04-01,2024-04-01
1106,2020-06-01,2020-06-01
6480,2020-02-01,2020-02-01
6473,2023-09-01,2023-09-01
9897,2020-10-01,2020-10-01
4048,2021-06-01,2021-06-01
7938,2023-10-01,2020-04-01
1760,2022-09-01,2022-09-01
7866,2021-01-01,2021-01-01
1138,2021-08-01,2020-07-01
8496,2023-03-01,2021-06-01
4056,2025-01-01,2021-05-01
8591,2023-12-01,2023-12-01
3065,2023-12-01,2020-04-01
2876,2020-06-01,2020-04-01
3655,2022-03-01,2021-01-01
1100,2022-02-01,2022-02-01
3756,2022-07-01,2021-03-01
3800,2024-11-01,2020-06-01
3039,2025-01-01,2021-03-01
1070,2024-03-01,2021-06-01
2547,2021-01-01,2020-05-01
9243,2022-08-01,2020-01-01
7085,2025-01-01,2020-05-01
2336,2025-02-01,2020-02-01
8598,2024-03-01,2020-02-01
3743,2020-06-01,2020-06-01
7254,2020-12-01,2020-12-01
1824,2023-09-01,2020-02-01
4872,2025-04-01,2020-12-01
4538,2022-11-01,2022-11-01
3532,2023-06-01,2021-08-01
8857,2023-01-01,2023-01-01
5523,2021-09-01,2021-09-01
1875,2022-03-01,2022-03-01
3262,2021-02-01,2021-02-01
3662,2024-12-01,2022-06-01
4502,2021-04-01,2020-08-01
3088,2023-09-01,2021-03-01
3216,2025-04-01,2022-05-01
1969,2022-06-01,2022-06-01
5566,2022-07-01,2022-07-01
4463,2023-08-01,2020-01-01
9599,2020-06-01,2020-06-01
7905,2022-08-01,2022-01-01
4215,2021-11-01,2020-05-01
3073,2024-09-01,2022-05-01
1213,2021-10-01,2021-10-01
4405,2024-08-01,2024-08-01
3445,2023-05-01,2020-03-01
3139,2022-01-01,2022-01-01
6884,2020-10-01,2020-10-01
2691,2022-11-01,2022-11-01
4177,2020-09-01,2020-09-01
9246,2021-12-01,2021-01-01
1770,2023-07-01,2020-07-01
4228,2023-06-01,2022-10-01
6643,2025-01-01,2025-01-01
4781,2024-07-01,2022-09-01
8486,2020-09-01,2020-02-01
2572,2024-04-01,2021-10-01
3163,2021-11-01,2021-11-01
1375,2020-04-01,2020-04-01
2468,2020-06-01,2020-06-01
2212,2024-12-01,2021-04-01
1669,2024-03-01,2021-07-01
9698,2020-09-01,2020-03-01
5319,2021-08-01,2021-08-01
9867,2023-10-01,2023-10-01
7342,2022-09-01,2022-09-01
2329,2023-07-01,2020-09-01
2941,2022-02-01,2020-01-01
9209,2021-01-01,2021-01-01
7038,2024-09-01,2021-01-01
7443,2022-10-01,2020-09-01
7277,2024-05-01,2020-05-01
3506,2025-02-01,2025-02-01
7450,2025-01-01,2024-03-01
5967,2023-07-01,2021-01-01
5923,2024-11-01,2021-09-01
8069,2022-10-01,2021-06-01
6016,2020-08-01,2020-08-01
4681,2024-08-01,2022-01-01
1139,2022-03-01,2022-03-01
7175,2023-12-01,2023-12-01
3121,2020-10-01,2020-02-01
3206,2023-10-01,2023-10-01
2449,2020-05-01,2020-05-01
5189,2024-07-01,2024-07-01
3251,2020-10-01,2020-10-01
6628,2021-02-01,2021-02-01
6252,2021-10-01,2021-10-01
2661,2025-04-01,2022-07-01
1643,2024-01-01,2022-10-01
2607,2022-12-01,2022-12-01
3416,2022-04-01,2020-03-01
6097,2022-01-01,2022-01-01
2386,2024-09-01,2020-06-01
7230,2022-05-01,2022-05-01
6551,2020-10-01,2020-10-01
5615,2022-08-01,2020-05-01
6990,2020-11-01,2020-03-01
9710,2024-03-01,2021-03-01
5271,2022-11-01,2021-04-01
4946,2021-10-01,2021-10-01
6993,2020-10-01,2020-10-01
9183,2022-08-01,2020-06-01
5375,2023-05-01,2023-05-01
7396,2024-03-01,2021-09-01
5400,2021-03-01,2021-03-01
7576,2020-07-01,2020-07-01
5395,2022-07-01,2021-05-01
6496,2021-11-01,2021-11-01
4930,2024-01-01,2024-01-01
8736,2020-06-01,2020-06-01
7439,2023-04-01,2023-04-01
9237,2020-04-01,2020-04-01
8059,2025-03-01,2024-07-01
3072,2021-03-01,2020-08-01
5678,2023-10-01,2020-09-01
1129,2022-06-01,2022-06-01
6019,2022-12-01,2022-12-01
4037,2022-04-01,2022-04-01
3336,2021-11-01,2021-11-01
7247,2023-02-01,2023-02-01
3977,2022-05-01,2021-01-01
1221,2022-09-01,2022-09-01
3239,2022-02-01,2022-02-01
2944,2021-09-01,2021-09-01
3007,2022-03-01,2020-04-01
1862,2022-08-01,2020-03-01
9920,2024-08-01,2024-08-01
3579,2020-07-01,2020-07-01
5931,2025-03-01,2024-02-01
4497,2020-10-01,2020-10-01
8418,2024-07-01,2023-01-01
8502,2024-11-01,2020-06-01
1296,2023-03-01,2023-03-01
2998,2024-06-01,2023-04-01
6837,2022-01-01,2020-03-01
2970,2021-12-01,2020-08-01
9994,2023-03-01,2020-12-01
5601,2025-02-01,2024-06-01
6943,2020-03-01,2020-03-01
5577,2020-12-01,2020-12-01
8093,2023-08-01,2023-08-01
8547,2022-11-01,2022-11-01
9160,2024-12-01,2024-12-01
4178,2022-08-01,2022-08-01
1414,2023-10-01,2023-10-01
6594,2021-09-01,2020-02-01
4646,2023-01-01,2020-02-01
8421,2023-07-01,2023-07-01
7558,2025-03-01,2023-01-01
4085,2024-09-01,2021-01-01
2826,2023-04-01,2023-04-01
1764,2023-11-01,2023-11-01
6850,2020-06-01,2020-06-01
9798,2020-07-01,2020-01-01
6332,2021-03-01,2021-03-01
1747,2024-03-01,2023-09-01
8927,2023-12-01,2023-03-01
3097,2025-03-01,2024-08-01
6239,2022-11-01,2020-09-01
2964,2023-02-01,2020-01-01
5933,2021-12-01,2020-07-01
3022,2020-02-01,2020-02-01
7520,2020-11-01,2020-11-01
2422,2023-05-01,2023-05-01
1574,2021-02-01,2021-02-01
7194,2020-11-01,2020-11-01
3525,2022-11-01,2021-04-01
3883,2022-02-01,2020-09-01
4055,2025-01-01,2022-06-01
8940,2021-07-01,2020-01-01
3094,2022-11-01,2022-07-01
6771,2020-12-01,2020-12-01
4493,2024-07-01,2022-06-01
3768,2022-05-01,2021-09-01
8253,2022-09-01,2020-10-01
4114,2022-04-01,2022-04-01
3855,2022-12-01,2021-02-01
8760,2023-02-01,2020-04-01
6800,2020-04-01,2020-04-01
7934,2022-10-01,2020-09-01
6734,2021-01-01,2021-01-01
7506,2025-03-01,2020-01-01
8522,2022-06-01,2022-06-01
7374,2025-01-01,2020-05-01
9284,2023-03-01,2021-05-01
7244,2024-08-01,2022-10-01
9050,2022-01-01,2022-01-01
2634,2022-12-01,2022-12-01
4641,2024-04-01,2021-08-01
3996,2024-04-01,2024-04-01
8122,2025-03-01,2025-03-01
9751,2022-04-01,2020-07-01
8839,2024-02-01,2020-03-01
5303,2020-10-01,2020-03-01
4550,2021-11-01,2021-11-01
3320,2020-01-01,2020-01-01
9328,2024-02-01,2020-11-01
5784,2024-10-01,2024-10-01
6670,2021-08-01,2021-08-01
3527,2022-10-01,2022-08-01
4016,2021-05-01,2021-05-01
7635,2022-07-01,2022-07-01
6530,2025-01-01,2021-08-01
1807,2021-05-01,2020-03-01
8844,2021-10-01,2021-09-01
2092,2023-07-01,2023-07-01
9709,2023-10-01,2022-09-01
9057,2021-07-01,2021-07-01
1103,2023-07-01,2021-05-01
4753,2023-03-01,2021-09-01
2999,2022-06-01,2020-03-01
3432,2020-05-01,2020-05-01
2175,2023-12-01,2020-06-01
3859,2022-06-01,2022-06-01
9334,2025-03-01,2020-08-01
7542,2024-12-01,2022-06-01
8758,2021-02-01,2021-02-01
2036,2023-01-01,2021-12-01
8801,2024-02-01,2023-05-01
5119,2021-09-01,2021-09-01
2102,2025-03-01,2020-02-01
5385,2022-05-01,2022-01-01
6606,2023-05-01,2022-08-01
1277,2022-12-01,2021-11-01
2496,2022-03-01,2022-03-01
4465,2020-03-01,2020-03-01
9964,2022-03-01,2021-10-01
1986,2022-10-01,2022-10-01
3246,2020-01-01,2020-01-01
8120,2024-07-01,2024-07-01
1244,2024-10-01,2020-05-01
9128,2023-12-01,2023-01-01
2471,2023-11-01,2023-11-01
4306,2022-02-01,2022-02-01
8045,2022-04-01,2020-11-01
7611,2021-01-01,2021-01-01
8436,2021-04-01,2021-04-01
9572,2020-10-01,2020-10-01
3702,2021-07-01,2021-07-01
4790,2021-05-01,2021-05-01
4037,2023-04-01,2022-04-01
7379,2022-01-01,2022-01-01
8542,2023-08-01,2020-03-01
9690,2020-11-01,2020-11-01
9924,2023-12-01,2021-02-01
4407,2023-06-01,2021-01-01
6058,2022-07-01,2020-06-01
2502,2024-10-01,2023-01-01
6387,2020-07-01,2020-07-01
9396,2024-06-01,2024-06-01
6486,2020-04-01,2020-04-01
3371,2021-12-01,2021-12-01
2134,2021-05-01,2021-05-01
6719,2022-12-01,2020-03-01
5461,2023-06-01,2023-06-01
8472,2022-12-01,2021-03-01
8863,2025-01-01,2022-05-01
1019,2024-04-01,2023-12-01
8606,2020-06-01,2020-01-01
9925,2020-09-01,2020-02-01
9133,2020-03-01,2020-03-01
8337,2021-10-01,2020-10-01
2458,2020-07-01,2020-05-01
7318,2020-01-01,2020-01-01
1553,2025-03-01,2025-03-01
1541,2021-04-01,2021-04-01
6783,2022-07-01,2022-07-01
8704,2025-03-01,2023-10-01
7326,2020-03-01,2020-03-01
7989,2023-11-01,2020-07-01
8231,2022-10-01,2020-12-01
6867,2022-04-01,2020-07-01
7228,2022-02-01,2020-08-01
1811,2023-09-01,2020-08-01
8634,2023-07-01,2023-07-01
7029,2023-04-01,2020-10-01
9667,2021-06-01,2021-06-01
4381,2023-10-01,2023-04-01
2283,2020-08-01,2020-08-01
5751,2022-09-01,2022-09-01
6495,2024-11-01,2021-07-01
5615,2024-01-01,2020-05-01
5063,2024-09-01,2024-09-01
5288,2023-12-01,2023-07-01
4627,2020-11-01,2020-11-01
2195,2024-04-01,2021-03-01
2987,2020-12-01,2020-12-01
5007,2020-01-01,2020-01-01
5234,2023-01-01,2023-01-01
5670,2021-03-01,2021-03-01
7716,2022-11-01,2021-09-01
3807,2022-12-01,2020-04-01
6377,2024-09-01,2024-09-01
8815,2024-11-01,2024-11-01
9735,2025-02-01,2020-08-01
5417,2020-01-01,2020-01-01
2697,2021-12-01,2020-10-01
8299,2022-06-01,2022-06-01
3839,2022-05-01,2021-02-01
1710,2020-10-01,2020-03-01
9496,2020-05-01,2020-05-01
7763,2024-08-01,2021-10-01
3161,2024-01-01,2024-01-01
1610,2022-09-01,2022-02-01
5944,2023-11-01,2023-04-01
5987,2024-08-01,2021-05-01
3431,2022-01-01,2021-11-01
1894,2020-11-01,2020-11-01
6828,2020-11-01,2020-11-01
4342,2024-08-01,2024-08-01
6461,2023-08-01,2023-08-01
9663,2025-03-01,2025-03-01
4118,2021-12-01,2020-02-01
8722,2024-06-01,2023-04-01
8049,2023-08-01,2023-08-01
4578,2024-05-01,2021-07-01
6906,2025-01-01,2023-06-01
5249,2020-12-01,2020-12-01
7355,2023-07-01,2020-11-01
4650,2020-10-01,2020-10-01
7078,2025-01-01,2022-08-01
5859,2020-02-01,2020-02-01
7674,2021-01-01,2020-12-01
3223,2023-09-01,2020-04-01
4193,2021-08-01,2021-08-01
4000,2024-09-01,2024-09-01
2765,2025-04-01,2020-12-01
8385,2020-08-01,2020-05-01
9264,2020-04-01,2020-04-01
7492,2020-03-01,2020-03-01
1459,2025-03-01,2023-02-01
6141,2024-05-01,2023-11-01
5597,2021-04-01,2021-01-01
1821,2021-09-01,2021-09-01
2469,2022-06-01,2022-06-01
8178,2023-07-01,2022-05-01
8631,2020-03-01,2020-03-01
5949,2020-08-01,2020-08-01
1957,2022-06-01,2022-06-01
7006,2021-06-01,2021-06-01
3653,2023-01-01,2020-10-01
5592,2021-05-01,2021-05-01
3968,2022-07-01,2022-07-01
3612,2023-11-01,2020-06-01
9524,2022-04-01,2020-11-01
4830,2024-11-01,2024-02-01
3202,2024-08-01,2020-08-01
2766,2022-07-01,2021-05-01
4763,2020-10-01,2020-10-01
5155,2024-03-01,2024-03-01
2109,2022-10-01,2022-10-01
8008,2021-07-01,2021-06-01
1175,2020-04-01,2020-04-01
3326,2021-07-01,2020-06-01
6691,2021-10-01,2021-10-01
5081,2024-01-01,2024-01-01
3843,2020-01-01,2020-01-01
4450,2023-05-01,2021-02-01
4781,2022-09-01,2022-09-01
5232,2022-02-01,2022-02-01
4850,2022-10-01,2021-10-01
3159,2022-07-01,2020-05-01
5849,2022-06-01,2022-04-01
1268,2020-12-01,2020-12-01
3671,2020-07-01,2020-07-01
3169,2024-07-01,2022-07-01
1958,2024-05-01,2020-04-01
7776,2020-08-01,2020-08-01
9953,2022-10-01,2022-10-01
8803,2024-04-01,2022-01-01
9113,2024-02-01,2022-05-01
7781,2024-05-01,2024-05-01
3996,2025-01-01,2024-04-01
7329,2024-02-01,2023-08-01
4725,2024-12-01,2020-08-01
3524,2020-07-01,2020-07-01
3430,2021-11-01,2020-01-01
3947,2021-05-01,2020-04-01
1657,2024-06-01,2021-01-01
6623,2021-03-01,2020-03-01
5616,2020-09-01,2020-09-01
3415,2021-12-01,2021-02-01
5081,2024-01-01,2024-01-01
2250,2020-04-01,2020-04-01
3129,2024-07-01,2020-07-01
2953,2023-10-01,2020-07-01
1687,2024-04-01,2023-10-01
7814,2024-03-01,2024-03-01
1819,2020-04-01,2020-04-01
8445,2020-09-01,2020-09-01
5773,2022-05-01,2022-05-01
4695,2020-11-01,2020-05-01
2696,2020-02-01,2020-02-01
5125,2023-01-01,2023-01-01
6215,2023-10-01,2020-04-01
9093,2022-01-01,2022-01-01
3328,2021-06-01,2021-06-01
5170,2024-11-01,2020-04-01
8444,2021-12-01,2021-12-01
6909,2023-03-01,2021-09-01
3364,2023-04-01,2020-11-01
7174,2020-06-01,2020-06-01
5270,2022-05-01,2022-05-01
7266,2023-06-01,2022-11-01
4199,2024-11-01,2024-11-01
9840,2022-02-01,2020-09-01
5749,2021-08-01,2021-08-01
1303,2023-07-01,2023-07-01
9177,2025-04-01,2020-12-01
6416,2024-09-01,2021-06-01
1340,2020-01-01,2020-01-01
7130,2022-06-01,2022-06-01
9314,2023-04-01,2021-01-01
6131,2021-02-01,2021-02-01
8343,2021-05-01,2021-01-01
3976,2021-09-01,2021-09-01
4427,2023-06-01,2020-12-01
6186,2023-10-01,2023-10-01
4030,2021-11-01,2020-10-01
8768,2020-11-01,2020-11-01
3621,2023-03-01,2020-12-01
3516,2020-09-01,2020-09-01
7543,2021-03-01,2020-10-01
3322,2023-03-01,2023-03-01
1455,2021-12-01,2020-04-01
3583,2021-11-01,2020-05-01
2917,2023-10-01,2023-03-01
4577,2023-07-01,2023-07-01
6205,2021-01-01,2021-01-01
7590,2022-06-01,2021-10-01
8590,2024-11-01,2020-08-01
7694,2022-08-01,2020-07-01
5860,2022-06-01,2022-06-01
1700,2021-08-01,2020-03-01
6492,2025-03-01,2024-11-01
9427,2022-11-01,2020-12-01
6564,2024-11-01,2021-05-01
2752,2022-05-01,2021-10-01
1662,2020-08-01,2020-08-01
9756,2021-08-01,2021-08-01
3572,2025-02-01,2020-06-01
2371,2025-03-01,2021-05-01
2546,2021-07-01,2021-05-01
2249,2022-04-01,2022-04-01
9378,2020-10-01,2020-10-01
7102,2020-07-01,2020-07-01
9903,2021-07-01,2020-04-01
7577,2020-01-01,2020-01-01
2703,2024-02-01,2024-02-01
9697,2020-07-01,2020-07-01
9802,2021-06-01,2021-06-01
6006,2023-03-01,2021-07-01
1015,2021-03-01,2020-12-01
3910,2020-09-01,2020-09-01
9156,2024-08-01,2023-11-01
8871,2022-02-01,2020-11-01
9532,2020-09-01,2020-09-01
7352,2024-03-01,2024-03-01
7542,2022-06-01,2022-06-01
2945,2022-11-01,2020-12-01
3118,2024-06-01,2022-02-01
3953,2022-08-01,2020-08-01
8145,2023-01-01,2022-02-01
2230,2020-08-01,2020-08-01
6007,2022-02-01,2022-02-01
5658,2024-02-01,2023-08-01
9714,2024-05-01,2020-07-01
5610,2024-05-01,2021-09-01
2833,2023-06-01,2020-12-01
8315,2022-03-01,2022-03-01
5549,2021-06-01,2020-04-01
2581,2023-04-01,2023-04-01
4263,2025-01-01,2020-02-01
1326,2022-08-01,2021-04-01
7918,2022-12-01,2020-08-01
3754,2023-02-01,2020-05-01
1088,2021-05-01,2021-05-01
3642,2024-09-01,2024-09-01
9912,2022-11-01,2022-07-01
1063,2023-01-01,2020-06-01
6351,2022-09-01,2020-01-01
5002,2024-11-01,2021-03-01
1031,2021-11-01,2021-11-01
3651,2020-06-01,2020-05-01
3800,2021-06-01,2020-06-01
2023,2022-02-01,2022-02-01
9748,2023-03-01,2020-09-01
8493,2020-10-01,2020-01-01
4721,2022-01-01,2021-01-01
4388,2025-03-01,2025-03-01
7313,2023-03-01,2021-10-01
4514,2022-10-01,2022-10-01
2364,2022-01-01,2021-07-01
2868,2023-04-01,2022-06-01
7594,2021-07-01,2021-07-01
2716,2022-11-01,2022-11-01
5992,2021-05-01,2021-04-01
1013,2022-08-01,2022-02-01
3540,2021-12-01,2021-08-01
4295,2025-02-01,2025-02-01
3496,2022-05-01,2022-05-01
9324,2020-04-01,2020-04-01
6723,2023-08-01,2023-08-01
2037,2024-03-01,2024-03-01
1324,2025-03-01,2020-12-01
9077,2024-09-01,2020-08-01
1711,2022-07-01,2022-05-01
7065,2022-07-01,2022-07-01
1102,2023-04-01,2023-04-01
9563,2023-09-01,2021-06-01
5364,2023-08-01,2023-08-01
3087,2022-10-01,2020-06-01
7713,2021-02-01,2021-02-01
2813,2023-07-01,2023-07-01
7864,2021-03-01,2020-10-01
5046,2023-11-01,2023-11-01
6733,2023-07-01,2020-10-01
1272,2022-11-01,2020-09-01
3468,2023-04-01,2023-04-01
7039,2023-10-01,2021-01-01
9746,2023-06-01,2021-11-01
6798,2021-04-01,2020-01-01
3266,2023-07-01,2023-07-01
6047,2024-08-01,2022-03-01
3662,2023-06-01,2022-06-01
5470,2020-12-01,2020-12-01
1147,2020-10-01,2020-10-01
5880,2023-09-01,2023-09-01
1368,2020-04-01,2020-04-01
8785,2021-03-01,2020-10-01
7750,2023-03-01,2021-09-01
2031,2025-04-01,2025-04-01
7493,2022-10-01,2021-01-01
1063,2020-06-01,2020-06-01
8492,2021-10-01,2021-10-01
9159,2021-07-01,2020-04-01
5656,2020-05-01,2020-05-01
9340,2025-02-01,2020-05-01
9258,2024-07-01,2024-07-01
7733,2022-09-01,2022-09-01
8509,2020-01-01,2020-01-01
6625,2025-04-01,2023-12-01
9788,2021-10-01,2020-06-01
7239,2024-09-01,2024-09-01
9744,2022-12-01,2022-12-01
6177,2024-08-01,2020-07-01
3730,2020-03-01,2020-03-01
7463,2020-04-01,2020-04-01
3800,2020-06-01,2020-06-01
3687,2023-09-01,2023-09-01
1640,2021-01-01,2020-01-01
2002,2021-10-01,2021-10-01
3935,2021-03-01,2020-07-01
6874,2023-02-01,2023-02-01
1008,2024-05-01,2020-04-01
4112,2020-07-01,2020-07-01
6404,2020-06-01,2020-06-01
9861,2020-09-01,2020-09-01
8761,2022-09-01,2022-06-01
2736,2023-07-01,2022-02-01
4875,2020-06-01,2020-06-01
7071,2020-09-01,2020-09-01
1010,2020-08-01,2020-07-01
6651,2021-01-01,2020-05-01
7607,2024-10-01,2020-05-01
6830,2023-05-01,2022-02-01
6856,2020-09-01,2020-09-01
5277,2022-07-01,2022-07-01
8180,2025-03-01,2025-03-01
5820,2022-09-01,2020-07-01
1848,2023-03-01,2021-03-01
1319,2023-08-01,2020-12-01
8734,2024-07-01,2024-07-01
1572,2023-10-01,2023-10-01
4343,2021-10-01,2021-10-01
3013,2024-04-01,2024-04-01
5843,2020-12-01,2020-12-01
3154,2024-01-01,2022-04-01
7445,2021-01-01,2021-01-01
6618,2021-06-01,2021-06-01
7567,2020-05-01,2020-01-01
3700,2022-07-01,2020-07-01
7190,2023-01-01,2023-01-01
2914,2020-03-01,2020-03-01
8146,2025-01-01,2024-03-01
6167,2021-02-01,2021-02-01
4018,2020-05-01,2020-05-01
3046,2020-07-01,2020-01-01
4865,2023-10-01,2023-03-01
5831,2024-07-01,2022-03-01
5237,2024-03-01,2021-03-01
7370,2024-02-01,2020-12-01
6335,2020-12-01,2020-12-01
8161,2025-03-01,2021-08-01
4797,2024-11-01,2020-01-01
1100,2024-06-01,2022-02-01
3247,2020-07-01,2020-07-01
6696,2023-06-01,2023-06-01
1923,2020-02-01,2020-02-01
7461,2024-08-01,2022-12-01
2497,2021-07-01,2021-07-01
8738,2022-11-01,2022-11-01
3345,2023-02-01,2023-02-01
9104,2022-01-01,2022-01-01
9782,2023-07-01,2020-01-01
5036,2023-03-01,2022-11-01
6259,2024-07-01,2022-11-01
6320,2020-09-01,2020-09-01
6001,2021-05-01,2021-05-01
3292,2021-01-01,2020-08-01
2661,2022-07-01,2022-07-01
6368,2021-03-01,2021-03-01
2376,2021-04-01,2021-02-01
6504,2020-10-01,2020-10-01
1772,2024-02-01,2020-06-01
2519,2025-02-01,2025-02-01
6034,2021-10-01,2021-10-01
6998,2021-10-01,2021-05-01
3312,2020-01-01,2020-01-01
5846,2023-10-01,2023-06-01
2951,2020-10-01,2020-10-01
8527,2020-02-01,2020-02-01
4328,2022-07-01,2020-08-01
9000,2022-02-01,2022-02-01
4641,2022-09-01,2021-08-01
4567,2023-05-01,2021-11-01
4293,2024-02-01,2024-02-01
9538,2021-02-01,2021-02-01
7997,2022-06-01,2020-01-01
8773,2021-03-01,2021-03-01
2119,2024-06-01,2022-11-01
8862,2021-03-01,2020-04-01
1157,2023-10-01,2021-06-01
8123,2020-02-01,2020-02-01
2025,2024-06-01,2021-10-01
8293,2021-07-01,2020-04-01
6352,2023-12-01,2023-10-01
6364,2024-11-01,2020-02-01
9386,2021-01-01,2021-01-01
2759,2023-11-01,2023-11-01
8837,2020-08-01,2020-08-01
7250,2023-01-01,2020-05-01
8851,2023-01-01,2020-03-01
3663,2024-07-01,2024-07-01
2069,2021-06-01,2021-06-01
4439,2023-03-01,2022-08-01
5209,2020-08-01,2020-04-01
8045,2024-04-01,2020-11-01
1862,2020-03-01,2020-03-01
1475,2020-08-01,2020-08-01
1790,2020-09-01,2020-08-01
6575,2023-09-01,2023-09-01
1277,2022-12-01,2021-11-01
6576,2022-06-01,2022-06-01
2392,2021-05-01,2020-04-01
9553,2022-08-01,2022-08-01
3788,2021-07-01,2021-07-01
5537,2024-12-01,2024-06-01
9465,2024-04-01,2024-04-01
8500,2021-12-01,2021-12-01
3796,2022-03-01,2022-03-01
9032,2021-09-01,2021-09-01
6710,2020-04-01,2020-04-01
9492,2021-06-01,2021-06-01
1841,2022-07-01,2022-02-01
8227,2022-02-01,2021-03-01
9827,2020-02-01,2020-02-01
2212,2024-04-01,2021-04-01
9664,2021-10-01,2021-10-01
8403,2020-02-01,2020-02-01
1235,2021-05-01,2021-05-01
9669,2020-07-01,2020-07-01
6385,2024-07-01,2024-07-01
4376,2022-05-01,2021-04-01
9570,2021-08-01,2020-12-01
2717,2023-11-01,2023-11-01
4565,2022-09-01,2022-09-01
9653,2023-12-01,2022-12-01
9787,2020-12-01,2020-12-01
5026,2022-06-01,2020-06-01
9827,2022-06-01,2020-02-01
1186,2024-11-01,2024-11-01
3734,2023-09-01,2023-09-01
8667,2022-06-01,2021-03-01
6171,2024-12-01,2023-09-01
7929,2022-03-01,2021-11-01
7122,2020-05-01,2020-05-01
6129,2020-04-01,2020-02-01
1338,2025-03-01,2024-09-01
1194,2021-02-01,2020-01-01
6216,2022-06-01,2020-08-01
7464,2025-04-01,2021-11-01
2991,2025-02-01,2025-02-01
2307,2020-09-01,2020-09-01
3058,2025-04-01,2025-04-01
6036,2024-12-01,2020-04-01
6727,2022-04-01,2022-04-01
7989,2021-02-01,2020-07-01
9701,2022-10-01,2022-10-01
2655,2024-08-01,2021-08-01
3015,2023-02-01,2023-02-01
1999,2022-04-01,2022-04-01
4476,2023-08-01,2023-08-01
7561,2021-09-01,2020-09-01
9698,2022-03-01,2020-03-01
7587,2022-03-01,2022-03-01
2292,2020-05-01,2020-05-01
9350,2021-02-01,2021-02-01
5019,2023-02-01,2021-04-01
1988,2022-03-01,2022-03-01
6470,2024-10-01,2024-10-01
2480,2022-06-01,2020-02-01
8378,2020-12-01,2020-12-01
6477,2024-11-01,2020-11-01
4922,2025-01-01,2020-08-01
4046,2024-06-01,2024-06-01
2659,2022-07-01,2022-07-01
7437,2024-12-01,2020-06-01
1697,2022-02-01,2020-04-01
4931,2025-04-01,2025-04-01
8486,2024-04-01,2020-02-01
9924,2021-02-01,2021-02-01
7196,2021-11-01,2021-11-01
5085,2025-04-01,2024-07-01
2346,2025-04-01,2022-04-01
5201,2023-12-01,2023-12-01
7753,2021-09-01,2021-09-01
8566,2024-01-01,2023-09-01
4354,2024-11-01,2024-11-01
5908,2024-07-01,2020-05-01
1702,2020-01-01,2020-01-01
1613,2023-06-01,2023-06-01
9959,2025-01-01,2025-01-01
4506,2022-05-01,2021-09-01
8972,2024-10-01,2021-11-01
3200,2021-01-01,2021-01-01
2678,2025-01-01,2020-11-01
5433,2022-09-01,2022-09-01
4766,2022-06-01,2022-06-01
1354,2023-04-01,2023-04-01
1735,2023-07-01,2020-02-01
5261,2021-05-01,2020-12-01
1058,2024-12-01,2024-12-01
9284,2021-05-01,2021-05-01
9341,2024-10-01,2021-02-01
6241,2023-03-01,2020-01-01
2833,2022-04-01,2020-12-01
6384,2023-08-01,2020-11-01
3224,2021-01-01,2020-05-01
8430,2021-03-01,2020-05-01
1348,2021-03-01,2021-03-01
2963,2025-03-01,2025-03-01
5439,2024-05-01,2024-03-01
4327,2021-08-01,2020-12-01
9255,2024-05-01,2024-05-01
9310,2020-01-01,2020-01-01
8698,2021-09-01,2021-09-01
6884,2021-02-01,2020-10-01
4834,2021-04-01,2021-04-01
8780,2023-05-01,2022-03-01
2544,2022-06-01,2021-04-01
1204,2020-07-01,2020-07-01
6719,2020-03-01,2020-03-01
7867,2023-07-01,2020-05-01
9928,2024-11-01,2021-05-01
6712,2021-11-01,2021-06-01
1647,2021-12-01,2021-12-01
3791,2023-10-01,2023-10-01
2392,2024-04-01,2020-04-01
6834,2025-04-01,2022-05-01
1119,2020-01-01,2020-01-01
2086,2023-06-01,2020-03-01
9105,2022-03-01,2022-03-01
5458,2020-08-01,2020-08-01
3614,2020-05-01,2020-05-01
2233,2021-12-01,2021-12-01
6071,2020-09-01,2020-01-01
3366,2024-10-01,2022-07-01
9912,2025-02-01,2022-07-01
8776,2024-05-01,2020-04-01
5190,2021-12-01,2020-03-01
7666,2020-03-01,2020-03-01
7114,2024-07-01,2020-07-01
5891,2023-08-01,2021-05-01
5745,2022-09-01,2020-02-01
4505,2023-07-01,2022-03-01
2767,2021-03-01,2021-03-01
1845,2022-03-01,2022-03-01
7268,2024-09-01,2021-10-01
7250,2023-04-01,2020-05-01
1196,2020-08-01,2020-08-01
8350,2021-05-01,2021-05-01
1918,2023-02-01,2021-02-01
1575,2020-06-01,2020-06-01
4873,2024-06-01,2024-06-01
3220,2021-01-01,2021-01-01
4220,2021-03-01,2020-06-01
1510,2024-03-01,2021-03-01
8795,2023-07-01,2020-04-01
1981,2020-04-01,2020-04-01
3237,2022-06-01,2022-06-01
1201,2021-02-01,2021-02-01
4542,2021-02-01,2020-05-01
4104,2024-11-01,2024-11-01
8396,2022-05-01,2020-01-01
2788,2022-11-01,2022-11-01
1675,2020-07-01,2020-07-01
2238,2024-09-01,2024-09-01
3335,2025-04-01,2025-04-01
5159,2023-11-01,2023-11-01
5576,2021-05-01,2021-05-01
9126,2020-12-01,2020-12-01
9964,2021-12-01,2021-10-01
8765,2023-12-01,2020-09-01
5207,2024-06-01,2024-06-01
1881,2021-10-01,2021-07-01
4695,2020-05-01,2020-05-01
3158,2021-01-01,2020-02-01
2521,2021-01-01,2020-12-01
3360,2023-02-01,2021-09-01
5421,2024-05-01,2022-07-01
1278,2021-01-01,2021-01-01
8308,2023-04-01,2020-06-01
3953,2023-10-01,2020-08-01
4411,2020-07-01,2020-01-01
6785,2023-04-01,2020-12-01
3138,2021-08-01,2020-09-01
8628,2025-02-01,2020-02-01
1394,2022-02-01,2020-12-01
3194,2021-09-01,2021-09-01
6883,2020-05-01,2020-05-01
2834,2021-03-01,2021-03-01
2732,2024-03-01,2024-03-01
2809,2022-09-01,2022-09-01
2489,2022-01-01,2022-01-01
9855,2023-04-01,2023-01-01
5678,2020-09-01,2020-09-01
7776,2022-05-01,2020-08-01
8011,2021-01-01,2021-01-01
7902,2025-01-01,2023-08-01
7215,2020-10-01,2020-10-01
9195,2022-10-01,2021-02-01
8474,2021-10-01,2021-10-01
4780,2020-11-01,2020-11-01
2451,2021-10-01,2021-10-01
1532,2021-07-01,2020-03-01
3140,2022-04-01,2022-04-01
1714,2021-08-01,2021-08-01
9668,2025-01-01,2021-06-01
7439,2024-06-01,2023-04-01
3094,2022-07-01,2022-07-01
4775,2024-02-01,2023-08-01
9353,2023-07-01,2023-01-01
1640,2020-01-01,2020-01-01
4670,2021-01-01,2021-01-01
7721,2021-03-01,2021-03-01
4071,2023-12-01,2023-12-01
3755,2023-02-01,2020-01-01
4265,2022-01-01,2022-01-01
3431,2021-11-01,2021-11-01
6387,2021-09-01,2020-07-01
4568,2021-08-01,2020-12-01
1297,2023-09-01,2020-08-01
5074,2020-06-01,2020-06-01
7607,2020-05-01,2020-05-01
2822,2022-05-01,2022-05-01
9456,2025-03-01,2025-03-01
2474,2022-06-01,2022-06-01
7655,2024-12-01,2024-02-01
2512,2025-03-01,2023-09-01
3494,2024-06-01,2021-03-01
9101,2020-04-01,2020-04-01
9715,2021-07-01,2020-11-01
8533,2025-03-01,2020-04-01
1732,2025-03-01,2020-11-01
6518,2024-10-01,2020-08-01
9972,2025-02-01,2025-02-01
7365,2022-07-01,2020-05-01
1377,2023-03-01,2021-06-01
9438,2023-08-01,2023-08-01
5080,2023-06-01,2022-12-01
5002,2021-03-01,2021-03-01
2574,2022-12-01,2021-10-01
6215,2020-07-01,2020-04-01
7051,2025-01-01,2022-01-01
9212,2024-04-01,2024-04-01
6063,2024-05-01,2020-06-01
4098,2024-01-01,2021-07-01
1197,2023-06-01,2021-10-01
6307,2020-09-01,2020-09-01
7764,2024-07-01,2021-05-01
6269,2024-09-01,2020-09-01
5102,2020-12-01,2020-12-01
5478,2024-04-01,2021-12-01
8235,2020-04-01,2020-04-01
2564,2020-09-01,2020-02-01
5374,2023-03-01,2022-03-01
1262,2024-05-01,2020-12-01
9832,2024-12-01,2024-06-01
9306,2024-03-01,2022-04-01
4645,2020-03-01,2020-03-01
5734,2023-10-01,2020-07-01
7407,2022-02-01,2022-02-01
6679,2020-11-01,2020-11-01
9140,2024-05-01,2024-01-01
3227,2023-03-01,2023-03-01
4156,2022-10-01,2021-05-01
4641,2021-08-01,2021-08-01
1285,2025-03-01,2024-08-01
3612,2025-03-01,2020-06-01
3285,2021-07-01,2020-08-01
2756,2022-11-01,2022-08-01
7859,2024-12-01,2022-07-01
3894,2021-02-01,2020-08-01
6668,2024-03-01,2024-03-01
7513,2024-05-01,2022-03-01
1996,2021-11-01,2021-11-01
4589,2023-05-01,2020-03-01
7691,2024-01-01,2021-05-01
3093,2022-09-01,2022-09-01
3348,2020-02-01,2020-02-01
2470,2021-08-01,2021-08-01
3879,2022-01-01,2022-01-01
7999,2020-06-01,2020-06-01
3049,2022-07-01,2022-02-01
9722,2023-10-01,2021-04-01
9155,2021-05-01,2021-05-01
6326,2020-11-01,2020-05-01
5236,2023-04-01,2020-09-01
1753,2025-01-01,2021-11-01
3911,2021-08-01,2021-08-01
7864,2020-10-01,2020-10-01
5912,2022-02-01,2021-03-01
2754,2025-02-01,2020-08-01
4876,2021-10-01,2021-10-01
4358,2021-09-01,2020-03-01
9057,2024-01-01,2021-07-01
4848,2021-02-01,2021-02-01
2361,2023-07-01,2023-07-01
9761,2021-11-01,2021-02-01
2663,2023-02-01,2023-02-01
8517,2022-04-01,2022-04-01
7459,2022-07-01,2021-07-01
9345,2023-01-01,2023-01-01
7347,2022-01-01,2020-05-01
7556,2024-10-01,2024-10-01
5522,2024-03-01,2024-03-01
8240,2022-07-01,2021-03-01
9942,2023-03-01,2023-03-01
5807,2021-11-01,2021-11-01
3615,2021-12-01,2021-08-01
4402,2023-01-01,2021-04-01
7763,2021-10-01,2021-10-01
9360,2020-07-01,2020-07-01
8919,2022-05-01,2022-05-01
3057,2023-07-01,2021-12-01
4432,2021-03-01,2020-02-01
7869,2020-06-01,2020-06-01
9973,2024-02-01,2022-07-01
3470,2025-02-01,2025-02-01
8091,2022-09-01,2021-02-01
6837,2020-03-01,2020-03-01
3819,2024-09-01,2022-09-01
5528,2021-07-01,2021-07-01
2440,2022-07-01,2022-07-01
9078,2025-02-01,2021-03-01
2315,2023-03-01,2020-04-01
5080,2022-12-01,2022-12-01
8029,2022-01-01,2022-01-01
6527,2022-05-01,2020-06-01
9199,2021-05-01,2020-10-01
3928,2022-06-01,2020-04-01
9467,2024-05-01,2020-02-01
9795,2020-10-01,2020-10-01
7638,2022-07-01,2022-07-01
6690,2025-02-01,2020-04-01
1716,2024-07-01,2020-01-01
7079,2025-04-01,2025-04-01
5570,2023-05-01,2023-05-01
4055,2025-03-01,2022-06-01
2940,2021-08-01,2021-08-01
6094,2022-01-01,2021-02-01
7944,2023-05-01,2023-05-01
9137,2022-06-01,2022-06-01
9277,2023-03-01,2023-03-01
4319,2024-02-01,2020-01-01
4303,2021-03-01,2021-03-01
1810,2024-10-01,2024-10-01
1531,2022-01-01,2020-07-01
5879,2022-04-01,2022-04-01
2913,2023-05-01,2023-05-01
9132,2024-02-01,2021-07-01
8645,2025-02-01,2020-02-01
7798,2024-06-01,2020-08-01
2719,2020-04-01,2020-04-01
3549,2022-06-01,2020-02-01
1834,2023-04-01,2020-11-01
2614,2023-08-01,2020-06-01
8645,2020-02-01,2020-02-01
6974,2023-09-01,2023-09-01
2973,2024-04-01,2022-03-01
6582,2020-09-01,2020-09-01
3713,2023-04-01,2020-02-01
8742,2021-10-01,2021-09-01
9658,2022-06-01,2022-06-01
9562,2024-12-01,2024-12-01
3254,2024-01-01,2022-03-01
1921,2025-02-01,2025-02-01
2834,2021-11-01,2021-03-01
7991,2024-10-01,2022-02-01
9388,2020-10-01,2020-01-01
8700,2025-02-01,2021-08-01
3126,2022-01-01,2022-01-01
7294,2023-09-01,2022-08-01
2976,2020-11-01,2020-11-01
6551,2023-02-01,2020-10-01
8330,2021-10-01,2021-10-01
2737,2022-09-01,2021-07-01
3982,2022-11-01,2022-11-01
1244,2020-12-01,2020-05-01
9995,2024-03-01,2022-01-01
8627,2021-05-01,2021-05-01
1515,2021-06-01,2021-06-01
5208,2024-05-01,2021-09-01
4181,2024-09-01,2024-07-01
4494,2020-11-01,2020-11-01
3658,2020-03-01,2020-03-01
7401,2022-02-01,2022-02-01
7265,2022-08-01,2020-01-01
5252,2022-04-01,2020-06-01
1326,2021-04-01,2021-04-01
6841,2020-02-01,2020-02-01
2939,2020-05-01,2020-05-01
3327,2022-12-01,2022-12-01
2891,2023-05-01,2023-03-01
3378,2025-01-01,2021-09-01
8869,2024-03-01,2022-11-01
4237,2021-06-01,2021-06-01
9563,2021-06-01,2021-06-01
5621,2025-04-01,2020-11-01
2843,2021-02-01,2021-02-01
3243,2021-04-01,2021-04-01
9247,2020-06-01,2020-04-01
1167,2020-01-01,2020-01-01
7964,2023-11-01,2023-11-01
1253,2024-05-01,2024-01-01
1767,2020-04-01,2020-04-01
2167,2025-03-01,2020-12-01
6975,2020-01-01,2020-01-01
7359,2022-04-01,2022-04-01
5015,2021-05-01,2021-05-01
6406,2025-02-01,2021-02-01
2486,2021-11-01,2021-11-01
1279,2022-08-01,2022-08-01
9170,2020-09-01,2020-09-01
9037,2020-05-01,2020-05-01
7954,2021-11-01,2021-08-01
6243,2023-12-01,2021-01-01
6520,2021-03-01,2021-03-01
3241,2020-12-01,2020-12-01
8357,2025-02-01,2021-02-01
2613,2021-02-01,2021-02-01
7096,2023-06-01,2021-08-01
9301,2023-08-01,2020-07-01
5253,2023-09-01,2020-06-01
1747,2023-09-01,2023-09-01
8567,2022-08-01,2020-05-01
7280,2024-10-01,2020-02-01
5795,2022-07-01,2020-11-01
7058,2025-04-01,2021-04-01
8578,2022-01-01,2020-08-01
6867,2024-04-01,2020-07-01
1447,2023-09-01,2021-12-01
9192,2021-11-01,2020-12-01
7295,2025-02-01,2022-11-01
8875,2023-03-01,2023-03-01
4766,2023-10-01,2022-06-01
2002,2024-11-01,2021-10-01
6210,2021-03-01,2021-03-01
9684,2021-01-01,2020-01-01
8246,2023-12-01,2020-11-01
5943,2021-09-01,2021-09-01
8520,2020-06-01,2020-06-01
1816,2022-02-01,2022-02-01
6444,2022-03-01,2022-03-01
9652,2021-11-01,2020-11-01
8387,2024-05-01,2022-09-01
5919,2024-05-01,2021-07-01
7825,2022-10-01,2022-08-01
1168,2021-05-01,2020-11-01
4389,2020-02-01,2020-02-01
4383,2025-03-01,2025-03-01
9986,2025-04-01,2022-06-01
8796,2022-01-01,2020-10-01
6867,2022-03-01,2020-07-01
9667,2024-09-01,2021-06-01
8785,2021-03-01,2020-10-01
1494,2023-08-01,2022-08-01
9574,2021-02-01,2021-02-01
4829,2021-12-01,2021-12-01
6482,2024-02-01,2020-06-01
5255,2020-10-01,2020-10-01
9598,2020-08-01,2020-04-01
3372,2023-02-01,2022-07-01
7850,2023-09-01,2021-12-01
8362,2022-02-01,2020-12-01
1144,2024-01-01,2021-08-01
6270,2020-10-01,2020-10-01
8760,2024-04-01,2020-04-01
9188,2021-07-01,2021-07-01
5172,2023-02-01,2023-02-01
1452,2020-07-01,2020-07-01
5254,2020-04-01,2020-04-01
8812,2020-06-01,2020-06-01
3133,2020-10-01,2020-10-01
3953,2024-07-01,2020-08-01
3874,2024-03-01,2024-03-01
8899,2021-11-01,2021-01-01
8615,2023-10-01,2023-10-01
9029,2023-02-01,2023-02-01
9057,2021-11-01,2021-07-01
1937,2024-12-01,2024-12-01
9899,2020-09-01,2020-09-01
5394,2020-07-01,2020-03-01
4812,2023-10-01,2021-04-01
2696,2025-01-01,2020-02-01
1128,2024-03-01,2024-03-01
4066,2023-02-01,2020-10-01
7770,2020-11-01,2020-11-01
1227,2021-09-01,2021-05-01
4020,2023-05-01,2022-08-01
9117,2023-12-01,2020-08-01
7919,2021-12-01,2020-06-01
8382,2023-02-01,2023-02-01
4539,2022-07-01,2020-05-01
7554,2021-08-01,2021-08-01
1644,2020-05-01,2020-05-01
1176,2024-07-01,2021-04-01
4248,2024-03-01,2020-07-01
8517,2022-09-01,2022-04-01
7172,2021-09-01,2021-09-01
8218,2020-08-01,2020-08-01
8267,2020-06-01,2020-06-01
1087,2020-03-01,2020-03-01
1532,2021-04-01,2020-03-01
5261,2022-01-01,2020-12-01
6325,2024-07-01,2021-05-01
4587,2020-05-01,2020-05-01
3084,2025-01-01,2021-06-01
9081,2022-10-01,2022-10-01
3622,2022-03-01,2022-03-01
7350,2020-12-01,2020-07-01
1782,2020-05-01,2020-05-01
8032,2024-07-01,2020-04-01
7877,2022-08-01,2022-08-01
6425,2023-06-01,2023-02-01
3723,2021-03-01,2021-03-01
6831,2024-10-01,2024-10-01
9015,2023-11-01,2020-12-01
7121,2022-06-01,2022-06-01
1009,2021-09-01,2021-09-01
8124,2024-09-01,2024-09-01
7859,2023-04-01,2022-07-01
7763,2022-07-01,2021-10-01
3779,2023-01-01,2020-11-01
2692,2022-12-01,2022-12-01
1761,2020-09-01,2020-09-01
7085,2024-11-01,2020-05-01
4902,2025-03-01,2023-02-01
5244,2020-11-01,2020-11-01
4689,2023-10-01,2023-10-01
6709,2023-10-01,2023-10-01
4379,2023-04-01,2020-01-01
5008,2020-12-01,2020-12-01
3522,2021-12-01,2021-12-01
6429,2024-11-01,2021-01-01
2859,2020-08-01,2020-08-01
4706,2020-02-01,2020-02-01
6383,2022-11-01,2021-01-01
1547,2021-12-01,2021-12-01
9262,2024-10-01,2024-10-01
5666,2022-07-01,2022-07-01
4172,2022-07-01,2020-01-01
4157,2022-06-01,2020-05-01
5035,2021-12-01,2021-12-01
7991,2022-02-01,2022-02-01
1436,2022-01-01,2020-07-01
9820,2023-05-01,2022-12-01
3006,2021-04-01,2021-04-01
5427,2023-05-01,2021-10-01
1942,2020-10-01,2020-10-01
7435,2023-11-01,2023-11-01
3193,2025-04-01,2020-03-01
3337,2024-08-01,2024-08-01
7577,2025-01-01,2020-01-01
8533,2020-04-01,2020-04-01
5552,2023-02-01,2020-10-01
7290,2022-04-01,2021-07-01
2522,2022-09-01,2021-06-01
6601,2024-09-01,2024-09-01
3169,2022-07-01,2022-07-01
2245,2025-03-01,2020-06-01
8890,2023-05-01,2020-11-01
7566,2021-04-01,2021-03-01
5490,2021-05-01,2020-10-01
9334,2022-09-01,2020-08-01
5126,2024-10-01,2022-10-01
1416,2021-09-01,2020-03-01
2973,2024-03-01,2022-03-01
1433,2021-01-01,2021-01-01
3594,2023-08-01,2021-01-01
5400,2021-11-01,2021-03-01
5431,2024-08-01,2022-06-01
2734,2020-01-01,2020-01-01
4772,2020-05-01,2020-05-01
1162,2021-04-01,2021-04-01
4438,2025-02-01,2022-02-01
2644,2024-09-01,2023-06-01
5907,2025-02-01,2025-01-01
9477,2020-10-01,2020-10-01
8552,2022-04-01,2022-04-01
8637,2021-07-01,2021-07-01
7133,2023-07-01,2023-07-01
3151,2022-11-01,2022-07-01
9220,2022-05-01,2021-07-01
5167,2022-09-01,2022-09-01
6264,2024-11-01,2024-11-01
2793,2024-01-01,2024-01-01
1121,2022-07-01,2022-07-01
8915,2024-03-01,2024-03-01
9072,2021-07-01,2020-12-01
4248,2020-07-01,2020-07-01
3787,2022-02-01,2020-04-01
8045,2021-05-01,2020-11-01
1936,2022-04-01,2022-04-01
9894,2020-01-01,2020-01-01
5504,2024-10-01,2024-01-01
6464,2024-07-01,2020-12-01
9639,2020-09-01,2020-09-01
9871,2021-04-01,2021-04-01
8163,2023-08-01,2022-07-01
3211,2022-05-01,2022-05-01
1294,2023-11-01,2023-02-01
7519,2021-03-01,2021-03-01
3757,2023-08-01,2020-02-01
6224,2024-02-01,2022-11-01
7419,2024-10-01,2022-07-01
3828,2025-01-01,2021-07-01
1141,2024-02-01,2021-08-01
4004,2020-01-01,2020-01-01
7647,2021-04-01,2021-04-01
8327,2024-04-01,2021-11-01
4091,2021-05-01,2021-05-01
3953,2022-08-01,2020-08-01
3777,2023-05-01,2023-05-01
5481,2021-03-01,2021-03-01
3867,2021-11-01,2021-11-01
7840,2024-01-01,2024-01-01
8264,2020-10-01,2020-10-01
7529,2021-03-01,2021-03-01
1862,2022-11-01,2020-03-01
8050,2020-07-01,2020-07-01
8818,2021-06-01,2021-06-01
1644,2021-02-01,2020-05-01
2226,2022-09-01,2021-02-01
4598,2020-02-01,2020-02-01
9826,2024-08-01,2023-07-01
3626,2021-07-01,2021-07-01
2534,2022-07-01,2022-07-01
4640,2022-05-01,2021-11-01
1766,2024-08-01,2023-01-01
9665,2020-10-01,2020-10-01
1610,2022-02-01,2022-02-01
7557,2020-05-01,2020-05-01
7848,2023-11-01,2023-01-01
8766,2025-03-01,2024-08-01
7404,2020-10-01,2020-10-01
9613,2021-02-01,2021-02-01
1169,2023-06-01,2023-06-01
4739,2020-06-01,2020-06-01
5446,2023-01-01,2023-01-01
7973,2020-12-01,2020-03-01
2823,2021-04-01,2021-04-01
7723,2024-09-01,2021-10-01
5243,2020-10-01,2020-02-01
8131,2025-03-01,2025-03-01
2624,2021-02-01,2021-02-01
5713,2021-01-01,2020-01-01
4221,2021-03-01,2021-03-01
8698,2023-04-01,2021-09-01
9574,2021-08-01,2021-02-01
1518,2023-05-01,2023-05-01
4414,2022-07-01,2021-06-01
5789,2022-04-01,2021-10-01
5545,2023-05-01,2020-12-01
8755,2022-02-01,2022-01-01
2639,2021-11-01,2021-07-01
1323,2023-06-01,2023-06-01
4093,2024-05-01,2024-05-01
3994,2020-07-01,2020-07-01
5702,2025-03-01,2021-06-01
6040,2023-07-01,2021-07-01
2274,2022-01-01,2021-06-01
4588,2024-04-01,2022-04-01
6492,2024-11-01,2024-11-01
7368,2022-02-01,2022-02-01
1176,2021-04-01,2021-04-01
9782,2020-01-01,2020-01-01
7201,2024-10-01,2021-11-01
7848,2023-08-01,2023-01-01
5601,2024-06-01,2024-06-01
4241,2023-12-01,2023-06-01
5361,2024-12-01,2021-03-01
1052,2024-07-01,2024-07-01
9206,2024-08-01,2020-11-01
6127,2024-09-01,2024-09-01
3857,2020-10-01,2020-10-01
5563,2021-05-01,2021-05-01
1262,2023-10-01,2020-12-01
4610,2020-08-01,2020-08-01
5290,2020-11-01,2020-11-01
5992,2024-01-01,2021-04-01
7726,2023-06-01,2021-06-01
4639,2025-01-01,2020-04-01
5291,2021-09-01,2021-09-01
1839,2022-10-01,2020-08-01
2349,2024-02-01,2020-01-01
6757,2020-02-01,2020-02-01
7784,2020-06-01,2020-06-01
7352,2025-01-01,2024-03-01
2100,2020-02-01,2020-02-01
2427,2020-01-01,2020-01-01
1549,2021-03-01,2021-03-01
8418,2023-06-01,2023-01-01
3735,2021-03-01,2021-01-01
1181,2020-04-01,2020-04-01
6480,2022-07-01,2020-02-01
7308,2024-10-01,2021-07-01
6952,2023-11-01,2022-01-01
1545,2024-09-01,2024-09-01
4733,2022-05-01,2020-08-01
5374,2024-10-01,2022-03-01
9342,2021-07-01,2020-05-01
7493,2023-10-01,2021-01-01
4456,2023-11-01,2023-11-01
8716,2024-06-01,2020-06-01
9978,2024-11-01,2022-07-01
4004,2023-05-01,2020-01-01
5607,2022-05-01,2022-05-01
1264,2024-11-01,2022-07-01
9324,2024-06-01,2020-04-01
6391,2021-07-01,2021-07-01
1764,2024-08-01,2023-11-01
7794,2023-01-01,2023-01-01
3771,2022-07-01,2022-07-01
9252,2021-12-01,2021-04-01
1394,2022-06-01,2020-12-01
6286,2021-11-01,2021-06-01
5959,2021-11-01,2021-11-01
2932,2023-03-01,2022-12-01
5298,2024-06-01,2024-06-01
7923,2021-04-01,2020-08-01
9930,2025-04-01,2025-04-01
8254,2020-05-01,2020-05-01
4374,2022-04-01,2022-04-01
2142,2025-04-01,2020-02-01
1242,2023-05-01,2023-05-01
3905,2020-12-01,2020-11-01
2312,2024-03-01,2020-08-01
9790,2023-02-01,2020-05-01
2966,2024-08-01,2022-08-01
6289,2022-10-01,2022-10-01
4823,2022-07-01,2022-07-01
1099,2021-01-01,2021-01-01
5299,2020-08-01,2020-04-01
5783,2021-09-01,2021-04-01
9774,2022-03-01,2022-03-01
4840,2020-02-01,2020-02-01
4889,2023-02-01,2023-02-01
1315,2022-02-01,2022-02-01
7857,2022-02-01,2022-02-01
3943,2022-08-01,2022-08-01
9824,2020-12-01,2020-03-01
7027,2024-03-01,2022-02-01
9691,2020-10-01,2020-10-01
4801,2020-02-01,2020-02-01
5553,2024-09-01,2021-01-01
1889,2020-03-01,2020-03-01
2234,2021-08-01,2021-08-01
2829,2022-12-01,2022-12-01
1091,2024-10-01,2021-04-01
5441,2024-03-01,2022-03-01
2866,2020-06-01,2020-03-01
9645,2021-02-01,2021-02-01
2686,2023-03-01,2021-08-01
3325,2021-11-01,2020-07-01
9372,2021-12-01,2021-12-01
4272,2023-11-01,2022-04-01
2874,2022-09-01,2022-03-01
3557,2022-02-01,2021-10-01
1696,2021-05-01,2021-05-01
4335,2022-12-01,2020-03-01
9837,2024-09-01,2021-11-01
2074,2024-03-01,2021-06-01
3461,2025-04-01,2020-01-01
7793,2020-08-01,2020-08-01
5849,2022-11-01,2022-04-01
6345,2021-07-01,2021-07-01
1315,2024-02-01,2022-02-01
9317,2024-01-01,2020-06-01
4012,2024-09-01,2024-09-01
5515,2023-06-01,2023-06-01
9844,2020-07-01,2020-07-01
2840,2020-01-01,2020-01-01
2805,2022-02-01,2020-09-01
7654,2023-06-01,2020-07-01
1542,2025-03-01,2020-06-01
4933,2024-01-01,2021-06-01
1930,2024-06-01,2024-06-01
7902,2023-08-01,2023-08-01
5597,2021-01-01,2021-01-01
7250,2020-05-01,2020-05-01
5146,2024-01-01,2022-05-01
8938,2022-09-01,2021-01-01
3926,2024-05-01,2024-01-01
5837,2021-04-01,2020-10-01
3336,2022-03-01,2021-11-01
7126,2022-10-01,2020-07-01
1304,2020-12-01,2020-12-01
4650,2022-04-01,2020-10-01
1146,2025-02-01,2025-02-01
8394,2021-11-01,2021-11-01
1963,2024-10-01,2021-03-01
8354,2020-04-01,2020-04-01
4969,2020-04-01,2020-04-01
6051,2023-10-01,2023-10-01
4642,2022-12-01,2022-12-01
5191,2022-10-01,2022-10-01
9729,2020-11-01,2020-11-01
5561,2023-02-01,2022-08-01
7555,2024-05-01,2024-05-01
9356,2023-02-01,2023-02-01
6771,2021-11-01,2020-12-01
8401,2020-08-01,2020-08-01
9483,2023-05-01,2023-05-01
7554,2023-07-01,2021-08-01
3083,2020-05-01,2020-05-01
7244,2023-11-01,2022-10-01
9666,2021-01-01,2020-08-01
2207,2020-07-01,2020-07-01
6085,2020-04-01,2020-04-01
3853,2022-06-01,2022-06-01
5203,2023-07-01,2021-01-01
7339,2020-05-01,2020-05-01
3110,2020-10-01,2020-10-01
7523,2024-08-01,2020-03-01
7687,2024-04-01,2020-07-01
7176,2021-01-01,2021-01-01
3528,2022-04-01,2022-04-01
9981,2022-03-01,2022-03-01
8822,2021-01-01,2021-01-01
9433,2023-07-01,2020-12-01
8388,2023-10-01,2023-10-01
8107,2025-04-01,2020-03-01
5047,2022-06-01,2021-05-01
1800,2023-02-01,2020-10-01
5047,2024-08-01,2021-05-01
9648,2023-10-01,2020-09-01
2386,2020-06-01,2020-06-01
7593,2021-10-01,2020-01-01
2089,2021-05-01,2020-12-01
8641,2022-12-01,2022-12-01
2103,2021-03-01,2021-03-01
4716,2024-01-01,2020-10-01
2158,2022-02-01,2022-01-01
1273,2022-10-01,2021-09-01
9121,2024-03-01,2024-03-01
9905,2021-02-01,2021-02-01
9849,2021-05-01,2020-09-01
7287,2022-11-01,2022-11-01
3218,2022-09-01,2022-09-01
6398,2022-05-01,2020-05-01
3479,2020-06-01,2020-06-01
4826,2022-06-01,2022-06-01
1507,2021-03-01,2021-03-01
7989,2025-01-01,2020-07-01
5276,2020-11-01,2020-11-01
7564,2024-10-01,2022-02-01
9932,2021-04-01,2021-01-01
7062,2021-08-01,2021-04-01
1070,2025-03-01,2021-06-01
6971,2021-01-01,2020-06-01
8349,2020-09-01,2020-09-01
2646,2022-03-01,2022-03-01
6459,2021-05-01,2021-05-01
5757,2020-05-01,2020-05-01
6072,2022-05-01,2021-06-01
9040,2023-03-01,2023-03-01
3676,2024-08-01,2022-02-01
4181,2024-07-01,2024-07-01
6173,2020-04-01,2020-04-01
1208,2020-05-01,2020-05-01
9124,2021-06-01,2021-06-01
2200,2022-07-01,2022-07-01
2017,2020-09-01,2020-09-01
3938,2022-12-01,2022-12-01
6464,2020-12-01,2020-12-01
2162,2021-07-01,2021-06-01
8934,2023-01-01,2023-01-01
1660,2022-09-01,2022-09-01
4012,2024-09-01,2024-09-01
5506,2021-09-01,2020-05-01
1001,2022-02-01,2020-06-01
8065,2022-06-01,2020-10-01
9757,2023-12-01,2020-04-01
4694,2021-03-01,2021-03-01
1084,2022-03-01,2022-03-01
7775,2020-02-01,2020-02-01
2168,2022-06-01,2021-03-01
1558,2022-07-01,2022-07-01
6853,2023-05-01,2020-01-01
4914,2024-06-01,2024-06-01
9818,2020-11-01,2020-08-01
5390,2020-05-01,2020-05-01
5190,2020-03-01,2020-03-01
6800,2024-10-01,2020-04-01
6674,2021-08-01,2020-11-01
2563,2022-05-01,2022-05-01
5269,2021-12-01,2021-12-01
7429,2024-08-01,2024-08-01
2916,2020-02-01,2020-02-01
9059,2022-07-01,2020-03-01
1828,2022-12-01,2020-04-01
5027,2020-02-01,2020-02-01
6103,2024-05-01,2023-05-01
2920,2023-04-01,2023-04-01
5073,2020-07-01,2020-07-01
9944,2025-04-01,2020-08-01
9841,2020-05-01,2020-05-01
7268,2021-10-01,2021-10-01
1653,2021-03-01,2020-12-01
9912,2023-07-01,2022-07-01
5566,2024-09-01,2022-07-01
1344,2024-01-01,2024-01-01
9855,2023-01-01,2023-01-01
6270,2022-01-01,2020-10-01
6536,2020-07-01,2020-07-01
5628,2022-03-01,2022-03-01
4385,2023-07-01,2021-05-01
4878,2023-03-01,2020-09-01
3165,2023-08-01,2020-07-01
8674,2020-09-01,2020-09-01
9243,2023-05-01,2020-01-01
8077,2024-03-01,2021-02-01
8912,2024-04-01,2022-06-01
3755,2020-01-01,2020-01-01
2924,2024-05-01,2021-07-01
2518,2022-08-01,2022-08-01
5622,2023-02-01,2023-02-01
2505,2024-07-01,2022-12-01
7386,2025-01-01,2025-01-01
6493,2021-02-01,2021-02-01
6546,2023-03-01,2023-03-01
3670,2020-08-01,2020-08-01
4055,2022-07-01,2022-06-01
7607,2021-03-01,2020-05-01
3603,2023-10-01,2021-06-01
4700,2024-10-01,2020-06-01
1114,2024-05-01,2020-06-01
6953,2024-01-01,2024-01-01
8868,2024-12-01,2024-12-01
9713,2021-04-01,2020-06-01
3254,2022-03-01,2022-03-01
2309,2023-09-01,2021-01-01
5739,2020-11-01,2020-11-01
6553,2020-08-01,2020-08-01
5461,2024-02-01,2023-06-01
7348,2020-08-01,2020-08-01
7675,2021-01-01,2021-01-01
7159,2022-03-01,2021-06-01
4802,2020-05-01,2020-05-01
7297,2025-02-01,2022-05-01
5934,2020-01-01,2020-01-01
8965,2021-04-01,2021-04-01
1097,2023-10-01,2021-06-01
9469,2021-12-01,2021-12-01
1849,2023-01-01,2020-02-01
7491,2023-05-01,2022-01-01
1137,2025-04-01,2021-12-01
9698,2020-03-01,2020-03-01
8027,2021-02-01,2021-02-01
9929,2024-08-01,2023-01-01
4544,2021-04-01,2021-04-01
2937,2024-06-01,2023-05-01
4887,2022-10-01,2022-10-01
6977,2024-03-01,2024-03-01
5297,2021-02-01,2021-02-01
4277,2024-11-01,2024-11-01
7078,2024-03-01,2022-08-01
7007,2023-10-01,2020-03-01
4058,2024-05-01,2022-09-01
1811,2021-07-01,2020-08-01
8051,2024-10-01,2021-09-01
6715,2025-02-01,2021-03-01
5837,2020-10-01,2020-10-01
5478,2021-12-01,2021-12-01
3245,2021-12-01,2021-12-01
5612,2020-01-01,2020-01-01
4688,2023-07-01,2020-05-01
1266,2025-04-01,2022-03-01
9978,2025-01-01,2022-07-01
6740,2023-04-01,2023-04-01
5636,2021-11-01,2021-11-01
7654,2020-07-01,2020-07-01
7078,2024-01-01,2022-08-01
9110,2024-10-01,2022-11-01
7674,2025-01-01,2020-12-01
7691,2024-03-01,2021-05-01
3286,2020-05-01,2020-05-01
1499,2021-12-01,2021-12-01
8354,2020-07-01,2020-04-01
7907,2023-05-01,2023-05-01
1262,2020-12-01,2020-12-01
2030,2023-02-01,2023-02-01
1445,2022-04-01,2022-04-01
1071,2023-06-01,2023-06-01
2477,2024-03-01,2022-03-01
6177,2022-10-01,2020-07-01
9627,2022-05-01,2022-05-01
7118,2022-11-01,2020-06-01
5951,2023-01-01,2021-05-01
6347,2020-07-01,2020-07-01
5347,2024-10-01,2024-10-01
5328,2020-11-01,2020-11-01
4502,2020-08-01,2020-08-01
8660,2021-06-01,2021-06-01
8540,2023-12-01,2020-01-01
2309,2021-09-01,2021-01-01
9708,2021-11-01,2021-04-01
5920,2023-02-01,2020-02-01
4519,2020-10-01,2020-06-01
3016,2022-11-01,2022-08-01
6280,2021-06-01,2021-06-01
5322,2020-03-01,2020-03-01
8536,2020-12-01,2020-01-01
7131,2021-08-01,2020-08-01
4043,2024-04-01,2022-02-01
8835,2025-02-01,2020-08-01
2453,2022-05-01,2022-05-01
1097,2021-06-01,2021-06-01
4041,2024-01-01,2023-11-01
6896,2021-03-01,2021-03-01
4555,2021-10-01,2020-02-01
8848,2021-10-01,2021-10-01
3183,2024-07-01,2024-07-01
5736,2022-03-01,2022-01-01
3185,2020-06-01,2020-06-01
7468,2020-11-01,2020-11-01
7161,2022-11-01,2020-05-01
4061,2022-08-01,2022-08-01
8756,2020-07-01,2020-07-01
3612,2020-06-01,2020-06-01
6540,2023-06-01,2021-04-01
3239,2023-03-01,2022-02-01
1355,2023-09-01,2020-04-01
1002,2020-04-01,2020-04-01
4094,2023-04-01,2021-11-01
9458,2022-10-01,2020-07-01
4480,2022-07-01,2022-07-01
2156,2023-01-01,2020-06-01
3446,2024-03-01,2021-06-01
8917,2025-03-01,2021-02-01
2377,2023-11-01,2023-11-01
6604,2023-05-01,2020-10-01
1943,2021-06-01,2021-06-01
6301,2023-10-01,2020-05-01
2137,2023-01-01,2021-08-01
3036,2021-04-01,2021-04-01
7444,2024-07-01,2020-01-01
4497,2020-10-01,2020-10-01
8086,2023-03-01,2022-10-01
3466,2020-05-01,2020-05-01
8362,2024-01-01,2020-12-01
4338,2025-02-01,2025-02-01
9294,2020-08-01,2020-08-01
7527,2020-04-01,2020-04-01
8833,2021-02-01,2021-02-01
1056,2021-08-01,2021-08-01
1857,2021-11-01,2021-11-01
6489,2021-09-01,2021-09-01
9248,2020-11-01,2020-11-01
5713,2023-01-01,2020-01-01
8748,2022-08-01,2021-08-01
1878,2025-01-01,2023-04-01
5427,2021-10-01,2021-10-01
8116,2022-04-01,2020-09-01
9295,2022-11-01,2022-11-01
7885,2023-04-01,2020-05-01
1039,2022-09-01,2022-09-01
3619,2024-05-01,2020-10-01
5015,2021-09-01,2021-05-01
9328,2024-04-01,2020-11-01
7611,2021-12-01,2021-01-01
7744,2022-09-01,2022-09-01
8337,2023-08-01,2020-10-01
8957,2021-04-01,2021-04-01
2711,2024-03-01,2020-01-01
8936,2023-01-01,2023-01-01
5551,2025-02-01,2020-03-01
2267,2022-11-01,2020-05-01
9291,2024-03-01,2023-10-01
6160,2020-05-01,2020-05-01
5621,2023-06-01,2020-11-01
4400,2020-06-01,2020-06-01
8151,2023-10-01,2021-09-01
3159,2022-11-01,2020-05-01
5214,2020-08-01,2020-08-01
3142,2023-03-01,2023-03-01
9979,2022-07-01,2020-04-01
2222,2020-12-01,2020-08-01
6399,2022-02-01,2022-02-01
6561,2021-12-01,2021-12-01
1066,2024-08-01,2020-12-01
8379,2024-07-01,2024-07-01
3676,2022-02-01,2022-02-01
9700,2020-09-01,2020-09-01
9154,2021-12-01,2020-09-01
3647,2021-06-01,2021-06-01
8554,2020-10-01,2020-10-01
9055,2022-07-01,2020-08-01
9211,2024-06-01,2022-11-01
4359,2024-11-01,2020-02-01
9946,2025-04-01,2022-04-01
6403,2023-05-01,2023-02-01
2104,2022-02-01,2022-02-01
7298,2021-11-01,2020-06-01
4275,2025-04-01,2023-03-01
7063,2023-03-01,2023-03-01
9789,2022-09-01,2022-09-01
7412,2025-03-01,2024-04-01
6317,2023-10-01,2020-06-01
8271,2025-03-01,2020-04-01
7337,2022-08-01,2021-07-01
9873,2024-01-01,2023-12-01
8287,2020-08-01,2020-08-01
2955,2023-08-01,2023-08-01
1972,2021-06-01,2021-06-01
7835,2020-12-01,2020-10-01
3169,2024-08-01,2022-07-01
6286,2023-03-01,2021-06-01
8366,2021-12-01,2021-11-01
5551,2020-03-01,2020-03-01
9564,2021-03-01,2020-09-01
6370,2021-12-01,2021-12-01
9086,2022-11-01,2022-11-01
5174,2024-06-01,2021-01-01
1093,2020-12-01,2020-12-01
9581,2024-01-01,2023-01-01
7798,2020-12-01,2020-08-01
5770,2020-07-01,2020-07-01
2168,2023-07-01,2021-03-01
5183,2022-07-01,2022-07-01
3869,2020-02-01,2020-02-01
5260,2023-02-01,2023-02-01
8738,2023-02-01,2022-11-01
3354,2023-08-01,2020-02-01
4302,2021-08-01,2021-08-01
7976,2021-09-01,2021-09-01
6214,2024-10-01,2020-11-01
2040,2025-02-01,2022-04-01
7688,2021-06-01,2020-12-01
5887,2021-05-01,2021-05-01
3521,2024-07-01,2020-01-01
7737,2020-12-01,2020-12-01
6452,2021-10-01,2020-10-01
9760,2024-08-01,2024-08-01
5554,2024-03-01,2020-05-01
5409,2021-05-01,2021-05-01
8098,2020-11-01,2020-11-01
8792,2020-08-01,2020-08-01
8978,2023-01-01,2020-01-01
6515,2022-08-01,2022-08-01
5402,2025-04-01,2021-08-01
7377,2023-02-01,2022-03-01
1215,2021-06-01,2021-06-01
8602,2024-02-01,2020-10-01
9063,2020-05-01,2020-05-01
1232,2021-05-01,2021-05-01
4649,2024-08-01,2020-12-01
1308,2022-03-01,2022-03-01
9986,2024-03-01,2022-06-01
8081,2022-07-01,2021-12-01
5111,2021-01-01,2021-01-01
1725,2024-09-01,2024-01-01
6796,2024-11-01,2021-12-01
3292,2021-05-01,2020-08-01
1287,2024-01-01,2020-12-01
3516,2021-05-01,2020-09-01
8209,2022-01-01,2022-01-01
5680,2020-06-01,2020-06-01
6940,2022-11-01,2021-01-01
6058,2020-06-01,2020-06-01
5379,2021-10-01,2020-08-01
9563,2023-07-01,2021-06-01
1060,2025-03-01,2021-09-01
3115,2023-06-01,2020-03-01
9519,2023-02-01,2023-02-01
9426,2021-06-01,2021-06-01
2737,2023-10-01,2021-07-01
5009,2021-07-01,2021-07-01
3757,2020-02-01,2020-02-01
1510,2024-09-01,2021-03-01
9988,2020-11-01,2020-04-01
5586,2020-01-01,2020-01-01
8873,2024-09-01,2022-01-01
4437,2021-01-01,2021-01-01
4153,2022-04-01,2020-02-01
7600,2022-05-01,2021-08-01
4500,2022-05-01,2022-05-01
2416,2022-03-01,2022-03-01
2479,2022-04-01,2022-04-01
3450,2020-04-01,2020-04-01
7250,2022-03-01,2020-05-01
6118,2024-04-01,2022-01-01
1383,2020-02-01,2020-02-01
4859,2020-01-01,2020-01-01
3366,2022-07-01,2022-07-01
2950,2023-11-01,2023-11-01
1441,2023-12-01,2023-12-01
4735,2024-04-01,2021-09-01
1927,2021-09-01,2020-05-01
6183,2023-07-01,2023-05-01
9882,2023-02-01,2020-10-01
1911,2021-08-01,2021-08-01
5596,2024-06-01,2022-01-01
6291,2024-04-01,2021-05-01
8293,2024-03-01,2020-04-01
6142,2020-10-01,2020-10-01
2268,2021-01-01,2021-01-01
9860,2021-09-01,2021-09-01
8412,2023-07-01,2020-11-01
9424,2023-05-01,2020-10-01
2061,2024-04-01,2020-03-01
1951,2024-09-01,2024-09-01
7055,2023-10-01,2023-10-01
7399,2020-09-01,2020-09-01
4442,2020-04-01,2020-04-01
9384,2021-02-01,2021-02-01
9603,2021-03-01,2021-03-01
1276,2024-01-01,2020-12-01
2298,2023-06-01,2021-09-01
7539,2024-07-01,2024-07-01
2876,2020-12-01,2020-04-01
1456,2024-03-01,2020-09-01
2445,2024-01-01,2020-02-01
2634,2023-09-01,2022-12-01
9847,2023-03-01,2020-06-01
2610,2024-06-01,2022-02-01
1435,2022-09-01,2022-09-01
1115,2021-04-01,2021-04-01
1600,2022-08-01,2021-08-01
8449,2021-11-01,2021-11-01
8881,2022-11-01,2022-11-01
3358,2023-12-01,2023-12-01
4784,2023-06-01,2023-06-01
9378,2021-12-01,2020-10-01
5977,2023-08-01,2023-08-01
1757,2024-08-01,2021-02-01
1724,2020-12-01,2020-12-01
8540,2023-01-01,2020-01-01
9496,2024-07-01,2020-05-01
4129,2020-10-01,2020-04-01
8308,2022-11-01,2020-06-01
8245,2023-10-01,2023-10-01
3798,2022-10-01,2022-10-01
4572,2021-12-01,2020-01-01
6574,2024-12-01,2022-06-01
6214,2024-02-01,2020-11-01
6856,2022-01-01,2020-09-01
9598,2020-04-01,2020-04-01
4647,2025-01-01,2021-07-01
5590,2022-05-01,2022-04-01
7023,2020-01-01,2020-01-01
4428,2022-04-01,2022-04-01
6101,2020-12-01,2020-12-01
1842,2020-04-01,2020-04-01
2677,2022-08-01,2022-08-01
6287,2022-08-01,2022-02-01
7563,2021-06-01,2020-05-01
2865,2022-11-01,2020-09-01
9746,2021-11-01,2021-11-01
1613,2023-08-01,2023-06-01
8378,2021-06-01,2020-12-01
1875,2023-11-01,2022-03-01
4803,2024-12-01,2024-12-01
5374,2022-03-01,2022-03-01
5782,2023-10-01,2020-06-01
5807,2022-04-01,2021-11-01
7934,2020-09-01,2020-09-01
5885,2024-08-01,2021-03-01
8077,2021-02-01,2021-02-01
6231,2024-07-01,2020-04-01
9290,2021-11-01,2020-12-01
6817,2021-06-01,2021-06-01
6997,2023-12-01,2020-01-01
3413,2021-11-01,2021-10-01
2711,2024-06-01,2020-01-01
4414,2025-02-01,2021-06-01
2453,2024-12-01,2022-05-01
5985,2023-02-01,2020-01-01
4713,2024-02-01,2024-02-01
7158,2024-05-01,2023-12-01
7108,2021-10-01,2021-10-01
5166,2021-05-01,2021-05-01
8091,2021-02-01,2021-02-01
8644,2021-04-01,2021-04-01
5778,2021-10-01,2021-10-01
5171,2024-06-01,2024-06-01
3004,2024-10-01,2023-02-01
6844,2021-11-01,2021-11-01
2348,2020-09-01,2020-09-01
5386,2023-09-01,2021-07-01
2882,2024-12-01,2020-02-01
1048,2023-05-01,2023-05-01
3712,2021-09-01,2020-10-01
2540,2021-05-01,2021-05-01
2176,2021-05-01,2020-04-01
2620,2020-10-01,2020-10-01
5480,2025-04-01,2020-03-01
1959,2022-05-01,2021-10-01
4332,2025-04-01,2025-04-01
5715,2020-08-01,2020-08-01
3054,2023-09-01,2020-07-01
4954,2021-08-01,2021-04-01
3483,2024-02-01,2024-02-01
6699,2024-09-01,2024-09-01
1484,2025-02-01,2020-06-01
7299,2022-06-01,2020-04-01
2909,2022-10-01,2021-06-01
7809,2021-03-01,2021-03-01
3017,2024-04-01,2022-08-01
7807,2022-07-01,2021-03-01
1024,2024-03-01,2020-04-01
7457,2020-08-01,2020-08-01
3849,2024-11-01,2022-11-01
3202,2020-08-01,2020-08-01
3189,2020-12-01,2020-12-01
5401,2020-08-01,2020-08-01
1649,2022-05-01,2022-05-01
8171,2021-09-01,2021-09-01
4616,2024-03-01,2024-03-01
6866,2024-12-01,2020-12-01
2536,2022-06-01,2022-06-01
2182,2021-11-01,2021-07-01
5987,2022-07-01,2021-05-01
2970,2024-06-01,2020-08-01
3690,2020-09-01,2020-09-01
2026,2021-02-01,2021-02-01
6906,2023-06-01,2023-06-01
3295,2024-04-01,2023-03-01
1860,2024-10-01,2021-06-01
5035,2024-01-01,2021-12-01
7219,2023-08-01,2023-08-01
6844,2025-03-01,2021-11-01
7248,2023-08-01,2023-08-01
6486,2020-07-01,2020-04-01
3993,2021-04-01,2020-11-01
7154,2024-04-01,2022-04-01
2518,2024-03-01,2022-08-01
1431,2020-09-01,2020-09-01
6298,2020-02-01,2020-02-01
6480,2023-01-01,2020-02-01
4412,2023-08-01,2023-02-01
5727,2021-09-01,2021-09-01
7542,2023-05-01,2022-06-01
9739,2021-08-01,2020-05-01
1013,2022-02-01,2022-02-01
4824,2020-05-01,2020-05-01
5521,2025-01-01,2021-01-01
2371,2021-05-01,2021-05-01
5790,2022-01-01,2022-01-01
3438,2024-10-01,2024-05-01
5271,2024-08-01,2021-04-01
8503,2020-03-01,2020-03-01
6190,2022-08-01,2022-08-01
1132,2020-04-01,2020-04-01
6279,2022-01-01,2020-09-01
9119,2024-07-01,2020-02-01
2552,2022-03-01,2022-03-01
9656,2023-11-01,2023-04-01
1845,2024-01-01,2022-03-01
9780,2024-04-01,2022-01-01
2405,2023-07-01,2023-07-01
2381,2022-04-01,2021-09-01
5098,2021-03-01,2021-03-01
9763,2020-03-01,2020-03-01
2702,2020-06-01,2020-06-01
8960,2024-05-01,2021-04-01
9991,2025-02-01,2022-08-01
7641,2023-01-01,2023-01-01
7934,2023-02-01,2020-09-01
8440,2020-11-01,2020-11-01
9977,2022-09-01,2022-09-01
3339,2023-01-01,2023-01-01
4242,2024-05-01,2023-01-01
2181,2021-12-01,2021-12-01
3936,2023-07-01,2021-06-01
1200,2024-09-01,2020-12-01
4025,2022-04-01,2020-02-01
9228,2024-01-01,2020-10-01
6490,2024-11-01,2020-03-01
6348,2020-10-01,2020-10-01
3755,2024-10-01,2020-01-01
2570,2022-04-01,2022-01-01
1447,2021-12-01,2021-12-01
1600,2021-11-01,2021-08-01
5195,2022-10-01,2022-10-01
3321,2024-05-01,2023-08-01
7953,2020-10-01,2020-10-01
9508,2024-10-01,2023-10-01
3238,2024-05-01,2022-03-01
6234,2023-12-01,2021-01-01
3137,2023-10-01,2023-10-01
1773,2024-05-01,2022-05-01
1451,2024-04-01,2021-03-01
1759,2022-08-01,2022-08-01
4403,2024-08-01,2021-09-01
4425,2024-06-01,2020-06-01
4152,2023-05-01,2023-05-01
6957,2020-02-01,2020-02-01
2912,2020-07-01,2020-07-01
4985,2023-11-01,2021-02-01
6497,2023-02-01,2023-02-01
5641,2023-10-01,2021-04-01
5985,2020-10-01,2020-01-01
5889,2023-03-01,2021-08-01
8253,2022-03-01,2020-10-01
3838,2021-12-01,2021-12-01
8045,2020-11-01,2020-11-01
3848,2023-01-01,2023-01-01
6842,2023-11-01,2023-11-01
8758,2022-08-01,2021-02-01
5533,2023-11-01,2021-08-01
6906,2024-06-01,2023-06-01
4801,2020-09-01,2020-02-01
6482,2021-07-01,2020-06-01
7623,2024-11-01,2024-11-01
2086,2021-04-01,2020-03-01
3583,2023-03-01,2020-05-01
9370,2020-12-01,2020-12-01
7823,2023-09-01,2023-09-01
8745,2023-02-01,2023-02-01
4590,2022-10-01,2021-08-01
7076,2023-10-01,2021-08-01
5436,2024-05-01,2024-05-01
8115,2022-08-01,2022-08-01
4822,2024-02-01,2020-07-01
7680,2022-12-01,2020-03-01
6555,2022-09-01,2022-08-01
5745,2020-02-01,2020-02-01
7361,2023-01-01,2021-02-01
3469,2021-05-01,2021-05-01
8779,2024-12-01,2022-11-01
8498,2020-03-01,2020-03-01
7854,2024-05-01,2024-05-01
9962,2023-08-01,2023-08-01
5447,2023-07-01,2023-07-01
5695,2025-03-01,2020-11-01
9195,2021-02-01,2021-02-01
1428,2023-01-01,2021-01-01
7443,2020-09-01,2020-09-01
5850,2023-08-01,2023-08-01
4872,2024-03-01,2020-12-01
2264,2023-12-01,2023-03-01
4679,2023-04-01,2023-04-01
2364,2023-12-01,2021-07-01
4223,2022-05-01,2022-05-01
1478,2024-05-01,2023-09-01
4411,2024-06-01,2020-01-01
1965,2025-04-01,2022-01-01
1066,2023-01-01,2020-12-01
9786,2023-11-01,2020-02-01
1312,2023-11-01,2023-11-01
7334,2020-11-01,2020-11-01
4407,2022-07-01,2021-01-01
5677,2020-10-01,2020-10-01
5879,2024-03-01,2022-04-01
7502,2020-07-01,2020-07-01
5554,2022-07-01,2020-05-01
3694,2022-08-01,2022-08-01
5858,2023-12-01,2023-12-01
4360,2022-01-01,2022-01-01
2783,2021-03-01,2021-03-01
5924,2020-04-01,2020-04-01
5296,2022-12-01,2022-09-01
2309,2021-01-01,2021-01-01
3974,2024-03-01,2024-03-01
7279,2021-12-01,2021-05-01
8539,2025-03-01,2025-03-01
8397,2021-01-01,2020-07-01
7745,2022-05-01,2022-05-01
4673,2024-03-01,2020-09-01
2817,2022-08-01,2022-08-01
2760,2023-08-01,2021-07-01
1451,2022-12-01,2021-03-01
5045,2023-12-01,2020-03-01
1555,2023-07-01,2020-03-01
4189,2022-03-01,2022-03-01
5454,2021-11-01,2021-05-01
7869,2024-05-01,2020-06-01
4360,2022-11-01,2022-01-01
9740,2022-02-01,2020-05-01
1746,2022-10-01,2020-01-01
5346,2022-12-01,2022-12-01
2165,2024-11-01,2022-02-01
4547,2021-02-01,2021-02-01
9919,2022-04-01,2022-01-01
1170,2023-11-01,2020-08-01
2360,2022-05-01,2022-05-01
6104,2024-05-01,2024-05-01
1633,2023-04-01,2020-11-01
7835,2020-10-01,2020-10-01
7622,2023-11-01,2021-09-01
2185,2024-10-01,2024-10-01
1648,2022-05-01,2022-05-01
2998,2024-12-01,2023-04-01
5224,2021-12-01,2021-12-01
6392,2022-05-01,2022-05-01
3554,2023-04-01,2023-04-01
6230,2024-11-01,2022-11-01
2005,2023-10-01,2023-10-01
2575,2021-03-01,2021-03-01
2633,2021-06-01,2021-03-01
7261,2023-04-01,2021-07-01
8873,2024-07-01,2022-01-01
2415,2023-01-01,2022-08-01
4330,2020-10-01,2020-10-01
2601,2020-12-01,2020-12-01
1265,2022-07-01,2022-07-01
8601,2024-04-01,2020-05-01
3647,2021-11-01,2021-06-01
2446,2023-04-01,2020-11-01
3171,2025-01-01,2022-05-01
5900,2024-04-01,2024-04-01
2230,2021-07-01,2020-08-01
4491,2024-10-01,2024-10-01
9357,2022-01-01,2021-12-01
5826,2020-06-01,2020-06-01
2175,2020-06-01,2020-06-01
1614,2023-07-01,2020-11-01
5942,2022-01-01,2022-01-01
7208,2024-05-01,2020-07-01
5690,2022-12-01,2020-01-01
3486,2022-08-01,2022-08-01
1784,2021-01-01,2021-01-01
2350,2023-08-01,2021-06-01
6431,2024-02-01,2020-05-01
8099,2024-11-01,2023-10-01
7365,2023-06-01,2020-05-01
5149,2022-07-01,2022-07-01
3739,2020-06-01,2020-06-01
9140,2024-03-01,2024-01-01
1033,2021-03-01,2021-03-01
5636,2025-01-01,2021-11-01
8643,2025-04-01,2021-02-01
5520,2020-09-01,2020-09-01
7978,2025-02-01,2023-10-01
9301,2020-07-01,2020-07-01
4619,2023-12-01,2023-08-01
7049,2021-04-01,2021-04-01
6582,2023-09-01,2020-09-01
7584,2024-03-01,2021-09-01
9271,2022-06-01,2022-06-01
4018,2025-01-01,2020-05-01
2415,2022-08-01,2022-08-01
7622,2022-03-01,2021-09-01
6924,2025-02-01,2023-10-01
5243,2020-02-01,2020-02-01
8805,2024-10-01,2021-07-01
2359,2023-02-01,2020-12-01
5496,2024-12-01,2022-11-01
1083,2022-03-01,2020-05-01
9343,2023-01-01,2023-01-01
3949,2021-05-01,2021-05-01
9387,2024-11-01,2024-11-01
1084,2023-08-01,2022-03-01
7747,2021-02-01,2021-02-01
1966,2022-06-01,2022-06-01
8960,2025-01-01,2021-04-01
1126,2023-03-01,2023-03-01
4148,2023-06-01,2023-03-01
2994,2024-07-01,2024-07-01
3643,2024-01-01,2020-06-01
3426,2024-08-01,2022-03-01
3539,2023-11-01,2020-06-01
5550,2023-12-01,2022-07-01
9618,2021-07-01,2020-07-01
5868,2023-08-01,2022-09-01
2511,2022-05-01,2021-08-01
5390,2020-06-01,2020-05-01
4738,2025-04-01,2025-04-01
2891,2023-03-01,2023-03-01
1486,2024-02-01,2020-11-01
4182,2025-03-01,2025-03-01
3385,2024-11-01,2022-05-01
9693,2021-01-01,2020-09-01
8154,2020-04-01,2020-04-01
6888,2023-09-01,2023-09-01
1670,2020-12-01,2020-12-01
9588,2024-10-01,2023-07-01
9854,2022-05-01,2022-05-01
1388,2020-12-01,2020-02-01
5713,2020-01-01,2020-01-01
6397,2021-11-01,2021-11-01
6454,2022-05-01,2020-01-01
9364,2023-03-01,2021-03-01
5303,2020-03-01,2020-03-01
7717,2022-10-01,2022-01-01
3111,2023-05-01,2020-06-01
2392,2024-11-01,2020-04-01
4658,2021-06-01,2021-06-01
6641,2022-01-01,2021-05-01
1408,2025-01-01,2023-01-01
8612,2023-04-01,2023-04-01
3390,2022-01-01,2021-11-01
8284,2020-07-01,2020-07-01
7594,2023-05-01,2021-07-01
6225,2025-03-01,2020-01-01
6294,2024-09-01,2024-09-01
7096,2023-11-01,2021-08-01
1341,2021-01-01,2021-01-01
4056,2023-07-01,2021-05-01
1010,2020-07-01,2020-07-01
8043,2021-06-01,2021-03-01
5883,2022-08-01,2020-07-01
9516,2022-06-01,2020-06-01
8031,2020-03-01,2020-03-01
1794,2020-11-01,2020-08-01
8531,2023-07-01,2023-07-01
5478,2024-12-01,2021-12-01
2359,2025-02-01,2020-12-01
8277,2020-11-01,2020-11-01
7852,2021-09-01,2021-09-01
5896,2021-01-01,2020-08-01
1959,2022-06-01,2021-10-01
1335,2024-02-01,2024-02-01
8846,2023-08-01,2020-11-01
3633,2025-03-01,2023-11-01
5845,2022-03-01,2021-03-01
9173,2024-09-01,2024-09-01
6293,2023-02-01,2021-01-01
9708,2022-08-01,2021-04-01
4938,2023-08-01,2021-10-01
3852,2023-12-01,2023-12-01
1078,2022-07-01,2022-07-01
2310,2020-08-01,2020-08-01
6043,2020-11-01,2020-11-01
6603,2021-11-01,2021-11-01
2769,2020-08-01,2020-08-01
6166,2024-07-01,2021-01-01
1471,2024-11-01,2021-01-01
7206,2024-02-01,2021-08-01
3695,2024-11-01,2023-07-01
4918,2023-09-01,2023-09-01
4631,2020-03-01,2020-03-01
6536,2023-02-01,2020-07-01
6879,2020-02-01,2020-02-01
2352,2021-08-01,2021-08-01
3282,2024-12-01,2020-05-01
1755,2021-08-01,2021-06-01
8128,2024-01-01,2021-09-01
2485,2021-11-01,2021-11-01
8952,2021-09-01,2021-09-01
3274,2023-10-01,2023-10-01
5948,2025-01-01,2025-01-01
9873,2024-07-01,2023-12-01
2953,2025-04-01,2020-07-01
3885,2022-10-01,2020-11-01
4439,2022-08-01,2022-08-01
7491,2022-01-01,2022-01-01
6815,2020-05-01,2020-05-01
2984,2021-04-01,2021-04-01
3570,2023-03-01,2023-03-01
9710,2021-03-01,2021-03-01
1124,2020-07-01,2020-07-01
7848,2023-01-01,2023-01-01
1798,2020-05-01,2020-05-01
4989,2021-03-01,2021-03-01
4697,2021-09-01,2020-06-01
2388,2022-10-01,2022-10-01
1952,2020-09-01,2020-09-01
6596,2021-03-01,2021-03-01
3395,2025-02-01,2021-11-01
7169,2024-11-01,2020-08-01
5600,2021-02-01,2021-02-01
9423,2022-07-01,2022-07-01
6064,2022-08-01,2022-08-01
3336,2023-09-01,2021-11-01
6638,2024-02-01,2022-08-01
3239,2022-02-01,2022-02-01
7308,2024-01-01,2021-07-01
8626,2024-05-01,2024-05-01
2236,2022-01-01,2022-01-01
5745,2022-06-01,2020-02-01
5015,2025-04-01,2021-05-01
2937,2023-05-01,2023-05-01
4208,2023-01-01,2023-01-01
2710,2024-01-01,2020-01-01
8395,2021-05-01,2021-05-01
7893,2023-12-01,2023-12-01
1957,2025-01-01,2022-06-01
8715,2021-11-01,2020-06-01
2096,2024-01-01,2020-04-01
3623,2022-12-01,2022-07-01
6261,2024-08-01,2020-12-01
7664,2024-11-01,2024-01-01
1980,2024-06-01,2023-02-01
2134,2021-12-01,2021-05-01
8839,2020-03-01,2020-03-01
8238,2023-08-01,2023-08-01
8828,2022-05-01,2022-05-01
6493,2025-04-01,2021-02-01
4250,2023-01-01,2021-05-01
9833,2023-01-01,2023-01-01
2173,2022-11-01,2022-11-01
9467,2022-03-01,2020-02-01
9398,2020-07-01,2020-07-01
9158,2022-08-01,2021-09-01
3494,2023-07-01,2021-03-01
1353,2021-01-01,2021-01-01
5011,2024-05-01,2020-01-01
5024,2023-01-01,2023-01-01
3433,2022-10-01,2022-10-01
2198,2021-01-01,2021-01-01
8165,2023-01-01,2023-01-01
9228,2024-05-01,2020-10-01
4419,2024-05-01,2024-05-01
9771,2025-04-01,2025-04-01
9042,2024-10-01,2021-09-01
9141,2020-12-01,2020-03-01
2172,2024-08-01,2021-02-01
4445,2020-02-01,2020-02-01
1675,2023-07-01,2020-07-01
1496,2021-07-01,2021-07-01
3681,2020-10-01,2020-01-01
5797,2022-08-01,2020-12-01
4609,2024-02-01,2021-03-01
2042,2024-10-01,2024-10-01
3999,2020-03-01,2020-03-01
6659,2024-08-01,2024-08-01
9011,2020-02-01,2020-02-01
7426,2020-04-01,2020-04-01
8688,2023-09-01,2023-09-01
9666,2020-08-01,2020-08-01
7977,2024-01-01,2024-01-01
5718,2020-05-01,2020-05-01
1355,2020-04-01,2020-04-01
3262,2023-03-01,2021-02-01
3123,2023-06-01,2021-06-01
6357,2022-06-01,2021-06-01
2799,2020-10-01,2020-10-01
1888,2020-08-01,2020-08-01
8328,2024-11-01,2020-03-01
9064,2020-06-01,2020-06-01
6235,2020-05-01,2020-05-01
8222,2025-03-01,2025-03-01
5217,2023-11-01,2023-11-01
3268,2021-03-01,2021-03-01
2806,2024-10-01,2024-10-01
7082,2024-03-01,2020-03-01
3414,2021-11-01,2020-02-01
9084,2024-07-01,2020-10-01
1102,2024-06-01,2023-04-01
9073,2024-08-01,2024-08-01
3243,2024-10-01,2021-04-01
5772,2021-06-01,2021-06-01
8519,2021-09-01,2021-09-01
9678,2024-10-01,2024-10-01
8418,2023-01-01,2023-01-01
4981,2021-08-01,2021-08-01
3556,2020-07-01,2020-07-01
5419,2023-08-01,2023-08-01
7466,2023-01-01,2020-04-01
8295,2021-03-01,2021-03-01
7668,2023-10-01,2023-01-01
3303,2023-12-01,2020-11-01
7985,2023-09-01,2022-07-01
2103,2022-04-01,2021-03-01
1443,2021-02-01,2021-02-01
9486,2020-01-01,2020-01-01
3072,2021-03-01,2020-08-01
9898,2021-01-01,2021-01-01
7928,2024-06-01,2024-06-01
7242,2020-02-01,2020-02-01
3726,2024-09-01,2021-02-01
9851,2024-09-01,2024-09-01
2405,2025-02-01,2023-07-01
1142,2022-09-01,2021-03-01
5148,2025-04-01,2020-02-01
8124,2025-01-01,2024-09-01
3180,2021-06-01,2021-06-01
7869,2022-01-01,2020-06-01
1851,2023-07-01,2023-07-01
3385,2024-05-01,2022-05-01
2533,2021-07-01,2021-06-01
7130,2023-09-01,2022-06-01
1014,2022-10-01,2022-10-01
5780,2023-01-01,2021-07-01
6652,2023-01-01,2022-08-01
1983,2025-01-01,2021-10-01
4551,2025-03-01,2022-01-01
9348,2022-05-01,2021-06-01
1585,2020-02-01,2020-02-01
2116,2024-05-01,2020-05-01
5455,2021-12-01,2021-12-01
7646,2021-11-01,2020-05-01
6569,2021-08-01,2020-06-01
6409,2023-08-01,2020-08-01
2688,2024-07-01,2024-07-01
4559,2021-04-01,2021-04-01
6238,2020-02-01,2020-02-01
4229,2022-04-01,2022-04-01
1196,2021-12-01,2020-08-01
9459,2022-03-01,2022-03-01
5617,2023-12-01,2021-02-01
8385,2022-05-01,2020-05-01
2494,2024-09-01,2024-01-01
1609,2021-10-01,2021-10-01
2682,2022-05-01,2021-03-01
9636,2020-01-01,2020-01-01
4345,2024-09-01,2021-05-01
8142,2021-07-01,2021-07-01
9453,2023-05-01,2021-06-01
9476,2024-06-01,2020-09-01
2395,2024-06-01,2023-05-01
7314,2021-06-01,2021-06-01
9541,2021-07-01,2021-07-01
3618,2023-02-01,2020-01-01
1682,2023-11-01,2023-11-01
6453,2024-09-01,2022-05-01
4397,2021-02-01,2020-11-01
6841,2021-06-01,2020-02-01
6697,2020-03-01,2020-03-01
3456,2023-06-01,2023-06-01
6975,2024-03-01,2020-01-01
9342,2020-05-01,2020-05-01
7355,2020-11-01,2020-11-01
2544,2024-04-01,2021-04-01
8896,2023-08-01,2023-08-01
2090,2020-11-01,2020-06-01
5385,2022-01-01,2022-01-01
9979,2021-05-01,2020-04-01
1070,2024-09-01,2021-06-01
1105,2021-03-01,2020-02-01
6586,2023-07-01,2023-07-01
3928,2020-04-01,2020-04-01
8045,2022-06-01,2020-11-01
4636,2020-09-01,2020-09-01
7078,2022-08-01,2022-08-01
2003,2021-02-01,2021-02-01
9484,2020-03-01,2020-03-01
7987,2024-12-01,2020-03-01
1072,2023-09-01,2020-01-01
4120,2020-06-01,2020-06-01
9768,2020-12-01,2020-12-01
3049,2022-02-01,2022-02-01
8482,2023-07-01,2023-07-01
3734,2024-08-01,2023-09-01
8686,2024-11-01,2024-11-01
2899,2023-11-01,2021-08-01
5792,2022-04-01,2022-04-01
8876,2023-04-01,2023-04-01
4250,2021-05-01,2021-05-01
2007,2024-12-01,2020-04-01
3399,2020-06-01,2020-06-01
5565,2023-03-01,2022-04-01
5755,2023-07-01,2023-07-01
1849,2023-08-01,2020-02-01
8920,2023-03-01,2021-06-01
8324,2023-10-01,2021-12-01
7999,2024-01-01,2020-06-01
8778,2022-10-01,2021-07-01
8118,2024-07-01,2021-07-01
7596,2023-04-01,2023-04-01
5849,2022-04-01,2022-04-01
7187,2021-05-01,2021-01-01
4191,2020-03-01,2020-03-01
1263,2020-03-01,2020-03-01
7007,2020-03-01,2020-03-01
3267,2023-04-01,2020-09-01
6972,2021-10-01,2021-07-01
4281,2025-03-01,2020-06-01
3083,2024-06-01,2020-05-01
2244,2021-06-01,2020-02-01
1217,2020-02-01,2020-02-01
5661,2020-02-01,2020-02-01
7903,2020-02-01,2020-02-01
6481,2021-08-01,2021-08-01
2872,2023-10-01,2023-10-01
1608,2022-08-01,2021-09-01
1718,2022-09-01,2022-09-01
3480,2022-11-01,2021-05-01
9256,2024-01-01,2024-01-01
6712,2024-08-01,2021-06-01
4423,2024-01-01,2022-07-01
6509,2020-06-01,2020-06-01
4330,2025-03-01,2020-10-01
9316,2023-09-01,2023-09-01
6868,2023-08-01,2022-02-01
4062,2021-01-01,2021-01-01
7601,2020-02-01,2020-02-01
5131,2020-12-01,2020-12-01
9279,2021-09-01,2021-09-01
7346,2021-04-01,2021-04-01
4933,2021-06-01,2021-06-01
4402,2024-10-01,2021-04-01
3272,2020-03-01,2020-03-01
7935,2025-02-01,2025-02-01
3326,2022-11-01,2020-06-01
6457,2021-10-01,2021-10-01
3727,2020-10-01,2020-10-01
3105,2020-11-01,2020-11-01
1563,2021-08-01,2021-08-01
3314,2022-01-01,2022-01-01
1813,2024-05-01,2024-03-01
7176,2022-05-01,2021-01-01
2409,2023-12-01,2022-01-01
6536,2024-08-01,2020-07-01
9118,2020-12-01,2020-12-01
4324,2021-05-01,2021-05-01
4246,2021-06-01,2021-06-01
7894,2024-03-01,2024-03-01
7248,2023-10-01,2023-08-01
1210,2023-04-01,2023-04-01
1931,2020-03-01,2020-03-01
1858,2021-05-01,2021-05-01
4846,2023-07-01,2023-07-01
9536,2021-07-01,2020-06-01
6074,2023-05-01,2020-06-01
1734,2023-07-01,2021-07-01
4778,2021-05-01,2021-05-01
2056,2025-02-01,2024-05-01
3944,2022-07-01,2020-02-01
4770,2022-11-01,2021-08-01
4614,2021-11-01,2020-05-01
7958,2021-12-01,2021-12-01
7453,2020-05-01,2020-05-01
1405,2023-11-01,2023-05-01
3299,2020-03-01,2020-03-01
8030,2023-01-01,2022-05-01
5965,2022-03-01,2022-03-01
5201,2024-12-01,2023-12-01
6693,2023-06-01,2020-06-01
2206,2023-01-01,2020-07-01
1595,2023-09-01,2020-02-01
9986,2022-06-01,2022-06-01
5006,2021-11-01,2020-07-01
8088,2021-07-01,2021-07-01
8337,2021-02-01,2020-10-01
3285,2020-08-01,2020-08-01
3044,2021-06-01,2021-06-01
7917,2023-05-01,2023-05-01
7687,2020-07-01,2020-07-01
1471,2021-01-01,2021-01-01
7644,2021-08-01,2020-06-01
8846,2021-06-01,2020-11-01
9340,2020-05-01,2020-05-01
3052,2023-11-01,2023-11-01
4551,2022-01-01,2022-01-01
8085,2022-04-01,2022-04-01
6857,2024-04-01,2024-03-01
7496,2024-02-01,2022-05-01
3645,2020-06-01,2020-06-01
3816,2023-02-01,2021-01-01
7965,2022-04-01,2021-10-01
9433,2023-02-01,2020-12-01
1183,2024-01-01,2023-04-01
4190,2025-02-01,2020-03-01
2402,2024-10-01,2020-07-01
3769,2022-04-01,2022-02-01
9810,2020-06-01,2020-06-01
8598,2024-01-01,2020-02-01
4962,2021-06-01,2021-06-01
9772,2022-07-01,2020-02-01
6593,2024-06-01,2020-10-01
8616,2023-02-01,2023-02-01
9126,2021-11-01,2020-12-01
9995,2022-01-01,2022-01-01
7051,2022-01-01,2022-01-01
1403,2021-10-01,2021-10-01
5766,2023-07-01,2022-03-01
2791,2021-11-01,2021-04-01
6401,2023-08-01,2020-11-01
4087,2023-02-01,2022-02-01
6775,2024-08-01,2024-08-01
2520,2021-12-01,2021-12-01
2315,2020-04-01,2020-04-01
9611,2024-08-01,2021-12-01
6915,2023-08-01,2021-06-01
4008,2023-12-01,2022-07-01
3964,2022-04-01,2022-04-01
9049,2022-02-01,2022-02-01
1815,2021-10-01,2021-10-01
1272,2024-01-01,2020-09-01
4214,2023-03-01,2021-02-01
3456,2024-07-01,2023-06-01
2045,2024-05-01,2021-05-01
1591,2022-10-01,2021-11-01
1376,2021-06-01,2021-06-01
6646,2022-12-01,2021-02-01
3655,2021-11-01,2021-01-01
7685,2020-02-01,2020-02-01
1256,2022-11-01,2021-09-01
1223,2023-06-01,2023-06-01
4204,2021-04-01,2021-04-01
5287,2021-06-01,2021-06-01
7938,2021-02-01,2020-04-01
8392,2025-01-01,2021-03-01
5723,2021-09-01,2021-04-01
6351,2022-09-01,2020-01-01
2507,2025-01-01,2023-12-01
5998,2024-11-01,2024-11-01
7020,2020-07-01,2020-07-01
9127,2021-05-01,2021-05-01
7232,2021-08-01,2021-08-01
4412,2023-02-01,2023-02-01
5147,2025-01-01,2025-01-01
5167,2024-08-01,2022-09-01
5598,2022-11-01,2022-11-01
9994,2020-12-01,2020-12-01
7862,2022-05-01,2021-01-01
4254,2020-04-01,2020-04-01
9301,2022-09-01,2020-07-01
4746,2023-07-01,2020-03-01
9962,2024-08-01,2023-08-01
3621,2020-12-01,2020-12-01
4536,2023-06-01,2023-06-01
5910,2023-01-01,2023-01-01
3527,2024-11-01,2022-08-01
8548,2020-11-01,2020-10-01
8716,2024-11-01,2020-06-01
5763,2023-05-01,2023-05-01
7693,2024-10-01,2020-06-01
4578,2021-07-01,2021-07-01
5125,2023-06-01,2023-01-01
8055,2022-08-01,2022-08-01
6524,2022-09-01,2022-09-01
6833,2022-05-01,2020-07-01
6006,2022-12-01,2021-07-01
6917,2025-03-01,2023-06-01
3865,2025-04-01,2025-04-01
8593,2023-05-01,2023-05-01
1837,2020-03-01,2020-03-01
3821,2023-05-01,2022-06-01
4213,2021-08-01,2021-06-01
8658,2023-03-01,2020-12-01
9028,2024-03-01,2020-06-01
6156,2021-12-01,2021-12-01
1078,2023-08-01,2022-07-01
2039,2024-11-01,2023-08-01
6753,2020-12-01,2020-12-01
3173,2023-03-01,2022-12-01
1079,2020-05-01,2020-05-01
1379,2021-06-01,2021-06-01
2543,2020-02-01,2020-02-01
4718,2024-01-01,2024-01-01
8602,2020-10-01,2020-10-01
4809,2021-03-01,2021-03-01
6416,2023-05-01,2021-06-01
2647,2020-12-01,2020-12-01
6776,2024-08-01,2022-12-01
3733,2023-06-01,2023-06-01
8548,2021-07-01,2020-10-01
8112,2024-05-01,2024-05-01
4001,2023-10-01,2022-03-01
2818,2020-07-01,2020-06-01
6955,2024-02-01,2024-02-01
4152,2024-03-01,2023-05-01
6735,2022-03-01,2020-10-01
2314,2023-08-01,2022-02-01
1671,2023-12-01,2023-12-01
2324,2020-12-01,2020-12-01
2536,2024-11-01,2022-06-01
5987,2021-05-01,2021-05-01
6122,2021-11-01,2021-11-01
8434,2024-02-01,2021-12-01
3223,2022-10-01,2020-04-01
2763,2023-11-01,2021-06-01
5054,2021-01-01,2021-01-01
2564,2020-02-01,2020-02-01
2423,2023-07-01,2023-07-01
7136,2022-09-01,2021-01-01
3732,2024-10-01,2020-02-01
2663,2023-07-01,2023-02-01
1470,2022-03-01,2022-02-01
2941,2021-06-01,2020-01-01
8242,2023-07-01,2022-02-01
1970,2021-01-01,2021-01-01
2373,2024-09-01,2024-09-01
4940,2020-02-01,2020-02-01
6505,2022-11-01,2021-03-01
9094,2022-07-01,2022-07-01
6498,2024-04-01,2024-04-01
9844,2021-09-01,2020-07-01
7861,2020-11-01,2020-11-01
2637,2025-03-01,2021-10-01
5594,2020-01-01,2020-01-01
9693,2024-08-01,2020-09-01
9226,2020-10-01,2020-10-01
5780,2021-07-01,2021-07-01
3379,2020-10-01,2020-10-01
7565,2024-07-01,2023-01-01
3371,2024-07-01,2021-12-01
4891,2022-07-01,2022-07-01
3171,2024-11-01,2022-05-01
8234,2022-01-01,2022-01-01
2047,2023-11-01,2021-11-01
5797,2020-12-01,2020-12-01
5673,2024-07-01,2021-12-01
2393,2020-10-01,2020-10-01
4327,2020-12-01,2020-12-01
8141,2021-04-01,2021-04-01
4686,2023-08-01,2023-03-01
1624,2024-05-01,2024-05-01
8926,2023-10-01,2023-10-01
2756,2022-08-01,2022-08-01
3409,2024-10-01,2022-10-01
8662,2023-05-01,2023-05-01
6566,2022-03-01,2022-03-01
4500,2025-02-01,2022-05-01
2827,2023-08-01,2021-10-01
2366,2023-07-01,2023-07-01
9248,2022-09-01,2020-11-01
3549,2020-02-01,2020-02-01
5033,2021-09-01,2020-02-01
6279,2022-01-01,2020-09-01
8544,2023-01-01,2023-01-01
2866,2021-03-01,2020-03-01
3243,2023-01-01,2021-04-01
8392,2021-03-01,2021-03-01
5784,2024-12-01,2024-10-01
2326,2024-06-01,2024-06-01
1925,2023-09-01,2023-09-01
1837,2021-10-01,2020-03-01
1096,2021-07-01,2021-07-01
7181,2021-11-01,2021-08-01
4998,2021-08-01,2021-01-01
1560,2023-10-01,2020-11-01
6073,2023-09-01,2023-09-01
3786,2023-02-01,2023-02-01
7549,2024-04-01,2020-10-01
1773,2022-05-01,2022-05-01
5459,2022-07-01,2020-05-01
4370,2025-03-01,2020-08-01
8524,2023-07-01,2023-03-01
2127,2024-02-01,2020-10-01
3395,2022-09-01,2021-11-01
9875,2024-08-01,2020-01-01
2237,2021-10-01,2021-05-01
3165,2020-07-01,2020-07-01
1794,2023-10-01,2020-08-01
2640,2020-02-01,2020-02-01
7148,2020-01-01,2020-01-01
6087,2022-03-01,2020-03-01
2614,2020-06-01,2020-06-01
9960,2025-02-01,2025-02-01
3847,2025-03-01,2021-10-01
4227,2023-02-01,2020-09-01
7336,2024-11-01,2020-03-01
7735,2024-11-01,2021-04-01
4892,2024-04-01,2021-11-01
2408,2022-11-01,2022-11-01
8846,2022-08-01,2020-11-01
7232,2022-12-01,2021-08-01
9360,2020-08-01,2020-07-01
8964,2020-12-01,2020-12-01
1756,2020-07-01,2020-07-01
3120,2024-10-01,2021-04-01
2633,2021-03-01,2021-03-01
1144,2021-11-01,2021-08-01
4955,2020-01-01,2020-01-01
1451,2021-03-01,2021-03-01
9734,2021-05-01,2021-05-01
2707,2024-04-01,2021-08-01
1105,2020-02-01,2020-02-01
2804,2021-08-01,2020-06-01
2318,2020-05-01,2020-02-01
5979,2022-04-01,2021-03-01
7886,2020-07-01,2020-07-01
7478,2024-03-01,2024-03-01
2882,2020-02-01,2020-02-01
8008,2021-06-01,2021-06-01
8195,2020-01-01,2020-01-01
2905,2023-01-01,2020-08-01
9208,2024-05-01,2024-05-01
7973,2020-03-01,2020-03-01
7566,2021-03-01,2021-03-01
7581,2022-02-01,2020-05-01
8219,2022-09-01,2022-09-01
7099,2020-12-01,2020-12-01
8516,2021-09-01,2021-09-01
9597,2022-11-01,2022-11-01
1762,2024-05-01,2022-11-01
4562,2021-11-01,2021-11-01
5729,2024-07-01,2021-05-01
5946,2020-11-01,2020-05-01
7246,2021-08-01,2020-01-01
4355,2021-04-01,2021-04-01
5863,2023-08-01,2023-08-01
2173,2023-06-01,2022-11-01
2585,2022-05-01,2022-05-01
2675,2021-04-01,2021-04-01
9378,2024-01-01,2020-10-01
7500,2021-08-01,2021-08-01
7905,2022-01-01,2022-01-01
5291,2023-06-01,2021-09-01
7361,2021-02-01,2021-02-01
7348,2021-02-01,2020-08-01
1357,2021-11-01,2020-02-01
4790,2023-11-01,2021-05-01
9868,2024-12-01,2024-12-01
4732,2022-06-01,2020-02-01
2290,2021-12-01,2021-12-01
3967,2024-06-01,2022-12-01
2861,2022-10-01,2020-01-01
8906,2023-07-01,2020-01-01
6403,2023-02-01,2023-02-01
2055,2023-07-01,2023-07-01
1817,2024-12-01,2021-01-01
3378,2023-08-01,2021-09-01
9900,2020-08-01,2020-08-01
9414,2024-05-01,2024-05-01
3032,2023-11-01,2021-10-01
2433,2023-05-01,2023-05-01
7561,2023-05-01,2020-09-01
6483,2021-03-01,2021-03-01
9530,2022-10-01,2022-10-01
8816,2022-11-01,2021-01-01
8353,2020-06-01,2020-06-01
6172,2021-02-01,2021-02-01
2744,2023-03-01,2020-08-01
5573,2020-11-01,2020-11-01
6500,2020-10-01,2020-10-01
9466,2023-08-01,2020-11-01
9757,2020-04-01,2020-04-01
8088,2022-06-01,2021-07-01
6134,2020-06-01,2020-06-01
2551,2022-05-01,2022-05-01
2542,2024-11-01,2024-11-01
7005,2020-12-01,2020-12-01
3916,2022-04-01,2022-04-01
2693,2024-10-01,2024-07-01
7725,2022-12-01,2022-12-01
9308,2021-01-01,2021-01-01
4461,2024-07-01,2024-07-01
1877,2025-03-01,2023-12-01
1775,2023-09-01,2020-07-01
1212,2023-08-01,2022-06-01
9089,2024-12-01,2023-01-01
3813,2020-02-01,2020-02-01
4186,2023-06-01,2021-09-01
4966,2021-11-01,2021-11-01
9632,2020-09-01,2020-09-01
1600,2022-10-01,2021-08-01
6086,2022-06-01,2022-06-01
4975,2021-12-01,2021-12-01
6853,2024-01-01,2020-01-01
9452,2022-08-01,2022-08-01
4684,2022-06-01,2020-11-01
4840,2020-06-01,2020-02-01
9981,2025-01-01,2022-03-01
3509,2021-09-01,2021-01-01
4568,2021-01-01,2020-12-01
3383,2022-10-01,2021-08-01
2734,2020-02-01,2020-01-01
2142,2020-02-01,2020-02-01
4018,2021-05-01,2020-05-01
5162,2025-04-01,2020-08-01
3940,2023-08-01,2023-08-01
3985,2024-07-01,2020-05-01
1611,2024-10-01,2020-02-01
7474,2021-01-01,2020-06-01
5278,2020-02-01,2020-02-01
4406,2021-10-01,2020-09-01
5123,2024-05-01,2022-11-01
6143,2024-07-01,2022-02-01
4970,2022-05-01,2022-05-01
7552,2020-10-01,2020-02-01
6532,2022-08-01,2021-10-01
1755,2021-06-01,2021-06-01
6011,2022-05-01,2020-02-01
9820,2022-12-01,2022-12-01
5547,2025-03-01,2020-08-01
3880,2022-06-01,2022-06-01
8920,2024-03-01,2021-06-01
6384,2020-11-01,2020-11-01
7857,2024-01-01,2022-02-01
2090,2020-06-01,2020-06-01
8708,2023-07-01,2020-06-01
8419,2022-05-01,2022-05-01
3229,2024-03-01,2020-03-01
4708,2022-04-01,2022-04-01
3953,2020-08-01,2020-08-01
3812,2022-09-01,2022-09-01
5429,2023-12-01,2021-08-01
9605,2020-04-01,2020-04-01
4760,2022-06-01,2020-05-01
7746,2022-03-01,2022-03-01
4028,2022-02-01,2021-08-01
6122,2023-01-01,2021-11-01
2542,2025-03-01,2024-11-01
6079,2024-09-01,2020-04-01
5858,2024-07-01,2023-12-01
5435,2023-01-01,2020-09-01
1504,2021-10-01,2021-10-01
5008,2021-02-01,2020-12-01
1119,2020-12-01,2020-01-01
8196,2022-05-01,2022-05-01
2488,2024-01-01,2024-01-01
9433,2020-12-01,2020-12-01
6510,2021-02-01,2020-02-01
1132,2025-01-01,2020-04-01
5669,2024-03-01,2020-08-01
6759,2020-07-01,2020-07-01
2064,2024-02-01,2024-02-01
1637,2024-12-01,2024-12-01
3199,2022-09-01,2022-08-01
2529,2021-05-01,2021-05-01
1914,2022-01-01,2020-01-01
7316,2025-02-01,2020-01-01
2156,2024-06-01,2020-06-01
6215,2022-09-01,2020-04-01
5377,2022-06-01,2020-12-01
3874,2024-11-01,2024-03-01
4962,2025-03-01,2021-06-01
7252,2021-12-01,2021-04-01
7937,2024-10-01,2023-01-01
6684,2024-03-01,2024-03-01
7286,2021-02-01,2021-02-01
2521,2020-12-01,2020-12-01
9876,2024-12-01,2023-08-01
1266,2023-10-01,2022-03-01
6006,2021-08-01,2021-07-01
3437,2021-12-01,2021-12-01
7957,2025-04-01,2022-01-01
4077,2022-03-01,2020-11-01
4302,2022-08-01,2021-08-01
9476,2023-12-01,2020-09-01
4901,2021-10-01,2021-10-01
7077,2023-07-01,2023-07-01
9631,2024-10-01,2020-04-01
5168,2022-09-01,2022-09-01
8121,2024-05-01,2023-12-01
5718,2023-04-01,2020-05-01
3893,2023-01-01,2022-08-01
3188,2024-04-01,2024-04-01
1341,2024-06-01,2021-01-01
6570,2021-07-01,2021-07-01
6691,2024-04-01,2021-10-01
9569,2024-12-01,2024-05-01
5456,2024-05-01,2020-06-01
1135,2021-12-01,2021-12-01
7913,2021-01-01,2021-01-01
6287,2023-06-01,2022-02-01
7633,2021-06-01,2021-06-01
8502,2020-06-01,2020-06-01
9569,2024-09-01,2024-05-01
6574,2022-06-01,2022-06-01
9333,2020-03-01,2020-03-01
5501,2024-07-01,2020-07-01
7585,2020-08-01,2020-08-01
8104,2025-03-01,2024-07-01
9829,2022-07-01,2020-10-01
8487,2022-11-01,2021-12-01
2744,2024-10-01,2020-08-01
1364,2024-11-01,2020-12-01
1843,2024-10-01,2023-02-01
8214,2024-09-01,2021-07-01
1431,2025-01-01,2020-09-01
9578,2020-07-01,2020-07-01
8340,2021-11-01,2021-11-01
8871,2021-07-01,2020-11-01
8080,2021-10-01,2020-01-01
6549,2021-06-01,2021-06-01
9276,2020-01-01,2020-01-01
2571,2022-11-01,2022-11-01
5792,2024-08-01,2022-04-01
3960,2020-08-01,2020-08-01
4399,2024-08-01,2024-08-01
8126,2020-10-01,2020-09-01
1305,2024-09-01,2024-08-01
6311,2020-03-01,2020-03-01
6490,2023-05-01,2020-03-01
4757,2023-07-01,2021-04-01
1746,2023-11-01,2020-01-01
5330,2021-07-01,2020-06-01
8121,2023-12-01,2023-12-01
9799,2024-09-01,2021-01-01
8302,2024-08-01,2024-08-01
3130,2020-03-01,2020-03-01
4943,2022-08-01,2022-08-01
9036,2024-10-01,2023-12-01
7166,2021-06-01,2020-01-01
9424,2022-10-01,2020-10-01
7738,2022-05-01,2020-12-01
9475,2020-01-01,2020-01-01
5005,2021-09-01,2021-09-01
1848,2021-03-01,2021-03-01
6293,2025-04-01,2021-01-01
1310,2024-09-01,2020-04-01
1356,2025-04-01,2023-08-01
8197,2022-03-01,2022-03-01
6463,2020-12-01,2020-09-01
4414,2021-06-01,2021-06-01
9252,2021-04-01,2021-04-01
9023,2022-05-01,2022-05-01
7161,2022-12-01,2020-05-01
4542,2023-07-01,2020-05-01
3403,2023-10-01,2020-02-01
7921,2020-02-01,2020-02-01
5608,2025-03-01,2025-03-01
5229,2024-05-01,2024-05-01
7185,2022-06-01,2022-06-01
5007,2020-07-01,2020-01-01
2178,2023-08-01,2023-08-01
4214,2023-11-01,2021-02-01
7908,2024-09-01,2023-02-01
1783,2024-06-01,2024-06-01
3032,2021-10-01,2021-10-01
5586,2024-03-01,2020-01-01
8562,2023-02-01,2023-02-01
7774,2022-02-01,2022-02-01
5014,2021-08-01,2021-08-01
9817,2024-04-01,2024-04-01
9346,2025-03-01,2024-03-01
9001,2020-09-01,2020-06-01
9123,2021-02-01,2020-10-01
5466,2022-06-01,2020-09-01
4922,2024-11-01,2020-08-01
6476,2022-07-01,2021-07-01
4117,2021-09-01,2020-05-01
5157,2020-11-01,2020-11-01
4932,2023-08-01,2021-02-01
7879,2020-08-01,2020-08-01
1409,2022-02-01,2022-02-01
1369,2021-05-01,2021-05-01
7901,2023-04-01,2020-04-01
6048,2023-02-01,2023-02-01
4272,2022-04-01,2022-04-01
6195,2022-11-01,2021-09-01
4407,2021-01-01,2021-01-01
1953,2021-06-01,2021-06-01
1762,2022-11-01,2022-11-01
1548,2025-03-01,2025-03-01
7527,2020-12-01,2020-04-01
3457,2021-12-01,2021-12-01
5315,2022-12-01,2020-01-01
6464,2021-09-01,2020-12-01
6987,2020-07-01,2020-07-01
4281,2022-09-01,2020-06-01
7743,2022-11-01,2020-11-01
1220,2024-05-01,2023-08-01
5263,2023-01-01,2020-12-01
2289,2021-11-01,2021-11-01
5022,2023-03-01,2023-03-01
6925,2020-08-01,2020-08-01
2288,2024-06-01,2024-06-01
9222,2023-04-01,2022-07-01
7538,2024-11-01,2024-11-01
2421,2021-11-01,2020-02-01
6214,2021-10-01,2020-11-01
8337,2020-10-01,2020-10-01
7582,2024-09-01,2024-03-01
6020,2022-10-01,2021-06-01
2523,2023-03-01,2021-06-01
7690,2024-03-01,2024-03-01
1000,2023-09-01,2023-09-01
7743,2020-11-01,2020-11-01
7281,2023-01-01,2023-01-01
1259,2023-10-01,2023-10-01
3181,2022-10-01,2022-10-01
7142,2024-06-01,2024-06-01
2110,2023-10-01,2021-01-01
4812,2021-04-01,2021-04-01
3956,2025-02-01,2020-07-01
9132,2024-05-01,2021-07-01
1284,2023-01-01,2020-07-01
4964,2023-07-01,2020-10-01
3862,2024-01-01,2021-12-01
5151,2024-03-01,2020-11-01
4543,2021-10-01,2021-10-01
7365,2025-04-01,2020-05-01
8938,2021-01-01,2021-01-01
4493,2022-06-01,2022-06-01
5150,2021-07-01,2021-07-01
9197,2024-08-01,2024-07-01
8458,2023-09-01,2020-03-01
3100,2022-01-01,2021-09-01
5300,2022-12-01,2020-07-01
3727,2024-06-01,2020-10-01
9266,2025-03-01,2025-03-01
6854,2023-08-01,2021-01-01
7656,2023-01-01,2023-01-01
8849,2024-01-01,2020-11-01
2477,2022-03-01,2022-03-01
2250,2025-01-01,2020-04-01
1141,2021-09-01,2021-08-01
7125,2021-02-01,2021-02-01
6214,2020-11-01,2020-11-01
6722,2023-02-01,2020-06-01
9638,2020-02-01,2020-02-01
3749,2021-08-01,2021-08-01
6371,2024-01-01,2020-05-01
1948,2023-07-01,2023-07-01
5973,2024-12-01,2021-08-01
2244,2025-04-01,2020-02-01
7145,2021-06-01,2021-02-01
2812,2022-07-01,2022-07-01
3913,2023-02-01,2022-03-01
2590,2022-07-01,2022-07-01
9724,2020-10-01,2020-03-01
2502,2023-01-01,2023-01-01
1672,2022-01-01,2022-01-01
9730,2021-07-01,2021-07-01
7310,2021-03-01,2020-10-01
3835,2020-07-01,2020-07-01
2684,2021-10-01,2021-10-01
8590,2023-10-01,2020-08-01
1852,2023-09-01,2020-11-01
2664,2024-03-01,2024-03-01
6151,2024-08-01,2024-08-01
5836,2024-04-01,2024-04-01
5845,2021-03-01,2021-03-01
4221,2023-07-01,2021-03-01
6838,2022-08-01,2022-08-01
2028,2023-08-01,2022-09-01
4109,2022-02-01,2020-11-01
5863,2024-01-01,2023-08-01
9729,2021-04-01,2020-11-01
2635,2022-01-01,2020-05-01
7672,2022-08-01,2022-08-01
5965,2022-09-01,2022-03-01
6239,2020-09-01,2020-09-01
8080,2020-02-01,2020-01-01
6333,2023-04-01,2021-09-01
2960,2021-04-01,2021-04-01
4010,2023-08-01,2020-08-01
3316,2022-01-01,2020-07-01
5372,2021-01-01,2021-01-01
7831,2022-06-01,2021-04-01
2687,2023-04-01,2022-03-01
7265,2023-02-01,2020-01-01
2528,2021-07-01,2020-02-01
9625,2021-05-01,2020-06-01
5096,2024-11-01,2020-07-01
3023,2021-09-01,2021-09-01
7838,2023-01-01,2023-01-01
3489,2022-07-01,2022-07-01
9179,2023-04-01,2020-11-01
7588,2023-11-01,2020-12-01
7249,2025-02-01,2021-04-01
9668,2021-06-01,2021-06-01
9135,2023-02-01,2022-08-01
2414,2021-10-01,2020-05-01
6656,2024-09-01,2020-06-01
6762,2020-12-01,2020-12-01
8468,2024-09-01,2024-09-01
3587,2020-12-01,2020-12-01
8590,2021-01-01,2020-08-01
6564,2021-05-01,2021-05-01
3110,2023-07-01,2020-10-01
8587,2024-08-01,2024-03-01
6728,2020-10-01,2020-03-01
4051,2024-12-01,2020-03-01
6426,2022-08-01,2022-08-01
1377,2021-06-01,2021-06-01
9454,2024-09-01,2024-09-01
1719,2024-09-01,2020-02-01
3842,2022-01-01,2022-01-01
5295,2022-09-01,2022-06-01
5922,2021-04-01,2021-04-01
8391,2022-05-01,2022-05-01
6588,2022-08-01,2022-08-01
1381,2021-03-01,2021-03-01
9235,2021-10-01,2021-10-01
9274,2021-05-01,2021-05-01
5253,2020-11-01,2020-06-01
7372,2020-04-01,2020-04-01
8068,2020-07-01,2020-07-01
9434,2022-03-01,2022-03-01
9333,2024-08-01,2020-03-01
7240,2022-01-01,2022-01-01
4893,2021-04-01,2021-04-01
1859,2020-12-01,2020-12-01
3261,2021-01-01,2021-01-01
2444,2024-01-01,2020-07-01
4170,2024-04-01,2020-05-01
5578,2023-08-01,2022-01-01
5539,2024-11-01,2023-10-01
2304,2020-02-01,2020-02-01
1252,2022-08-01,2022-08-01
4396,2023-07-01,2023-07-01
5200,2021-03-01,2021-03-01
6286,2021-06-01,2021-06-01
3760,2020-06-01,2020-06-01
5748,2020-02-01,2020-02-01
2999,2024-08-01,2020-03-01
1782,2021-06-01,2020-05-01
6040,2021-07-01,2021-07-01
4921,2020-03-01,2020-03-01
7698,2023-07-01,2023-04-01
1922,2021-12-01,2021-12-01
4621,2022-09-01,2020-01-01
7452,2025-01-01,2025-01-01
5191,2024-01-01,2022-10-01
7619,2023-07-01,2023-02-01
7780,2024-05-01,2024-05-01
7225,2024-06-01,2020-10-01
3732,2020-02-01,2020-02-01
9762,2024-12-01,2021-03-01
9610,2020-08-01,2020-08-01
9790,2020-05-01,2020-05-01
9633,2024-03-01,2024-03-01
7119,2024-05-01,2020-01-01
9355,2021-03-01,2021-03-01
9768,2021-05-01,2020-12-01
7920,2024-01-01,2020-08-01
9113,2022-05-01,2022-05-01
7540,2022-07-01,2022-07-01
4584,2021-11-01,2021-11-01
5599,2024-10-01,2024-09-01
8781,2020-09-01,2020-09-01
4785,2020-08-01,2020-08-01
2329,2020-09-01,2020-09-01
6646,2021-02-01,2021-02-01
6402,2020-04-01,2020-04-01
9240,2022-01-01,2020-01-01
5498,2021-04-01,2021-04-01
5529,2023-05-01,2021-11-01
2054,2022-05-01,2020-07-01
9627,2024-12-01,2022-05-01
8021,2023-05-01,2023-04-01
2930,2022-07-01,2022-07-01
9077,2020-08-01,2020-08-01
4670,2021-05-01,2021-01-01
6826,2022-12-01,2022-12-01
6868,2022-02-01,2022-02-01
6090,2023-01-01,2023-01-01
7607,2022-12-01,2020-05-01
7992,2022-11-01,2022-11-01
1130,2024-05-01,2021-06-01
4384,2022-08-01,2022-08-01
4009,2023-11-01,2023-11-01
7488,2021-08-01,2021-08-01
2406,2022-03-01,2022-03-01
8788,2020-12-01,2020-12-01
3827,2020-08-01,2020-08-01
3068,2023-05-01,2020-07-01
4522,2025-02-01,2024-03-01
3742,2024-01-01,2024-01-01
1799,2020-08-01,2020-08-01
5162,2024-11-01,2020-08-01
1807,2020-06-01,2020-03-01
9292,2025-04-01,2025-04-01
1132,2020-11-01,2020-04-01
5915,2023-11-01,2021-09-01
6466,2021-12-01,2021-12-01
4965,2024-04-01,2022-05-01
7539,2024-09-01,2024-07-01
8962,2020-02-01,2020-02-01
6346,2022-12-01,2022-12-01
1258,2024-06-01,2024-06-01
3527,2022-08-01,2022-08-01
8166,2023-11-01,2023-11-01
7601,2022-05-01,2020-02-01
9122,2021-07-01,2021-07-01
6451,2020-10-01,2020-10-01
5897,2025-03-01,2022-11-01
2754,2020-08-01,2020-08-01
9695,2023-06-01,2020-06-01
7697,2023-09-01,2023-02-01
3515,2022-08-01,2020-10-01
1697,2020-04-01,2020-04-01
6855,2022-04-01,2022-04-01
4563,2025-04-01,2025-04-01
9144,2024-08-01,2022-06-01
9995,2023-06-01,2022-01-01
7328,2020-03-01,2020-03-01
4564,2021-09-01,2021-09-01
7515,2020-09-01,2020-09-01
5374,2022-05-01,2022-03-01
1041,2025-03-01,2021-11-01
1366,2020-06-01,2020-06-01
2346,2022-04-01,2022-04-01
2639,2024-08-01,2021-07-01
8472,2021-03-01,2021-03-01
2122,2024-11-01,2024-11-01
5543,2025-02-01,2020-01-01
3706,2024-05-01,2024-05-01
2643,2021-08-01,2021-08-01
9871,2023-02-01,2021-04-01
5006,2021-09-01,2020-07-01
6510,2020-02-01,2020-02-01
5458,2023-11-01,2020-08-01
6742,2022-09-01,2022-09-01
1601,2020-12-01,2020-12-01
6343,2022-08-01,2020-01-01
5314,2021-04-01,2020-02-01
4444,2022-12-01,2022-12-01
4647,2024-04-01,2021-07-01
9798,2021-10-01,2020-01-01
2668,2023-12-01,2020-08-01
3862,2021-12-01,2021-12-01
1043,2020-06-01,2020-06-01
1880,2021-11-01,2021-11-01
4948,2020-06-01,2020-04-01
6665,2021-11-01,2021-11-01
8599,2021-07-01,2021-07-01
1782,2022-01-01,2020-05-01
5133,2024-12-01,2023-06-01
5714,2022-11-01,2022-11-01
4938,2024-03-01,2021-10-01
5299,2023-12-01,2020-04-01
3187,2022-06-01,2020-03-01
8672,2022-10-01,2021-08-01
7574,2022-05-01,2022-05-01
6613,2022-08-01,2020-03-01
8992,2021-03-01,2020-12-01
9748,2020-09-01,2020-09-01
7129,2024-08-01,2024-08-01
6145,2023-11-01,2022-02-01
9788,2020-06-01,2020-06-01
6726,2020-11-01,2020-11-01
6636,2024-05-01,2020-05-01
5938,2025-02-01,2025-02-01
9217,2024-03-01,2024-03-01
7593,2023-06-01,2020-01-01
5300,2021-05-01,2020-07-01
4168,2021-03-01,2021-03-01
4496,2021-03-01,2020-12-01
5947,2022-12-01,2020-06-01
1298,2021-02-01,2021-02-01
7560,2022-02-01,2022-02-01
2573,2021-02-01,2021-02-01
9014,2020-01-01,2020-01-01
5023,2023-05-01,2023-04-01
6722,2023-06-01,2020-06-01
6571,2022-03-01,2020-11-01
4551,2024-09-01,2022-01-01
7108,2023-12-01,2021-10-01
1607,2020-07-01,2020-07-01
4128,2024-11-01,2023-06-01
2651,2020-07-01,2020-07-01
6700,2024-08-01,2024-08-01
1644,2020-11-01,2020-05-01
1577,2024-02-01,2024-02-01
5418,2020-04-01,2020-04-01
9896,2023-09-01,2021-10-01
3917,2024-10-01,2024-10-01
6141,2023-11-01,2023-11-01
3557,2021-10-01,2021-10-01
4872,2020-12-01,2020-12-01
7950,2022-03-01,2021-06-01
5095,2024-02-01,2023-04-01
8019,2021-02-01,2021-02-01
7029,2020-10-01,2020-10-01
9637,2024-01-01,2022-01-01
9012,2024-02-01,2024-02-01
3176,2020-08-01,2020-08-01
5425,2021-12-01,2021-12-01
4776,2023-05-01,2021-01-01
4176,2024-09-01,2021-12-01
5458,2022-03-01,2020-08-01
8669,2025-01-01,2022-09-01
3702,2024-02-01,2021-07-01
4714,2020-11-01,2020-11-01
4686,2023-03-01,2023-03-01
7783,2020-10-01,2020-05-01
5391,2024-07-01,2024-07-01
4211,2020-12-01,2020-12-01
1180,2025-02-01,2025-02-01
4740,2022-06-01,2022-06-01
8159,2023-07-01,2021-02-01
3512,2023-11-01,2023-11-01
9415,2023-04-01,2023-04-01
3973,2021-12-01,2020-01-01
7800,2022-12-01,2022-08-01
8714,2023-04-01,2022-10-01
2119,2022-11-01,2022-11-01
9570,2023-12-01,2020-12-01
2698,2022-08-01,2021-05-01
3104,2025-02-01,2023-11-01
2237,2022-02-01,2021-05-01
3726,2021-09-01,2021-02-01
7186,2023-05-01,2023-05-01
9015,2024-04-01,2020-12-01
3404,2021-10-01,2021-04-01
6015,2023-07-01,2023-07-01
8397,2020-07-01,2020-07-01
5470,2022-07-01,2020-12-01
4518,2022-08-01,2022-08-01
6194,2020-10-01,2020-10-01
2792,2024-04-01,2020-12-01
9721,2022-04-01,2022-04-01
6613,2021-05-01,2020-03-01
8375,2023-05-01,2021-09-01
6539,2024-05-01,2023-06-01
9845,2023-11-01,2023-11-01
4545,2022-07-01,2022-07-01
8026,2023-05-01,2023-05-01
9799,2021-01-01,2021-01-01
9137,2023-02-01,2022-06-01
7258,2021-03-01,2020-09-01
1457,2022-05-01,2020-11-01
9556,2024-10-01,2020-03-01
6302,2024-06-01,2024-06-01
2596,2021-10-01,2020-06-01
3768,2024-11-01,2021-09-01
1187,2020-04-01,2020-02-01
8891,2020-04-01,2020-04-01
5769,2024-11-01,2021-03-01
1757,2021-02-01,2021-02-01
7910,2024-05-01,2021-04-01
8135,2021-09-01,2021-09-01
4886,2020-03-01,2020-03-01
3365,2022-01-01,2022-01-01
1042,2022-11-01,2022-11-01
8909,2024-10-01,2023-04-01
7816,2024-08-01,2024-08-01
9175,2025-01-01,2025-01-01
9939,2022-06-01,2022-06-01
7467,2021-05-01,2021-05-01
5911,2021-07-01,2021-07-01
4643,2022-03-01,2022-03-01
3651,2020-05-01,2020-05-01
6382,2021-04-01,2021-04-01
8035,2023-04-01,2022-06-01
2365,2025-04-01,2023-07-01
4779,2020-06-01,2020-06-01
7339,2022-08-01,2020-05-01
1543,2020-10-01,2020-04-01
8971,2024-10-01,2024-10-01
5888,2021-10-01,2021-03-01
2875,2021-08-01,2021-03-01
8383,2023-05-01,2023-05-01
2132,2021-03-01,2021-03-01
2635,2020-05-01,2020-05-01
3329,2024-01-01,2024-01-01
1176,2023-10-01,2021-04-01
2931,2023-11-01,2020-08-01
2097,2022-08-01,2022-08-01
7520,2022-03-01,2020-11-01
3815,2020-12-01,2020-12-01
3303,2020-11-01,2020-11-01
1410,2023-12-01,2023-12-01
8462,2022-07-01,2022-07-01
9427,2024-02-01,2020-12-01
4799,2022-01-01,2022-01-01
9933,2022-05-01,2022-05-01
5883,2021-12-01,2020-07-01
2354,2022-06-01,2020-12-01
8350,2024-08-01,2021-05-01
2383,2023-06-01,2020-09-01
5156,2022-09-01,2022-09-01
6655,2021-01-01,2021-01-01
2335,2022-11-01,2022-11-01
3466,2023-09-01,2020-05-01
4103,2020-05-01,2020-05-01
7023,2022-04-01,2020-01-01
8900,2023-11-01,2020-12-01
4613,2023-11-01,2020-01-01
8434,2021-12-01,2021-12-01
2334,2023-10-01,2023-10-01
1439,2022-03-01,2021-01-01
7730,2021-04-01,2021-02-01
5971,2025-01-01,2022-09-01
7258,2021-01-01,2020-09-01
7425,2022-10-01,2020-01-01
6255,2024-07-01,2024-07-01
7310,2020-10-01,2020-10-01
8430,2023-01-01,2020-05-01
8495,2020-10-01,2020-10-01
8136,2023-04-01,2022-09-01
7353,2024-05-01,2024-05-01
6318,2024-09-01,2020-02-01
8455,2021-05-01,2020-03-01
4820,2022-04-01,2021-11-01
8740,2025-02-01,2025-02-01
4729,2023-10-01,2023-10-01
7884,2022-02-01,2022-02-01
8392,2023-12-01,2021-03-01
5325,2020-09-01,2020-09-01
2905,2020-08-01,2020-08-01
9893,2023-05-01,2020-12-01
1707,2023-06-01,2023-06-01
8189,2022-11-01,2022-01-01
2918,2021-04-01,2021-04-01
7340,2024-03-01,2024-03-01
5743,2024-10-01,2021-01-01
8454,2022-08-01,2020-04-01
6896,2024-01-01,2021-03-01
5897,2022-11-01,2022-11-01
2922,2025-04-01,2020-06-01
8931,2022-09-01,2022-09-01
8744,2025-03-01,2021-12-01
6931,2021-10-01,2020-06-01
6752,2022-11-01,2020-04-01
3455,2024-10-01,2023-08-01
3485,2025-01-01,2025-01-01
4442,2020-07-01,2020-04-01
5396,2025-01-01,2021-02-01
1405,2024-07-01,2023-05-01
1170,2024-01-01,2020-08-01
7229,2022-12-01,2021-03-01
7829,2021-05-01,2021-05-01
7208,2024-10-01,2020-07-01
3981,2020-04-01,2020-01-01
7680,2020-03-01,2020-03-01
3166,2024-11-01,2021-06-01
8804,2021-09-01,2021-09-01
8220,2024-07-01,2023-12-01
7137,2024-11-01,2024-11-01
4360,2022-01-01,2022-01-01
3364,2020-11-01,2020-11-01
8674,2024-05-01,2020-09-01
8275,2024-09-01,2024-09-01
1903,2020-02-01,2020-02-01
6858,2021-03-01,2021-03-01
7872,2024-04-01,2023-01-01
1532,2020-03-01,2020-03-01
3751,2022-06-01,2022-06-01
4798,2022-11-01,2022-11-01
1850,2021-07-01,2021-07-01
4764,2025-03-01,2024-10-01
1369,2024-09-01,2021-05-01
1451,2022-01-01,2021-03-01
5236,2020-09-01,2020-09-01
1037,2024-02-01,2024-02-01
3138,2023-11-01,2020-09-01
9809,2023-10-01,2023-10-01
3303,2021-03-01,2020-11-01
3237,2024-01-01,2022-06-01
8903,2023-04-01,2020-04-01
1540,2022-09-01,2020-02-01
5158,2020-02-01,2020-02-01
6510,2024-01-01,2020-02-01
6581,2020-12-01,2020-12-01
9524,2020-11-01,2020-11-01
3731,2022-10-01,2020-07-01
3345,2023-09-01,2023-02-01
6308,2021-12-01,2021-01-01
7720,2024-03-01,2024-03-01
3162,2024-04-01,2020-12-01
8858,2021-01-01,2021-01-01
9684,2020-01-01,2020-01-01
9918,2024-01-01,2021-02-01
3956,2020-07-01,2020-07-01
3130,2022-08-01,2020-03-01
2231,2021-03-01,2021-03-01
2524,2022-08-01,2021-04-01
6341,2020-10-01,2020-10-01
4421,2020-08-01,2020-08-01
3158,2020-02-01,2020-02-01
9593,2023-04-01,2023-04-01
9509,2024-04-01,2023-10-01
2249,2024-08-01,2022-04-01
6074,2020-07-01,2020-06-01
3845,2022-03-01,2020-02-01
8764,2024-04-01,2024-04-01
7427,2024-01-01,2021-09-01
7997,2020-01-01,2020-01-01
3994,2022-04-01,2020-07-01
1108,2022-08-01,2022-08-01
6311,2023-10-01,2020-03-01
3929,2022-01-01,2022-01-01
6545,2025-03-01,2024-01-01
1347,2020-11-01,2020-11-01
1059,2022-02-01,2022-02-01
6912,2023-12-01,2021-12-01
2094,2023-04-01,2021-11-01
9163,2025-02-01,2020-12-01
2116,2022-09-01,2020-05-01
7648,2024-08-01,2024-08-01
6235,2025-02-01,2020-05-01
2600,2021-03-01,2021-03-01
8328,2024-03-01,2020-03-01
1832,2023-08-01,2022-01-01
7524,2021-01-01,2020-05-01
6597,2023-07-01,2023-07-01
4090,2022-08-01,2020-02-01
7102,2021-04-01,2020-07-01
3322,2023-06-01,2023-03-01
4541,2021-10-01,2021-02-01
1171,2022-08-01,2022-08-01
5253,2023-11-01,2020-06-01
3515,2020-10-01,2020-10-01
8953,2023-05-01,2023-05-01
9708,2021-04-01,2021-04-01
2633,2023-08-01,2021-03-01
1114,2020-06-01,2020-06-01
2750,2025-02-01,2023-05-01
8919,2023-09-01,2022-05-01
3115,2020-03-01,2020-03-01
3141,2021-05-01,2020-10-01
3535,2021-07-01,2020-08-01
6780,2020-07-01,2020-07-01
3447,2022-03-01,2022-03-01
1061,2021-06-01,2021-06-01
4239,2023-05-01,2020-06-01
6578,2021-07-01,2021-07-01
2689,2020-12-01,2020-01-01
7094,2021-07-01,2020-08-01
2266,2023-12-01,2023-12-01
8268,2021-12-01,2020-08-01
3701,2023-08-01,2023-08-01
6476,2021-07-01,2021-07-01
5959,2022-05-01,2021-11-01
6075,2024-10-01,2024-10-01
8663,2023-10-01,2022-09-01
7750,2021-09-01,2021-09-01
6666,2023-11-01,2023-11-01
9936,2023-12-01,2023-12-01
3913,2024-07-01,2022-03-01
8697,2023-05-01,2022-04-01
8114,2021-10-01,2021-10-01
8864,2021-07-01,2021-07-01
5867,2020-12-01,2020-12-01
4236,2024-03-01,2024-03-01
5985,2021-11-01,2020-01-01
9501,2021-10-01,2020-09-01
7166,2022-03-01,2020-01-01
6530,2021-12-01,2021-08-01
6036,2020-04-01,2020-04-01
1704,2022-08-01,2022-08-01
1768,2022-04-01,2022-04-01
5427,2023-12-01,2021-10-01
1307,2024-05-01,2024-05-01
5800,2021-03-01,2020-11-01
1828,2020-04-01,2020-04-01
1816,2024-04-01,2022-02-01
2078,2020-02-01,2020-02-01
8912,2023-10-01,2022-06-01
3088,2021-03-01,2021-03-01
7643,2022-04-01,2022-04-01
3267,2023-03-01,2020-09-01
3519,2021-04-01,2021-04-01
7759,2021-11-01,2021-04-01
1869,2021-12-01,2020-03-01
5397,2024-08-01,2023-06-01
1960,2020-07-01,2020-07-01
6440,2021-04-01,2021-04-01
2781,2021-06-01,2020-10-01
8538,2020-07-01,2020-07-01
7488,2023-04-01,2021-08-01
5237,2021-03-01,2021-03-01
7899,2021-02-01,2021-02-01
1188,2023-04-01,2021-06-01
5356,2024-09-01,2021-04-01
4649,2020-12-01,2020-12-01
9642,2023-05-01,2023-05-01
8346,2025-01-01,2025-01-01
3587,2024-01-01,2020-12-01
4970,2022-11-01,2022-05-01
6292,2023-09-01,2023-04-01
7806,2021-12-01,2021-12-01
8809,2023-03-01,2020-01-01
6782,2021-10-01,2021-10-01
1325,2023-10-01,2023-10-01
8066,2023-05-01,2023-05-01
5934,2020-04-01,2020-01-01
7597,2023-01-01,2022-07-01
4322,2021-09-01,2021-09-01
1260,2023-08-01,2023-07-01
1910,2025-02-01,2024-06-01
7661,2023-09-01,2023-09-01
6107,2024-09-01,2020-02-01
9245,2021-04-01,2021-04-01
6322,2024-01-01,2020-08-01
1860,2025-02-01,2021-06-01
3884,2021-08-01,2021-08-01
7562,2023-08-01,2023-05-01
3352,2024-08-01,2022-10-01
2002,2021-11-01,2021-10-01
6958,2020-07-01,2020-07-01
4680,2024-04-01,2024-04-01
4787,2022-02-01,2022-02-01
1314,2024-05-01,2024-05-01
4001,2022-03-01,2022-03-01
6681,2020-07-01,2020-07-01
4644,2024-02-01,2022-02-01
5065,2024-01-01,2024-01-01
2615,2024-09-01,2022-04-01
1322,2022-07-01,2020-11-01
5542,2020-01-01,2020-01-01
4411,2020-01-01,2020-01-01
7932,2020-08-01,2020-02-01
3499,2020-07-01,2020-07-01
5153,2020-08-01,2020-08-01
9826,2023-07-01,2023-07-01
8514,2024-10-01,2024-10-01
4770,2024-08-01,2021-08-01
2189,2020-03-01,2020-03-01
5072,2021-04-01,2021-04-01
2570,2024-01-01,2022-01-01
2470,2023-01-01,2021-08-01
6312,2024-08-01,2023-08-01
1887,2023-12-01,2023-07-01
1857,2023-09-01,2021-11-01
5901,2025-04-01,2025-04-01
6006,2024-11-01,2021-07-01
3560,2024-10-01,2020-11-01
2435,2023-06-01,2020-04-01
9367,2021-08-01,2021-08-01
8967,2024-11-01,2020-05-01
2493,2024-01-01,2020-09-01
6656,2022-04-01,2020-06-01
4657,2021-01-01,2021-01-01
5160,2023-10-01,2023-10-01
8707,2021-05-01,2021-05-01
9146,2022-10-01,2020-01-01
6864,2024-05-01,2022-05-01
7427,2025-04-01,2021-09-01
3845,2024-09-01,2020-02-01
3153,2023-06-01,2020-06-01
5030,2025-01-01,2025-01-01
2971,2025-04-01,2021-07-01
2219,2023-04-01,2023-04-01
6974,2025-04-01,2023-09-01
8087,2023-07-01,2023-07-01
1151,2022-10-01,2022-10-01
8507,2020-05-01,2020-05-01
6122,2021-12-01,2021-11-01
1896,2023-11-01,2022-12-01
7314,2024-09-01,2021-06-01
7881,2023-02-01,2023-02-01
2267,2021-02-01,2020-05-01
4535,2024-09-01,2024-09-01
1392,2020-09-01,2020-09-01
1688,2023-10-01,2023-10-01
1621,2021-12-01,2021-12-01
5661,2023-10-01,2020-02-01
2573,2021-09-01,2021-02-01
4547,2024-05-01,2021-02-01
9412,2022-06-01,2022-06-01
2608,2022-01-01,2022-01-01
1626,2023-12-01,2021-09-01
2877,2024-02-01,2021-04-01
9568,2025-03-01,2025-03-01
8751,2025-03-01,2022-10-01
6772,2021-11-01,2021-06-01
6787,2020-01-01,2020-01-01
1749,2022-02-01,2020-02-01
1576,2021-03-01,2020-12-01
6473,2024-05-01,2023-09-01
9786,2020-02-01,2020-02-01
8841,2020-02-01,2020-01-01
1197,2024-12-01,2021-10-01
8999,2024-03-01,2020-03-01
2839,2021-05-01,2021-05-01
8330,2023-08-01,2021-10-01
8505,2022-08-01,2022-08-01
5632,2024-03-01,2020-01-01
4658,2023-11-01,2021-06-01
1471,2023-08-01,2021-01-01
1814,2024-12-01,2024-12-01
8265,2020-10-01,2020-10-01
7082,2021-08-01,2020-03-01
6679,2022-08-01,2020-11-01
9988,2021-01-01,2020-04-01
2301,2021-11-01,2021-11-01
5316,2021-04-01,2021-04-01
7208,2022-10-01,2020-07-01
7846,2022-05-01,2022-05-01
6531,2024-12-01,2022-08-01
2376,2024-02-01,2021-02-01
8063,2020-07-01,2020-07-01
6987,2024-02-01,2020-07-01
5975,2022-03-01,2022-03-01
9253,2022-11-01,2021-02-01
8190,2024-10-01,2021-03-01
1266,2025-01-01,2022-03-01
6726,2021-10-01,2020-11-01
8020,2024-05-01,2021-07-01
4935,2022-09-01,2022-09-01
8812,2022-02-01,2020-06-01
1301,2022-04-01,2020-09-01
7201,2022-04-01,2021-11-01
8881,2025-01-01,2022-11-01
7810,2021-10-01,2020-01-01
9970,2021-10-01,2020-09-01
1206,2024-03-01,2022-11-01
5302,2022-12-01,2022-12-01
7143,2023-06-01,2022-05-01
6521,2020-11-01,2020-11-01
1947,2024-06-01,2024-06-01
1513,2023-07-01,2020-12-01
1597,2022-09-01,2022-09-01
4420,2020-07-01,2020-07-01
7577,2024-03-01,2020-01-01
9526,2022-05-01,2022-05-01
6076,2023-08-01,2022-02-01
4515,2021-05-01,2020-07-01
5075,2024-06-01,2023-12-01
1973,2022-03-01,2022-03-01
2302,2020-05-01,2020-05-01
3578,2020-12-01,2020-04-01
4703,2020-01-01,2020-01-01
5554,2024-12-01,2020-05-01
7762,2022-04-01,2022-04-01
7771,2023-07-01,2023-07-01
9388,2020-01-01,2020-01-01
4189,2025-02-01,2022-03-01
7186,2024-08-01,2023-05-01
3542,2023-03-01,2023-03-01
7622,2022-09-01,2021-09-01
3087,2020-06-01,2020-06-01
4677,2024-06-01,2024-03-01
1638,2024-09-01,2024-09-01
8669,2024-06-01,2022-09-01
4022,2020-12-01,2020-12-01
7045,2023-07-01,2022-06-01
1712,2023-05-01,2022-05-01
9463,2023-06-01,2023-06-01
9304,2024-06-01,2024-06-01
6518,2021-03-01,2020-08-01
8067,2022-06-01,2022-06-01
2880,2022-04-01,2022-04-01
3082,2025-02-01,2024-10-01
5815,2022-10-01,2021-01-01
1551,2023-07-01,2023-07-01
4173,2020-01-01,2020-01-01
3302,2021-05-01,2021-05-01
6291,2023-05-01,2021-05-01
5960,2024-05-01,2021-01-01
3371,2022-10-01,2021-12-01
3444,2022-07-01,2021-06-01
7437,2023-06-01,2020-06-01
5002,2022-08-01,2021-03-01
8569,2020-03-01,2020-03-01
1680,2022-06-01,2022-06-01
2800,2022-12-01,2020-02-01
3498,2022-02-01,2022-02-01
2995,2021-01-01,2021-01-01
5072,2021-05-01,2021-04-01
1104,2020-04-01,2020-04-01
5320,2023-10-01,2021-11-01
9214,2020-05-01,2020-05-01
3033,2025-04-01,2022-12-01
3051,2021-12-01,2021-01-01
3343,2023-12-01,2023-12-01
8965,2025-03-01,2021-04-01
4463,2022-11-01,2020-01-01
4611,2024-04-01,2024-04-01
2527,2025-04-01,2020-09-01
9448,2023-03-01,2020-10-01
2696,2024-07-01,2020-02-01
2407,2020-12-01,2020-06-01
3565,2020-10-01,2020-10-01
8289,2023-05-01,2023-05-01
1036,2023-02-01,2023-02-01
1631,2023-06-01,2022-09-01
1022,2021-08-01,2021-08-01
1782,2024-12-01,2020-05-01
8425,2020-10-01,2020-10-01
9246,2021-01-01,2021-01-01
2133,2023-05-01,2020-03-01
5303,2022-01-01,2020-03-01
7385,2020-07-01,2020-07-01
3050,2021-09-01,2021-09-01
8499,2024-11-01,2021-11-01
5403,2025-02-01,2024-08-01
5386,2021-07-01,2021-07-01
8368,2024-10-01,2023-06-01
9605,2024-02-01,2020-04-01
4762,2022-08-01,2021-08-01
4747,2023-01-01,2023-01-01
5733,2021-05-01,2021-05-01
7627,2025-02-01,2021-11-01
1070,2021-06-01,2021-06-01
4672,2021-08-01,2021-08-01
6744,2021-05-01,2020-07-01
1745,2020-02-01,2020-02-01
4955,2024-03-01,2020-01-01
2330,2023-04-01,2021-12-01
7652,2020-07-01,2020-07-01
7668,2023-01-01,2023-01-01
6277,2023-08-01,2020-07-01
7365,2020-05-01,2020-05-01
2006,2023-03-01,2023-03-01
9536,2020-07-01,2020-06-01
5920,2020-02-01,2020-02-01
9500,2021-07-01,2021-07-01
5134,2020-03-01,2020-03-01
1198,2021-11-01,2021-11-01
7640,2023-02-01,2023-02-01
1877,2024-06-01,2023-12-01
8676,2024-07-01,2024-07-01
8282,2021-06-01,2020-08-01
8872,2022-12-01,2021-09-01
4232,2020-03-01,2020-03-01
8276,2022-01-01,2020-11-01
2210,2021-02-01,2020-01-01
7932,2020-08-01,2020-02-01
5555,2023-12-01,2023-12-01
2520,2023-08-01,2021-12-01
2411,2021-06-01,2021-06-01
6475,2020-11-01,2020-11-01
8335,2021-09-01,2021-09-01
4822,2020-07-01,2020-07-01
5964,2020-07-01,2020-01-01
7670,2022-03-01,2022-03-01
7128,2020-12-01,2020-12-01
2784,2022-07-01,2022-07-01
1434,2022-06-01,2022-06-01
4836,2021-09-01,2021-09-01
1907,2025-03-01,2023-01-01
3950,2021-07-01,2021-07-01
6701,2020-12-01,2020-12-01
2829,2023-10-01,2022-12-01
8825,2024-02-01,2023-06-01
4856,2023-08-01,2022-12-01
4546,2023-04-01,2021-11-01
8005,2021-09-01,2021-09-01
5473,2021-04-01,2021-04-01
3494,2023-01-01,2021-03-01
6717,2024-04-01,2024-04-01
6399,2023-07-01,2022-02-01
3513,2022-01-01,2022-01-01
7357,2021-01-01,2021-01-01
2515,2023-01-01,2023-01-01
4955,2022-04-01,2020-01-01
3037,2024-01-01,2024-01-01
7398,2022-06-01,2022-06-01
8052,2020-05-01,2020-05-01
2659,2023-10-01,2022-07-01
6233,2020-12-01,2020-12-01
2940,2022-04-01,2021-08-01
7366,2020-09-01,2020-09-01
7442,2024-04-01,2024-04-01
4079,2024-02-01,2021-05-01
5308,2022-08-01,2022-08-01
4418,2024-03-01,2023-02-01
8337,2025-02-01,2020-10-01
6368,2023-06-01,2021-03-01
4781,2023-03-01,2022-09-01
5104,2020-10-01,2020-10-01
2622,2021-04-01,2021-04-01
7513,2022-03-01,2022-03-01
3472,2021-08-01,2021-08-01
1897,2020-01-01,2020-01-01
3844,2022-05-01,2022-05-01
1116,2022-01-01,2021-08-01
2820,2022-03-01,2022-03-01
1907,2024-03-01,2023-01-01
7948,2023-11-01,2020-12-01
8531,2023-08-01,2023-07-01
5134,2024-04-01,2020-03-01
9425,2023-10-01,2022-11-01
4784,2023-06-01,2023-06-01
9388,2023-12-01,2020-01-01
9697,2023-07-01,2020-07-01
7151,2021-01-01,2021-01-01
1839,2020-08-01,2020-08-01
7633,2024-04-01,2021-06-01
4572,2024-07-01,2020-01-01
5299,2020-04-01,2020-04-01
8638,2021-03-01,2021-03-01
7761,2021-08-01,2020-03-01
6193,2021-03-01,2021-03-01
3269,2020-12-01,2020-12-01
9688,2022-07-01,2022-07-01
1343,2021-09-01,2021-01-01
9622,2024-02-01,2024-02-01
5709,2023-08-01,2020-09-01
2034,2021-12-01,2020-01-01
4659,2024-02-01,2023-10-01
4106,2022-04-01,2022-04-01
8149,2024-10-01,2022-01-01
9302,2025-04-01,2025-04-01
2083,2021-10-01,2021-06-01
8119,2023-10-01,2023-10-01
3414,2021-11-01,2020-02-01
2109,2024-07-01,2022-10-01
4737,2024-12-01,2024-03-01
3292,2023-11-01,2020-08-01
3444,2023-01-01,2021-06-01
7591,2025-02-01,2021-04-01
3864,2024-05-01,2024-05-01
4938,2021-12-01,2021-10-01
6257,2022-12-01,2022-12-01
4055,2024-02-01,2022-06-01
7790,2020-02-01,2020-02-01
5936,2022-03-01,2020-03-01
5068,2022-11-01,2020-05-01
8032,2021-05-01,2020-04-01
9882,2020-10-01,2020-10-01
2902,2023-09-01,2021-04-01
4617,2023-08-01,2022-01-01
1398,2024-05-01,2024-05-01
1401,2022-09-01,2022-09-01
8846,2020-11-01,2020-11-01
6198,2020-03-01,2020-03-01
1914,2023-05-01,2020-01-01
3734,2024-08-01,2023-09-01
8846,2025-01-01,2020-11-01
3813,2020-08-01,2020-02-01
2605,2023-06-01,2023-06-01
5365,2023-01-01,2023-01-01
8667,2024-01-01,2021-03-01
3925,2021-07-01,2021-07-01
7476,2020-11-01,2020-11-01
3388,2022-09-01,2022-09-01
5865,2023-01-01,2020-10-01
3870,2025-03-01,2023-08-01
9023,2024-03-01,2022-05-01
8460,2021-05-01,2020-04-01
4204,2024-09-01,2021-04-01
9009,2024-11-01,2021-03-01
6673,2022-05-01,2022-05-01
3392,2025-01-01,2025-01-01
5414,2020-02-01,2020-02-01
2054,2020-07-01,2020-07-01
7414,2024-06-01,2024-06-01
1194,2023-02-01,2020-01-01
7974,2024-12-01,2022-11-01
7438,2022-12-01,2021-02-01
8062,2024-01-01,2021-09-01
6976,2020-11-01,2020-11-01
3627,2020-11-01,2020-11-01
1236,2022-12-01,2022-12-01
7519,2024-09-01,2021-03-01
9325,2020-03-01,2020-03-01
3721,2020-12-01,2020-12-01
3282,2025-04-01,2020-05-01
3806,2020-04-01,2020-04-01
8728,2020-02-01,2020-02-01
9597,2023-12-01,2022-11-01
8231,2024-12-01,2020-12-01
6785,2023-08-01,2020-12-01
9925,2020-02-01,2020-02-01
1043,2024-08-01,2020-06-01
2049,2024-07-01,2021-05-01
5832,2025-02-01,2023-08-01
5151,2020-11-01,2020-11-01
8157,2024-12-01,2022-10-01
9029,2024-09-01,2023-02-01
4429,2023-06-01,2023-06-01
2084,2023-05-01,2023-05-01
6361,2020-03-01,2020-03-01
1319,2022-07-01,2020-12-01
2323,2020-03-01,2020-03-01
5973,2021-08-01,2021-08-01
3111,2020-06-01,2020-06-01
4407,2024-02-01,2021-01-01
4437,2021-08-01,2021-01-01
3205,2021-02-01,2021-02-01
1627,2024-06-01,2021-05-01
9666,2021-02-01,2020-08-01
4119,2020-11-01,2020-11-01
3332,2020-05-01,2020-05-01
5499,2025-02-01,2025-02-01
6421,2023-05-01,2021-05-01
2879,2022-04-01,2022-04-01
3319,2022-09-01,2022-07-01
1493,2023-09-01,2023-08-01
7808,2024-07-01,2020-06-01
3031,2022-09-01,2022-09-01
7316,2021-12-01,2020-01-01
6006,2022-09-01,2021-07-01
1023,2024-08-01,2024-08-01
5140,2024-10-01,2021-03-01
7382,2024-05-01,2020-11-01
5323,2021-06-01,2021-06-01
1501,2025-04-01,2020-03-01
5753,2020-04-01,2020-04-01
1450,2022-07-01,2022-07-01
2556,2022-09-01,2022-09-01
3338,2024-07-01,2022-01-01
3784,2022-01-01,2021-11-01
3123,2021-06-01,2021-06-01
6876,2025-02-01,2020-06-01
7683,2021-05-01,2021-05-01
7810,2023-05-01,2020-01-01
4197,2020-11-01,2020-11-01
6429,2021-01-01,2021-01-01
5006,2021-09-01,2020-07-01
1786,2024-10-01,2022-11-01
4163,2022-06-01,2022-03-01
8291,2023-12-01,2020-11-01
6731,2024-06-01,2024-06-01
1938,2024-03-01,2024-03-01
6014,2021-08-01,2021-08-01
3856,2020-12-01,2020-06-01
4251,2024-02-01,2022-02-01
2745,2024-08-01,2024-08-01
3607,2024-10-01,2023-07-01
9299,2024-12-01,2022-03-01
8585,2023-12-01,2023-12-01
9819,2020-07-01,2020-01-01
4621,2024-09-01,2020-01-01
5527,2022-06-01,2021-11-01
4898,2023-04-01,2023-04-01
9743,2022-03-01,2022-03-01
1114,2022-08-01,2020-06-01
8715,2023-08-01,2020-06-01
8074,2024-09-01,2020-09-01
3150,2022-01-01,2020-09-01
7028,2024-05-01,2024-05-01
5833,2025-01-01,2020-01-01
3966,2021-12-01,2021-12-01
6777,2021-08-01,2020-04-01
6262,2023-05-01,2023-05-01
2446,2020-11-01,2020-11-01
8359,2023-03-01,2022-10-01
4661,2024-12-01,2024-12-01
6428,2024-03-01,2020-12-01
8244,2021-10-01,2021-01-01
2705,2025-04-01,2025-04-01
1009,2022-02-01,2021-09-01
9693,2024-10-01,2020-09-01
2786,2020-11-01,2020-11-01
3750,2024-08-01,2024-03-01
4300,2021-05-01,2020-08-01
7159,2022-04-01,2021-06-01
4207,2022-10-01,2022-10-01
2152,2023-12-01,2023-12-01
9457,2020-05-01,2020-03-01
4723,2024-12-01,2023-09-01
5600,2022-08-01,2021-02-01
2914,2025-02-01,2020-03-01
8850,2025-02-01,2025-02-01
3074,2024-12-01,2024-12-01
6379,2024-12-01,2022-07-01
4609,2021-03-01,2021-03-01
8958,2020-01-01,2020-01-01
6779,2023-03-01,2023-03-01
9410,2021-11-01,2021-11-01
9390,2024-08-01,2024-08-01
2718,2024-02-01,2020-08-01
4847,2022-04-01,2020-05-01
7486,2024-09-01,2024-09-01
1140,2023-10-01,2023-10-01
4886,2024-05-01,2020-03-01
5869,2021-04-01,2021-04-01
8578,2020-08-01,2020-08-01
5139,2024-04-01,2020-09-01
5540,2022-06-01,2022-06-01
8403,2020-04-01,2020-02-01
7980,2025-03-01,2024-04-01
6625,2023-12-01,2023-12-01
5877,2020-08-01,2020-08-01
2787,2022-06-01,2022-06-01
5245,2023-11-01,2023-11-01
9444,2023-09-01,2020-12-01
9449,2025-03-01,2025-03-01
1887,2023-11-01,2023-07-01
8031,2024-04-01,2020-03-01
8380,2024-09-01,2023-03-01
9140,2024-01-01,2024-01-01
2180,2023-02-01,2023-02-01
6069,2021-06-01,2021-06-01
6023,2025-02-01,2020-07-01
4449,2023-06-01,2020-08-01
2603,2024-12-01,2024-12-01
8629,2022-01-01,2022-01-01
4167,2022-06-01,2022-06-01
1042,2025-01-01,2022-11-01
4570,2022-06-01,2020-12-01
3434,2022-10-01,2022-01-01
9209,2025-01-01,2021-01-01
4871,2022-11-01,2021-02-01
6571,2020-11-01,2020-11-01
6456,2022-10-01,2022-10-01
4068,2020-01-01,2020-01-01
7432,2020-06-01,2020-06-01
8513,2020-01-01,2020-01-01
6423,2023-07-01,2023-07-01
8380,2023-03-01,2023-03-01
1878,2024-01-01,2023-04-01
5025,2023-04-01,2022-11-01
2226,2021-02-01,2021-02-01
6402,2021-08-01,2020-04-01
4981,2023-04-01,2021-08-01
7031,2021-04-01,2020-04-01
1686,2021-11-01,2021-11-01
1602,2021-04-01,2021-04-01
8704,2023-10-01,2023-10-01
7850,2021-12-01,2021-12-01
6905,2024-09-01,2024-09-01
7416,2023-02-01,2023-02-01
2765,2025-01-01,2020-12-01
2527,2020-12-01,2020-09-01
8825,2023-06-01,2023-06-01
7856,2024-03-01,2024-03-01
7639,2023-03-01,2020-02-01
3766,2020-03-01,2020-03-01
4880,2021-06-01,2021-06-01
1432,2021-10-01,2021-10-01
5641,2022-08-01,2021-04-01
6778,2021-02-01,2021-02-01
5205,2022-10-01,2022-10-01
6572,2024-12-01,2024-12-01
3065,2020-04-01,2020-04-01
6453,2024-07-01,2022-05-01
9166,2020-09-01,2020-09-01
6105,2022-06-01,2020-02-01
4802,2020-11-01,2020-05-01
7716,2024-12-01,2021-09-01
2011,2025-04-01,2025-04-01
1579,2024-10-01,2020-10-01
5000,2020-06-01,2020-06-01
3328,2024-05-01,2021-06-01
1284,2020-07-01,2020-07-01
4010,2020-08-01,2020-08-01
8276,2020-11-01,2020-11-01
1382,2022-07-01,2020-11-01
1608,2023-07-01,2021-09-01
1389,2021-05-01,2021-05-01
6583,2022-01-01,2021-05-01
1633,2020-11-01,2020-11-01
4420,2022-09-01,2020-07-01
1543,2021-02-01,2020-04-01
8792,2021-01-01,2020-08-01
7265,2025-04-01,2020-01-01
4172,2020-01-01,2020-01-01
4788,2021-06-01,2021-06-01
2188,2020-12-01,2020-12-01
7191,2024-12-01,2024-04-01
3403,2020-02-01,2020-02-01
4675,2024-05-01,2022-05-01
3615,2021-08-01,2021-08-01
1690,2023-12-01,2023-12-01
3063,2021-07-01,2021-06-01
4820,2021-11-01,2021-11-01
5583,2024-11-01,2024-11-01
6170,2022-08-01,2022-08-01
6310,2023-04-01,2023-04-01
9772,2021-01-01,2020-02-01
9970,2020-09-01,2020-09-01
7557,2023-06-01,2020-05-01
9495,2022-04-01,2022-04-01
1422,2021-02-01,2021-02-01
7904,2021-09-01,2021-09-01
1868,2020-06-01,2020-06-01
7815,2021-07-01,2020-03-01
9245,2021-11-01,2021-04-01
5435,2020-09-01,2020-09-01
7831,2021-04-01,2021-04-01
7989,2020-07-01,2020-07-01
8208,2020-09-01,2020-09-01
5211,2023-03-01,2023-03-01
3898,2023-03-01,2023-03-01
8422,2020-05-01,2020-05-01
5105,2023-11-01,2022-08-01
9787,2020-12-01,2020-12-01
1059,2024-02-01,2022-02-01
5466,2024-07-01,2020-09-01
8669,2025-04-01,2022-09-01
8110,2022-12-01,2022-12-01
9420,2023-03-01,2022-05-01
3509,2022-07-01,2021-01-01
7535,2024-12-01,2024-12-01
3233,2021-09-01,2021-09-01
7570,2024-12-01,2023-04-01
7187,2021-07-01,2021-01-01
1439,2021-11-01,2021-01-01
9072,2020-12-01,2020-12-01
7950,2024-10-01,2021-06-01
7517,2024-09-01,2020-03-01
4297,2021-03-01,2021-03-01
7576,2020-08-01,2020-07-01
7024,2020-04-01,2020-04-01
8638,2023-09-01,2021-03-01
3018,2024-07-01,2022-02-01
3187,2020-03-01,2020-03-01
4903,2022-06-01,2021-07-01
5424,2020-05-01,2020-05-01
1295,2021-02-01,2021-02-01
2402,2020-07-01,2020-07-01
5287,2023-02-01,2021-06-01
8208,2022-11-01,2020-09-01
2941,2022-06-01,2020-01-01
9428,2023-12-01,2020-05-01
7559,2021-01-01,2020-01-01
7013,2023-04-01,2020-10-01
8656,2024-10-01,2020-06-01
1898,2025-03-01,2021-05-01
1953,2023-07-01,2021-06-01
7957,2022-01-01,2022-01-01
7111,2025-01-01,2023-10-01
7214,2022-03-01,2022-03-01
5811,2020-05-01,2020-05-01
1879,2025-04-01,2020-07-01
2500,2024-04-01,2021-01-01
1008,2020-04-01,2020-04-01
1835,2022-06-01,2022-06-01
6932,2024-04-01,2024-04-01
1193,2025-02-01,2024-12-01
6701,2023-04-01,2020-12-01
8758,2022-04-01,2021-02-01
4762,2023-01-01,2021-08-01
3877,2020-10-01,2020-10-01
3820,2020-12-01,2020-12-01
6971,2020-06-01,2020-06-01
8755,2022-01-01,2022-01-01
6468,2021-04-01,2021-02-01
7918,2020-08-01,2020-08-01
8394,2023-03-01,2021-11-01
3736,2021-01-01,2021-01-01
5225,2020-07-01,2020-07-01
1920,2025-01-01,2025-01-01
5656,2021-01-01,2020-05-01
4460,2020-10-01,2020-10-01
7002,2022-04-01,2022-04-01
4905,2020-06-01,2020-06-01
4764,2024-10-01,2024-10-01
7479,2023-07-01,2021-11-01
8328,2020-03-01,2020-03-01
7172,2024-12-01,2021-09-01
9686,2021-10-01,2021-01-01
2448,2022-09-01,2020-03-01
5934,2020-05-01,2020-01-01
6950,2024-04-01,2024-04-01
7405,2021-12-01,2021-11-01
5506,2020-05-01,2020-05-01
1571,2021-09-01,2021-09-01
6528,2022-10-01,2022-01-01
5640,2024-01-01,2020-06-01
6824,2022-07-01,2022-07-01
6418,2021-08-01,2021-08-01
8155,2023-08-01,2022-01-01
7125,2023-08-01,2021-02-01
3381,2021-01-01,2020-01-01
2790,2022-09-01,2022-09-01
2483,2023-01-01,2023-01-01
9488,2024-11-01,2024-11-01
2160,2021-06-01,2021-06-01
7723,2021-10-01,2021-10-01
6267,2022-11-01,2022-11-01
2251,2020-03-01,2020-03-01
7751,2020-10-01,2020-10-01
4434,2024-11-01,2022-05-01
8437,2023-11-01,2023-05-01
5505,2024-01-01,2024-01-01
1136,2021-12-01,2020-08-01
3559,2025-03-01,2020-05-01
5336,2020-11-01,2020-11-01
9115,2020-01-01,2020-01-01
1141,2021-08-01,2021-08-01
5857,2020-11-01,2020-01-01
9471,2020-11-01,2020-08-01
9979,2021-12-01,2020-04-01
3308,2022-03-01,2022-03-01
8708,2020-06-01,2020-06-01
9844,2022-09-01,2020-07-01
7333,2022-03-01,2022-03-01
5061,2022-09-01,2022-09-01
8893,2023-07-01,2023-07-01
8773,2024-06-01,2021-03-01
2320,2022-06-01,2020-02-01
8504,2021-02-01,2021-02-01
9770,2020-05-01,2020-05-01
6638,2022-08-01,2022-08-01
3964,2022-11-01,2022-04-01
9248,2021-02-01,2020-11-01
8454,2023-11-01,2020-04-01
9597,2022-12-01,2022-11-01
6417,2022-08-01,2022-02-01
9400,2024-10-01,2024-10-01
5831,2024-04-01,2022-03-01
5548,2023-08-01,2022-11-01
3231,2022-04-01,2022-04-01
4490,2022-04-01,2022-04-01
6378,2021-09-01,2021-09-01
3981,2024-08-01,2020-01-01
2048,2020-08-01,2020-08-01
4420,2022-12-01,2020-07-01
9453,2021-06-01,2021-06-01
3509,2025-01-01,2021-01-01
5691,2020-12-01,2020-12-01
4971,2022-09-01,2022-09-01
6725,2023-06-01,2023-06-01
6900,2021-05-01,2021-05-01
3229,2025-02-01,2020-03-01
4932,2025-02-01,2021-02-01
8624,2021-03-01,2021-03-01
6493,2023-10-01,2021-02-01
1495,2024-06-01,2024-06-01
2673,2023-08-01,2023-08-01
3138,2022-07-01,2020-09-01
4953,2022-08-01,2022-08-01
8208,2022-03-01,2020-09-01
9061,2020-03-01,2020-03-01
3653,2020-10-01,2020-10-01
6769,2021-11-01,2021-11-01
2722,2021-03-01,2021-03-01
4435,2021-09-01,2021-09-01
9053,2021-06-01,2021-06-01
8999,2023-04-01,2020-03-01
7473,2025-01-01,2021-04-01
5895,2023-08-01,2022-01-01
6428,2020-12-01,2020-12-01
4795,2022-06-01,2022-05-01
5857,2020-01-01,2020-01-01
3707,2022-06-01,2022-06-01
9556,2020-03-01,2020-03-01
2245,2020-06-01,2020-06-01
9573,2020-05-01,2020-02-01
8090,2022-02-01,2022-02-01
5464,2024-05-01,2024-05-01
9617,2024-05-01,2024-05-01
9795,2021-02-01,2020-10-01
9726,2020-03-01,2020-03-01
1589,2024-07-01,2024-07-01
4973,2020-10-01,2020-10-01
3745,2023-11-01,2023-10-01
8541,2021-09-01,2021-09-01
3745,2024-01-01,2023-10-01
1274,2020-05-01,2020-05-01
7252,2021-06-01,2021-04-01
3077,2020-01-01,2020-01-01
8873,2022-10-01,2022-01-01
8003,2022-01-01,2022-01-01
6536,2024-02-01,2020-07-01
9670,2024-08-01,2020-05-01
1476,2020-11-01,2020-11-01
1103,2024-11-01,2021-05-01
8353,2024-01-01,2020-06-01
8170,2021-09-01,2021-06-01
1118,2020-05-01,2020-05-01
9797,2023-08-01,2022-10-01
5357,2021-05-01,2021-05-01
7033,2022-09-01,2021-09-01
7967,2020-07-01,2020-07-01
3114,2023-10-01,2023-10-01
9187,2023-01-01,2023-01-01
1916,2021-12-01,2021-12-01
6564,2024-08-01,2021-05-01
8697,2022-04-01,2022-04-01
8574,2024-01-01,2023-02-01
3073,2022-05-01,2022-05-01
8342,2023-09-01,2020-04-01
6114,2020-02-01,2020-02-01
1684,2024-12-01,2022-12-01
6424,2022-09-01,2022-09-01
7726,2021-06-01,2021-06-01
4652,2024-03-01,2020-09-01
8506,2025-03-01,2024-05-01
2708,2022-11-01,2022-11-01
9805,2024-10-01,2024-10-01
6893,2021-04-01,2021-04-01
5677,2023-01-01,2020-10-01
8540,2023-02-01,2020-01-01
6624,2023-02-01,2023-02-01
5866,2022-10-01,2022-10-01
9436,2020-03-01,2020-03-01
8065,2020-10-01,2020-10-01
4395,2021-03-01,2020-09-01
2155,2023-10-01,2022-11-01
5643,2024-10-01,2024-10-01
6771,2021-03-01,2020-12-01
8171,2021-11-01,2021-09-01
7934,2024-10-01,2020-09-01
5288,2023-07-01,2023-07-01
5571,2022-04-01,2020-07-01
5498,2024-03-01,2021-04-01
1393,2024-02-01,2022-09-01
6292,2024-12-01,2023-04-01
3109,2020-08-01,2020-08-01
4692,2022-09-01,2022-09-01
9382,2023-10-01,2023-10-01
4953,2025-02-01,2022-08-01
9172,2022-12-01,2020-03-01
3355,2023-04-01,2023-04-01
6830,2022-02-01,2022-02-01
1873,2023-04-01,2023-04-01
2240,2020-05-01,2020-05-01
1277,2021-11-01,2021-11-01
4579,2020-03-01,2020-03-01
4239,2020-06-01,2020-06-01
1346,2023-05-01,2021-01-01
8370,2020-09-01,2020-09-01
8549,2024-09-01,2022-02-01
7241,2024-02-01,2021-02-01
7030,2021-12-01,2021-12-01
5846,2023-06-01,2023-06-01
6580,2023-05-01,2023-05-01
7076,2021-12-01,2021-08-01
6613,2021-03-01,2020-03-01
4932,2024-11-01,2021-02-01
3195,2021-06-01,2021-06-01
2359,2021-11-01,2020-12-01
9420,2024-04-01,2022-05-01
2217,2020-12-01,2020-12-01
6652,2022-08-01,2022-08-01
6127,2025-04-01,2024-09-01
7012,2023-04-01,2020-03-01
8424,2024-06-01,2024-05-01
9202,2024-06-01,2022-04-01
7461,2024-09-01,2022-12-01
2099,2021-05-01,2020-06-01
4030,2020-10-01,2020-10-01
9051,2022-03-01,2022-03-01
6237,2023-08-01,2021-11-01
1661,2023-05-01,2023-05-01
3220,2021-02-01,2021-01-01
5293,2020-12-01,2020-12-01
9403,2021-07-01,2021-07-01
3318,2021-07-01,2020-12-01
4089,2020-01-01,2020-01-01
4964,2024-01-01,2020-10-01
3761,2022-06-01,2022-06-01
5681,2023-09-01,2020-10-01
3832,2025-04-01,2023-03-01
4826,2023-06-01,2022-06-01
5104,2023-09-01,2020-10-01
2450,2025-03-01,2022-01-01
6926,2020-12-01,2020-08-01
3699,2020-09-01,2020-09-01
6193,2024-08-01,2021-03-01
1440,2025-03-01,2020-06-01
5143,2023-03-01,2023-03-01
4877,2023-06-01,2023-06-01
5955,2021-09-01,2021-09-01
2424,2021-05-01,2021-05-01
4341,2022-12-01,2022-12-01
4821,2020-09-01,2020-09-01
7011,2020-08-01,2020-08-01
4511,2021-10-01,2020-01-01
8084,2023-10-01,2021-04-01
8004,2021-11-01,2021-11-01
4041,2023-11-01,2023-11-01
3104,2023-11-01,2023-11-01
3469,2024-06-01,2021-05-01
2414,2021-05-01,2020-05-01
4339,2021-07-01,2020-12-01
1646,2022-01-01,2022-01-01
6002,2020-07-01,2020-07-01
9612,2023-03-01,2022-08-01
9929,2023-01-01,2023-01-01
2150,2020-11-01,2020-11-01
7752,2025-04-01,2024-09-01
3585,2022-05-01,2022-05-01
2764,2021-07-01,2020-03-01
1591,2022-07-01,2021-11-01
4554,2020-10-01,2020-10-01
4389,2024-10-01,2020-02-01
4825,2022-02-01,2022-02-01
7532,2020-12-01,2020-12-01
2133,2020-03-01,2020-03-01
1185,2025-01-01,2023-09-01
9976,2020-09-01,2020-09-01
2886,2023-09-01,2023-09-01
5760,2022-12-01,2020-08-01
2835,2025-04-01,2023-12-01
3603,2021-06-01,2021-06-01
5463,2021-08-01,2021-08-01
7027,2022-02-01,2022-02-01
2255,2020-08-01,2020-08-01
8778,2024-11-01,2021-07-01
1950,2022-01-01,2022-01-01
8434,2024-01-01,2021-12-01
3514,2020-10-01,2020-10-01
8524,2023-03-01,2023-03-01
7182,2024-10-01,2024-10-01
2927,2021-10-01,2020-07-01
9150,2022-06-01,2022-06-01
2258,2024-04-01,2020-01-01
1898,2024-02-01,2021-05-01
8200,2023-08-01,2023-08-01
4079,2022-08-01,2021-05-01
7211,2022-07-01,2021-06-01
1990,2023-12-01,2022-01-01
1372,2024-05-01,2020-06-01
5602,2022-03-01,2021-06-01
7502,2021-10-01,2020-07-01
5023,2023-04-01,2023-04-01
5060,2022-01-01,2021-01-01
1971,2021-09-01,2021-01-01
6214,2020-11-01,2020-11-01
1432,2022-10-01,2021-10-01
5494,2024-05-01,2020-07-01
7895,2024-10-01,2024-03-01
4542,2024-11-01,2020-05-01
7655,2024-02-01,2024-02-01
9043,2021-01-01,2021-01-01
9875,2022-02-01,2020-01-01
4157,2020-05-01,2020-05-01
3803,2023-02-01,2023-02-01
1085,2024-01-01,2021-07-01
4055,2022-06-01,2022-06-01
9875,2021-02-01,2020-01-01
7124,2021-10-01,2021-10-01
5494,2020-07-01,2020-07-01
4466,2021-04-01,2021-04-01
7894,2024-09-01,2024-03-01
6092,2021-11-01,2020-10-01
4853,2023-09-01,2023-09-01
4378,2024-05-01,2022-05-01
4202,2020-02-01,2020-02-01
4154,2022-02-01,2020-02-01
9714,2021-02-01,2020-07-01
4856,2022-12-01,2022-12-01
6965,2025-03-01,2023-10-01
7899,2021-08-01,2021-02-01
9474,2021-05-01,2021-02-01
5354,2022-06-01,2022-06-01
9046,2023-08-01,2020-07-01
1632,2023-07-01,2023-07-01
8493,2020-01-01,2020-01-01
8246,2022-08-01,2020-11-01
2996,2024-11-01,2024-11-01
5946,2020-05-01,2020-05-01
2817,2023-03-01,2022-08-01
5146,2022-05-01,2022-05-01
8199,2023-05-01,2023-05-01
6105,2020-02-01,2020-02-01
7213,2024-04-01,2024-04-01
7784,2022-10-01,2020-06-01
2670,2022-10-01,2020-02-01
4248,2020-12-01,2020-07-01
2463,2024-01-01,2022-02-01
7548,2023-02-01,2023-02-01
6453,2022-05-01,2022-05-01
5417,2022-06-01,2020-01-01
5230,2022-07-01,2022-07-01
9204,2020-09-01,2020-09-01
9299,2022-03-01,2022-03-01
9189,2020-10-01,2020-10-01
1447,2024-08-01,2021-12-01
5467,2022-10-01,2021-03-01
5600,2024-08-01,2021-02-01
6802,2022-09-01,2020-11-01
1469,2020-06-01,2020-06-01
2412,2022-01-01,2022-01-01
3255,2020-02-01,2020-02-01
4613,2022-05-01,2020-01-01
8726,2024-04-01,2024-04-01
3059,2020-03-01,2020-03-01
8291,2020-11-01,2020-11-01
7399,2025-03-01,2020-09-01
9766,2024-04-01,2021-07-01
6322,2020-08-01,2020-08-01
8388,2024-02-01,2023-10-01
4173,2021-05-01,2020-01-01
2393,2024-07-01,2020-10-01
1543,2021-02-01,2020-04-01
4096,2023-10-01,2023-10-01
5253,2023-08-01,2020-06-01
4941,2021-02-01,2020-10-01
5126,2022-10-01,2022-10-01
8763,2025-02-01,2021-03-01
1255,2025-04-01,2021-07-01
8979,2020-05-01,2020-05-01
6494,2020-01-01,2020-01-01
5995,2024-08-01,2021-09-01
6822,2025-04-01,2020-06-01
7343,2020-01-01,2020-01-01
5811,2021-01-01,2020-05-01
8798,2023-12-01,2023-12-01
6795,2023-07-01,2023-01-01
8776,2020-04-01,2020-04-01
1127,2023-01-01,2021-03-01
7797,2023-12-01,2023-12-01
2095,2025-03-01,2025-03-01
4353,2020-01-01,2020-01-01
5662,2022-01-01,2022-01-01
4016,2022-09-01,2021-05-01
2925,2023-01-01,2020-03-01
4487,2022-06-01,2021-01-01
7923,2020-08-01,2020-08-01
9427,2020-12-01,2020-12-01
2492,2020-11-01,2020-11-01
1756,2020-12-01,2020-07-01
1209,2020-02-01,2020-02-01
3055,2020-07-01,2020-07-01
5650,2021-02-01,2021-02-01
8347,2021-04-01,2020-12-01
4922,2020-08-01,2020-08-01
5943,2022-03-01,2021-09-01
5725,2021-12-01,2021-12-01
5017,2021-10-01,2021-02-01
3453,2023-11-01,2023-11-01
4309,2020-08-01,2020-08-01
3768,2021-09-01,2021-09-01
6885,2020-09-01,2020-09-01
9059,2022-10-01,2020-03-01
3042,2023-05-01,2020-03-01
3269,2022-05-01,2020-12-01
7199,2022-08-01,2021-02-01
8739,2023-05-01,2021-09-01
6597,2024-11-01,2023-07-01
2060,2023-02-01,2023-02-01
1614,2020-11-01,2020-11-01
5548,2022-11-01,2022-11-01
1033,2025-04-01,2021-03-01
2979,2023-10-01,2023-10-01
2953,2020-07-01,2020-07-01
5223,2022-10-01,2022-10-01
2338,2021-01-01,2021-01-01
9271,2024-03-01,2022-06-01
8495,2024-03-01,2020-10-01
3825,2024-03-01,2023-04-01
9019,2021-12-01,2020-02-01
9457,2021-06-01,2020-03-01
6512,2023-02-01,2023-02-01
4951,2021-08-01,2021-08-01
8911,2020-01-01,2020-01-01
9119,2024-06-01,2020-02-01
8680,2023-02-01,2020-04-01
3408,2020-11-01,2020-11-01
6477,2020-11-01,2020-11-01
2417,2023-04-01,2021-10-01
1504,2021-10-01,2021-10-01
3719,2020-02-01,2020-02-01
1989,2024-04-01,2024-04-01
7649,2022-04-01,2022-04-01
3431,2024-07-01,2021-11-01
4330,2021-08-01,2020-10-01
6914,2020-10-01,2020-10-01
6037,2021-05-01,2021-05-01
9677,2022-11-01,2022-11-01
1019,2023-12-01,2023-12-01
8739,2021-09-01,2021-09-01
1346,2021-01-01,2021-01-01
8985,2022-06-01,2022-06-01
9646,2024-08-01,2024-08-01
7830,2023-03-01,2023-03-01
8121,2024-11-01,2023-12-01
4683,2020-11-01,2020-11-01
1575,2025-02-01,2020-06-01
4843,2020-04-01,2020-04-01
3532,2021-08-01,2021-08-01
8130,2022-01-01,2020-08-01
9860,2022-12-01,2021-09-01
3883,2020-09-01,2020-09-01
1971,2022-10-01,2021-01-01
5407,2022-06-01,2022-06-01
6188,2023-08-01,2023-08-01
8715,2020-06-01,2020-06-01
5524,2022-05-01,2022-05-01
9353,2023-01-01,2023-01-01
8319,2024-01-01,2021-01-01
9165,2025-03-01,2020-07-01
1057,2021-08-01,2021-06-01
4175,2023-09-01,2021-02-01
3443,2022-09-01,2022-09-01
3941,2024-12-01,2020-07-01
1955,2023-09-01,2023-09-01
7372,2023-10-01,2020-04-01
6657,2021-12-01,2021-12-01
8263,2022-06-01,2021-02-01
1540,2020-02-01,2020-02-01
5225,2021-10-01,2020-07-01
7243,2022-04-01,2021-06-01
8089,2022-04-01,2020-05-01
3432,2023-06-01,2020-05-01
8841,2020-01-01,2020-01-01
6613,2020-03-01,2020-03-01
8900,2020-12-01,2020-12-01
1405,2023-05-01,2023-05-01
4439,2024-10-01,2022-08-01
4422,2024-06-01,2022-06-01
8118,2021-07-01,2021-07-01
3122,2023-10-01,2022-04-01
7557,2020-06-01,2020-05-01
4782,2022-01-01,2022-01-01
9147,2024-04-01,2022-06-01
6521,2020-11-01,2020-11-01
2671,2023-01-01,2023-01-01
8725,2023-07-01,2022-12-01
1871,2021-03-01,2021-03-01
6114,2023-04-01,2020-02-01
5112,2023-09-01,2023-09-01
4349,2023-10-01,2023-10-01
5376,2021-08-01,2021-08-01
4221,2024-03-01,2021-03-01
9804,2020-05-01,2020-05-01
4449,2020-08-01,2020-08-01
7531,2023-06-01,2022-06-01
3095,2023-02-01,2022-07-01
9969,2024-01-01,2024-01-01
5413,2021-10-01,2020-02-01
2655,2021-08-01,2021-08-01
7089,2025-02-01,2020-09-01
2862,2023-03-01,2022-04-01
7318,2021-05-01,2020-01-01
7326,2023-02-01,2020-03-01
6841,2024-06-01,2020-02-01
3360,2024-10-01,2021-09-01
9837,2025-02-01,2021-11-01
3577,2021-02-01,2021-02-01
6295,2022-11-01,2021-09-01
8377,2020-12-01,2020-12-01
8023,2020-10-01,2020-10-01
4345,2021-05-01,2021-05-01
9620,2023-11-01,2023-11-01
1622,2023-12-01,2023-12-01
8679,2024-05-01,2021-02-01
9484,2023-01-01,2020-03-01
4460,2023-05-01,2020-10-01
1374,2023-07-01,2023-07-01
9352,2023-04-01,2022-06-01
7891,2021-12-01,2021-03-01
2322,2023-08-01,2023-08-01
1489,2022-03-01,2022-03-01
7490,2022-09-01,2020-02-01
9585,2023-07-01,2023-07-01
1603,2024-12-01,2024-12-01
4656,2024-06-01,2024-06-01
7841,2021-04-01,2020-04-01
9714,2020-07-01,2020-07-01
6871,2021-03-01,2021-03-01
1015,2021-06-01,2020-12-01
4034,2020-12-01,2020-12-01
7244,2022-10-01,2022-10-01
6328,2021-02-01,2021-02-01
4965,2024-01-01,2022-05-01
5832,2023-08-01,2023-08-01
7793,2023-04-01,2020-08-01
5213,2025-01-01,2025-01-01
5735,2020-11-01,2020-11-01
6699,2024-11-01,2024-09-01
5685,2020-12-01,2020-12-01
7029,2022-10-01,2020-10-01
1953,2025-04-01,2021-06-01
1513,2020-12-01,2020-12-01
2491,2020-01-01,2020-01-01
8663,2022-09-01,2022-09-01
7161,2020-05-01,2020-05-01
3748,2021-03-01,2020-07-01
8556,2023-10-01,2022-03-01
4045,2024-09-01,2024-09-01
4350,2022-10-01,2021-09-01
8405,2020-11-01,2020-11-01
2070,2020-06-01,2020-06-01
1083,2021-09-01,2020-05-01
3029,2024-10-01,2024-10-01
5953,2023-04-01,2023-04-01
7493,2023-01-01,2021-01-01
1375,2024-02-01,2020-04-01
3527,2023-10-01,2022-08-01
8328,2021-10-01,2020-03-01
4239,2021-03-01,2020-06-01
6855,2025-03-01,2022-04-01
5577,2023-11-01,2020-12-01
1954,2022-06-01,2022-06-01
1380,2020-09-01,2020-09-01
2584,2023-02-01,2021-08-01
6992,2021-07-01,2020-09-01
2760,2021-07-01,2021-07-01
9041,2021-11-01,2021-06-01
5454,2021-05-01,2021-05-01
5917,2024-10-01,2024-07-01
4496,2020-12-01,2020-12-01
9840,2023-09-01,2020-09-01
1933,2024-03-01,2024-03-01
6334,2020-01-01,2020-01-01
1491,2024-05-01,2021-11-01
8155,2022-10-01,2022-01-01
4135,2022-04-01,2022-04-01
8362,2020-12-01,2020-12-01
9661,2024-07-01,2024-07-01
9232,2022-10-01,2021-07-01
5480,2020-03-01,2020-03-01
6812,2021-06-01,2021-06-01
9324,2023-03-01,2020-04-01
9247,2025-03-01,2020-04-01
6298,2024-12-01,2020-02-01
1738,2021-02-01,2021-02-01
7388,2024-05-01,2021-08-01
3709,2024-04-01,2021-01-01
5885,2025-03-01,2021-03-01
6870,2022-03-01,2022-03-01
6406,2021-02-01,2021-02-01
4058,2022-09-01,2022-09-01
6827,2020-01-01,2020-01-01
9264,2021-12-01,2020-04-01
9537,2024-03-01,2024-03-01
6408,2022-05-01,2022-05-01
5763,2023-12-01,2023-05-01
5909,2025-01-01,2022-10-01
4472,2021-10-01,2021-10-01
8230,2021-04-01,2021-04-01
3007,2020-04-01,2020-04-01
7980,2024-04-01,2024-04-01
2897,2021-09-01,2020-11-01
4895,2022-11-01,2022-11-01
7636,2022-06-01,2022-06-01
7697,2023-11-01,2023-02-01
2149,2023-07-01,2023-07-01
1727,2024-01-01,2024-01-01
3009,2020-09-01,2020-09-01
4630,2020-04-01,2020-04-01
3146,2020-08-01,2020-08-01
7571,2023-04-01,2022-08-01
9447,2022-05-01,2020-02-01
1005,2023-09-01,2022-12-01
3741,2022-11-01,2022-11-01
4162,2021-06-01,2021-06-01
2735,2024-06-01,2022-12-01
2123,2023-08-01,2023-08-01
6796,2021-12-01,2021-12-01
9879,2023-06-01,2023-06-01
1897,2024-04-01,2020-01-01
2484,2021-01-01,2021-01-01
2899,2021-08-01,2021-08-01
7122,2024-02-01,2020-05-01
6505,2021-03-01,2021-03-01
4647,2021-07-01,2021-07-01
7746,2022-12-01,2022-03-01
9219,2023-09-01,2023-03-01
9068,2022-08-01,2020-05-01
9786,2023-09-01,2020-02-01
3418,2023-09-01,2022-07-01
3669,2021-11-01,2020-07-01
6990,2020-03-01,2020-03-01
2661,2023-03-01,2022-07-01
3518,2021-09-01,2021-09-01
4400,2020-10-01,2020-06-01
4190,2020-07-01,2020-03-01
3673,2021-10-01,2021-10-01
5344,2021-06-01,2021-06-01
4493,2025-04-01,2022-06-01
2196,2025-02-01,2022-01-01
9126,2023-11-01,2020-12-01
6714,2023-10-01,2022-12-01
8355,2025-02-01,2025-02-01
7367,2025-02-01,2025-02-01
3970,2021-08-01,2020-03-01
3151,2022-07-01,2022-07-01
4760,2025-02-01,2020-05-01
7071,2021-11-01,2020-09-01
6210,2024-09-01,2021-03-01
3752,2023-09-01,2023-09-01
8071,2020-04-01,2020-04-01
2039,2023-11-01,2023-08-01
3158,2022-02-01,2020-02-01
4768,2024-07-01,2022-03-01
4631,2021-01-01,2020-03-01
6317,2020-06-01,2020-06-01
9322,2022-12-01,2020-02-01
3222,2022-07-01,2021-03-01
4623,2024-12-01,2024-12-01
6584,2021-09-01,2021-09-01
9272,2020-02-01,2020-02-01
1330,2024-02-01,2023-06-01
7339,2021-03-01,2020-05-01
7628,2024-08-01,2022-10-01
5721,2020-04-01,2020-04-01
3675,2021-04-01,2021-04-01
1802,2022-06-01,2022-06-01
1096,2025-04-01,2021-07-01
5490,2020-10-01,2020-10-01
1218,2023-12-01,2023-12-01
7669,2023-01-01,2023-01-01
2234,2025-02-01,2021-08-01
2674,2021-12-01,2021-12-01
4868,2023-01-01,2023-01-01
6335,2022-07-01,2020-12-01
6773,2024-12-01,2024-12-01
1189,2022-07-01,2022-03-01
6446,2022-10-01,2022-10-01
1569,2023-06-01,2023-06-01
8483,2023-05-01,2023-05-01
8081,2023-02-01,2021-12-01
9951,2020-09-01,2020-09-01
1665,2021-06-01,2021-06-01
5492,2023-12-01,2023-12-01
1263,2020-10-01,2020-03-01
8443,2022-11-01,2021-07-01
8259,2022-10-01,2022-08-01
6180,2025-02-01,2021-06-01
9743,2024-11-01,2022-03-01
7398,2024-02-01,2022-06-01
6658,2023-08-01,2020-05-01
7401,2022-10-01,2022-02-01
9116,2024-01-01,2023-11-01
7567,2020-01-01,2020-01-01
7149,2023-05-01,2020-01-01
1234,2022-02-01,2022-02-01
7347,2023-10-01,2020-05-01
7358,2022-08-01,2020-01-01
7339,2024-10-01,2020-05-01
9849,2023-02-01,2020-09-01
4107,2021-10-01,2021-10-01
3088,2024-10-01,2021-03-01
9984,2022-10-01,2022-10-01
7767,2020-02-01,2020-02-01
3046,2020-01-01,2020-01-01
3578,2020-04-01,2020-04-01
9045,2024-11-01,2022-03-01
1734,2024-11-01,2021-07-01
9146,2020-01-01,2020-01-01
2421,2020-02-01,2020-02-01
6280,2023-08-01,2021-06-01
4327,2022-04-01,2020-12-01
7394,2020-12-01,2020-12-01
9536,2025-04-01,2020-06-01
6061,2025-03-01,2025-03-01
8415,2024-07-01,2022-09-01
1926,2024-05-01,2024-05-01
1135,2023-08-01,2021-12-01
4730,2024-08-01,2023-05-01
4087,2022-02-01,2022-02-01
5459,2020-05-01,2020-05-01
1272,2022-04-01,2020-09-01
4767,2023-10-01,2021-01-01
4968,2022-06-01,2021-08-01
3024,2021-09-01,2021-09-01
3406,2022-09-01,2021-02-01
5437,2020-12-01,2020-12-01
4706,2021-08-01,2020-02-01
2230,2021-10-01,2020-08-01
9818,2022-02-01,2020-08-01
9388,2024-05-01,2020-01-01
4224,2022-11-01,2022-11-01
8628,2025-03-01,2020-02-01
9912,2022-07-01,2022-07-01
1739,2021-02-01,2020-08-01
2880,2023-11-01,2022-04-01
3412,2023-12-01,2023-12-01
9062,2023-01-01,2023-01-01
9471,2020-08-01,2020-08-01
1253,2024-01-01,2024-01-01
7272,2020-06-01,2020-06-01
3664,2024-02-01,2024-02-01
8588,2021-06-01,2021-06-01
8130,2025-04-01,2020-08-01
6447,2020-09-01,2020-01-01
8399,2021-12-01,2021-12-01
3088,2025-01-01,2021-03-01
5923,2021-09-01,2021-09-01
3354,2020-10-01,2020-02-01
3442,2022-03-01,2022-03-01
4042,2024-02-01,2020-07-01
4319,2020-01-01,2020-01-01
8633,2021-04-01,2021-04-01
4056,2021-05-01,2021-05-01
1754,2024-11-01,2022-03-01
6511,2023-06-01,2021-02-01
9638,2025-03-01,2020-02-01
3602,2021-04-01,2021-01-01
8231,2025-02-01,2020-12-01
7220,2022-04-01,2022-04-01
1725,2024-01-01,2024-01-01
9945,2024-03-01,2020-04-01
6258,2021-01-01,2021-01-01
8319,2022-06-01,2021-01-01
3119,2020-10-01,2020-10-01
6134,2022-05-01,2020-06-01
4524,2023-04-01,2022-10-01
6896,2022-06-01,2021-03-01
7085,2020-05-01,2020-05-01
3232,2024-03-01,2024-03-01
1564,2022-10-01,2022-10-01
2346,2023-11-01,2022-04-01
4602,2025-02-01,2024-04-01
1249,2023-07-01,2021-12-01
5544,2025-02-01,2023-08-01
3332,2024-02-01,2020-05-01
7257,2020-10-01,2020-10-01
8558,2022-09-01,2022-09-01
4498,2025-03-01,2021-02-01
8845,2020-01-01,2020-01-01
6937,2023-10-01,2023-07-01
5532,2021-06-01,2021-06-01
3697,2024-11-01,2020-09-01
8657,2023-04-01,2020-02-01
1748,2024-11-01,2024-02-01
5956,2023-12-01,2021-03-01
9131,2021-05-01,2021-05-01
9892,2023-10-01,2021-01-01
7772,2022-11-01,2022-11-01
9694,2020-09-01,2020-09-01
8801,2024-07-01,2023-05-01
3143,2023-11-01,2022-05-01
3514,2021-02-01,2020-10-01
4561,2023-07-01,2023-07-01
9437,2022-10-01,2022-10-01
1737,2024-05-01,2024-05-01
4512,2021-07-01,2021-07-01
4050,2022-08-01,2020-11-01
6267,2023-08-01,2022-11-01
8192,2020-03-01,2020-03-01
4387,2020-05-01,2020-03-01
9607,2022-07-01,2021-04-01
8591,2025-01-01,2023-12-01
9132,2022-12-01,2021-07-01
1294,2023-08-01,2023-02-01
7735,2021-04-01,2021-04-01
7589,2024-08-01,2022-12-01
8361,2023-06-01,2020-03-01
3281,2021-12-01,2021-12-01
3533,2021-10-01,2021-10-01
9827,2020-11-01,2020-02-01
4482,2022-07-01,2022-07-01
7804,2022-03-01,2022-03-01
3703,2020-08-01,2020-02-01
8214,2024-05-01,2021-07-01
4530,2024-11-01,2024-11-01
1181,2024-11-01,2020-04-01
6900,2024-01-01,2021-05-01
3721,2022-05-01,2020-12-01
7591,2021-12-01,2021-04-01
1531,2024-07-01,2020-07-01
6772,2021-06-01,2021-06-01
3977,2021-01-01,2021-01-01
5335,2023-01-01,2021-07-01
9536,2024-02-01,2020-06-01
2500,2021-01-01,2021-01-01
6067,2020-06-01,2020-06-01
6758,2022-07-01,2022-07-01
3970,2020-03-01,2020-03-01
4850,2021-10-01,2021-10-01
2447,2024-12-01,2024-12-01
1310,2023-03-01,2020-04-01
4694,2023-04-01,2021-03-01
9667,2022-03-01,2021-06-01
7730,2021-02-01,2021-02-01
6728,2021-02-01,2020-03-01
7099,2022-08-01,2020-12-01
3734,2024-09-01,2023-09-01
9186,2021-08-01,2021-08-01
2710,2020-03-01,2020-01-01
4169,2021-01-01,2021-01-01
6512,2024-10-01,2023-02-01
9009,2022-09-01,2021-03-01
9514,2020-07-01,2020-05-01
6998,2021-05-01,2021-05-01
7965,2023-05-01,2021-10-01
2463,2022-06-01,2022-02-01
2195,2021-03-01,2021-03-01
1384,2024-11-01,2024-11-01
9919,2023-09-01,2022-01-01
8083,2021-01-01,2020-07-01
4145,2022-08-01,2022-08-01
1212,2022-06-01,2022-06-01
7652,2022-03-01,2020-07-01
1543,2020-04-01,2020-04-01
4669,2023-11-01,2020-11-01
6045,2024-07-01,2021-12-01
6043,2020-11-01,2020-11-01
4257,2022-07-01,2022-07-01
9182,2023-07-01,2023-07-01
5285,2023-04-01,2023-04-01
1209,2022-11-01,2020-02-01
9594,2024-05-01,2021-11-01
7299,2021-03-01,2020-04-01
8541,2024-11-01,2021-09-01
6109,2022-09-01,2022-09-01
2467,2023-11-01,2020-10-01
4672,2021-08-01,2021-08-01
7249,2025-03-01,2021-04-01
7240,2023-02-01,2022-01-01
7342,2022-11-01,2022-09-01
7461,2022-12-01,2022-12-01
4173,2024-05-01,2020-01-01
6006,2021-07-01,2021-07-01
1936,2024-06-01,2022-04-01
8189,2023-09-01,2022-01-01
6948,2023-06-01,2023-05-01
2696,2023-08-01,2020-02-01
6964,2024-03-01,2022-06-01
8273,2020-12-01,2020-12-01
9010,2024-10-01,2024-07-01
2894,2021-12-01,2021-12-01
2570,2024-12-01,2022-01-01
9177,2021-12-01,2020-12-01
7778,2020-02-01,2020-02-01
7946,2023-08-01,2020-03-01
9329,2024-08-01,2021-10-01
7882,2022-08-01,2021-03-01
9581,2024-02-01,2023-01-01
8770,2021-12-01,2020-07-01
9207,2022-03-01,2022-03-01
5806,2023-04-01,2021-01-01
4187,2023-03-01,2020-05-01
5486,2020-12-01,2020-12-01
1836,2025-02-01,2020-12-01
3463,2024-10-01,2021-07-01
7951,2021-08-01,2021-08-01
7450,2024-03-01,2024-03-01
6485,2025-03-01,2025-03-01
7344,2024-12-01,2024-10-01
5343,2024-03-01,2024-03-01
2282,2020-10-01,2020-10-01
4909,2020-07-01,2020-07-01
5140,2021-03-01,2021-03-01
1591,2021-11-01,2021-11-01
5148,2024-08-01,2020-02-01
4954,2021-04-01,2021-04-01
1091,2021-04-01,2021-04-01
9588,2023-07-01,2023-07-01
4719,2021-07-01,2021-07-01
6452,2023-11-01,2020-10-01
8224,2024-01-01,2024-01-01
5581,2022-02-01,2020-04-01
8897,2025-01-01,2023-10-01
4761,2020-01-01,2020-01-01
9743,2023-03-01,2022-03-01
4088,2024-03-01,2024-03-01
2980,2022-03-01,2022-03-01
7222,2024-05-01,2024-05-01
9599,2020-08-01,2020-06-01
1478,2023-09-01,2023-09-01
4424,2020-01-01,2020-01-01
2431,2022-03-01,2020-02-01
7329,2023-08-01,2023-08-01
5219,2021-12-01,2021-12-01
2693,2024-07-01,2024-07-01
3312,2022-10-01,2020-01-01
4775,2023-08-01,2023-08-01
8075,2022-05-01,2022-05-01
7464,2021-11-01,2021-11-01
7996,2024-02-01,2024-02-01
8075,2024-03-01,2022-05-01
4578,2022-07-01,2021-07-01
8957,2021-08-01,2021-04-01
8774,2022-07-01,2021-08-01
3402,2022-12-01,2022-12-01
5647,2023-06-01,2020-04-01
1874,2024-12-01,2024-12-01
3933,2024-09-01,2021-11-01
1735,2023-01-01,2020-02-01
2805,2020-09-01,2020-09-01
6372,2023-03-01,2020-03-01
9482,2023-07-01,2023-07-01
8795,2020-04-01,2020-04-01
4312,2020-02-01,2020-02-01
1355,2024-11-01,2020-04-01
5122,2020-07-01,2020-07-01
8326,2023-11-01,2023-11-01
5416,2024-08-01,2021-12-01
9652,2020-11-01,2020-11-01
1375,2023-08-01,2020-04-01
4005,2024-03-01,2020-06-01
8656,2020-06-01,2020-06-01
9648,2020-09-01,2020-09-01
8707,2022-07-01,2021-05-01
9876,2023-08-01,2023-08-01
3620,2020-01-01,2020-01-01
7539,2025-01-01,2024-07-01
2798,2023-10-01,2023-10-01
8564,2024-06-01,2024-06-01
9534,2023-04-01,2023-04-01
2678,2020-11-01,2020-11-01
5070,2020-10-01,2020-10-01
8305,2024-12-01,2021-10-01
9274,2022-05-01,2021-05-01
9016,2023-01-01,2023-01-01
7626,2021-01-01,2021-01-01
2951,2020-11-01,2020-10-01
5379,2020-08-01,2020-08-01
8455,2020-03-01,2020-03-01
5937,2021-09-01,2021-09-01
5405,2024-06-01,2020-02-01
1174,2020-09-01,2020-09-01
6755,2021-10-01,2021-10-01
6383,2023-11-01,2021-01-01
1118,2021-09-01,2020-05-01
3118,2022-02-01,2022-02-01
1946,2021-06-01,2021-06-01
2928,2022-07-01,2020-05-01
9291,2023-10-01,2023-10-01
7389,2022-11-01,2021-03-01
5025,2022-11-01,2022-11-01
8012,2020-06-01,2020-06-01
6334,2022-01-01,2020-01-01
5374,2025-03-01,2022-03-01
1682,2024-09-01,2023-11-01
6168,2023-09-01,2021-06-01
4532,2022-12-01,2021-03-01
1551,2024-03-01,2023-07-01
8138,2024-09-01,2021-11-01
6607,2020-11-01,2020-11-01
1886,2024-03-01,2020-08-01
3604,2025-01-01,2025-01-01
1618,2025-03-01,2023-11-01
7589,2022-12-01,2022-12-01
1349,2025-03-01,2021-12-01
5028,2023-01-01,2020-06-01
6777,2023-06-01,2020-04-01
5011,2022-01-01,2020-01-01
2922,2020-11-01,2020-06-01
1985,2023-06-01,2020-10-01
8584,2020-04-01,2020-04-01
1421,2022-09-01,2022-09-01
6853,2023-03-01,2020-01-01
6347,2022-05-01,2020-07-01
3097,2024-08-01,2024-08-01
9711,2023-05-01,2020-08-01
7299,2023-08-01,2020-04-01
1908,2023-05-01,2021-02-01
1533,2023-07-01,2023-07-01
6678,2023-01-01,2023-01-01
8344,2020-05-01,2020-05-01
6880,2024-10-01,2024-10-01
8324,2021-12-01,2021-12-01
9608,2025-03-01,2020-05-01
5438,2025-01-01,2024-04-01
6364,2023-07-01,2020-02-01
7139,2022-08-01,2022-08-01
3569,2024-02-01,2022-03-01
4076,2020-03-01,2020-03-01
8153,2023-07-01,2023-07-01
6816,2025-04-01,2023-01-01
9264,2024-01-01,2020-04-01
6982,2022-04-01,2022-04-01
7861,2021-08-01,2020-11-01
2298,2024-03-01,2021-09-01
1672,2024-05-01,2022-01-01
3030,2020-08-01,2020-08-01
6379,2022-07-01,2022-07-01
9221,2022-02-01,2022-02-01
6547,2023-01-01,2023-01-01
5819,2021-09-01,2021-09-01
2886,2024-09-01,2023-09-01
1498,2023-01-01,2021-03-01
5182,2023-05-01,2020-07-01
5759,2023-02-01,2023-02-01
1438,2023-09-01,2023-09-01
6916,2024-12-01,2021-07-01
4446,2023-07-01,2023-07-01
9328,2022-03-01,2020-11-01
9319,2020-01-01,2020-01-01
3499,2023-09-01,2020-07-01
5915,2024-01-01,2021-09-01
9137,2023-10-01,2022-06-01
7096,2021-08-01,2021-08-01
7061,2020-07-01,2020-07-01
2924,2021-07-01,2021-07-01
8329,2023-06-01,2021-06-01
5068,2022-10-01,2020-05-01
1631,2022-09-01,2022-09-01
5669,2022-08-01,2020-08-01
5656,2025-03-01,2020-05-01
7816,2025-03-01,2024-08-01
2728,2020-04-01,2020-04-01
4235,2023-02-01,2023-02-01
7910,2023-12-01,2021-04-01
2923,2022-09-01,2022-09-01
4620,2021-12-01,2021-12-01
3764,2020-12-01,2020-12-01
8319,2021-01-01,2021-01-01
1341,2023-10-01,2021-01-01
3537,2020-07-01,2020-07-01
9041,2021-06-01,2021-06-01
7509,2021-01-01,2021-01-01
5637,2023-10-01,2020-03-01
4308,2022-06-01,2020-07-01
1809,2021-04-01,2021-04-01
6972,2021-07-01,2021-07-01
5747,2021-12-01,2020-05-01
6508,2024-01-01,2021-09-01
8129,2023-10-01,2023-10-01
7946,2025-01-01,2020-03-01
4517,2020-11-01,2020-01-01
8924,2020-07-01,2020-07-01
7795,2021-03-01,2021-03-01
6834,2022-05-01,2022-05-01
2501,2025-04-01,2021-09-01
1832,2022-01-01,2022-01-01
8760,2020-04-01,2020-04-01
8725,2022-12-01,2022-12-01
2531,2020-01-01,2020-01-01
8484,2023-09-01,2023-09-01
7405,2021-11-01,2021-11-01
4974,2021-08-01,2021-08-01
7885,2020-07-01,2020-05-01
9481,2023-08-01,2021-05-01
6738,2021-12-01,2021-12-01
2441,2020-05-01,2020-05-01
4226,2022-12-01,2022-12-01
2769,2022-03-01,2020-08-01
3837,2024-10-01,2024-10-01
5670,2025-04-01,2021-03-01
4110,2022-11-01,2022-11-01
4888,2020-07-01,2020-07-01
8101,2022-07-01,2022-07-01
1697,2022-10-01,2020-04-01
4869,2023-09-01,2020-03-01
8332,2024-06-01,2024-06-01
2028,2022-09-01,2022-09-01
4461,2024-09-01,2024-07-01
8369,2025-03-01,2025-03-01
8418,2024-08-01,2023-01-01
5472,2022-03-01,2022-01-01
1129,2022-10-01,2022-06-01
9396,2025-01-01,2024-06-01
5816,2021-02-01,2021-02-01
8126,2024-03-01,2020-09-01
3439,2020-01-01,2020-01-01
6029,2020-01-01,2020-01-01
5221,2020-10-01,2020-10-01
4180,2020-09-01,2020-09-01
9108,2021-10-01,2021-10-01
7659,2023-01-01,2023-01-01
6361,2024-08-01,2020-03-01
8772,2023-08-01,2023-02-01
5466,2022-04-01,2020-09-01
6097,2023-04-01,2022-01-01
2446,2022-06-01,2020-11-01
7291,2024-12-01,2022-01-01
6487,2023-06-01,2023-06-01
6411,2022-06-01,2022-06-01
6094,2023-12-01,2021-02-01
5573,2023-09-01,2020-11-01
7207,2020-12-01,2020-12-01
1182,2025-02-01,2021-01-01
7144,2020-07-01,2020-07-01
7366,2023-05-01,2020-09-01
9509,2023-10-01,2023-10-01
9810,2024-10-01,2020-06-01
3390,2022-10-01,2021-11-01
3234,2025-01-01,2022-03-01
9038,2025-01-01,2020-02-01
4711,2023-03-01,2023-03-01
8962,2020-06-01,2020-02-01
1872,2022-10-01,2022-10-01
2053,2021-07-01,2021-07-01
9059,2023-01-01,2020-03-01
9533,2022-05-01,2022-05-01
9215,2022-06-01,2020-09-01
6401,2021-12-01,2020-11-01
6333,2021-09-01,2021-09-01
7543,2020-10-01,2020-10-01
7092,2021-06-01,2021-06-01
9231,2023-01-01,2023-01-01
1034,2025-01-01,2025-01-01
6526,2023-12-01,2023-12-01
3158,2024-04-01,2020-02-01
8847,2024-05-01,2020-04-01
5185,2025-01-01,2025-01-01
4519,2020-06-01,2020-06-01
3713,2021-02-01,2020-02-01
7735,2022-05-01,2021-04-01
6818,2020-04-01,2020-04-01
5148,2020-08-01,2020-02-01
5781,2020-01-01,2020-01-01
9357,2024-01-01,2021-12-01
8469,2022-02-01,2022-02-01
3249,2022-05-01,2020-11-01
2356,2021-06-01,2020-08-01
9645,2024-01-01,2021-02-01
1355,2021-12-01,2020-04-01
7128,2023-12-01,2020-12-01
4666,2023-11-01,2022-10-01
6234,2021-08-01,2021-01-01
5310,2022-05-01,2020-11-01
4044,2022-09-01,2022-09-01
8795,2021-04-01,2020-04-01
4355,2022-08-01,2021-04-01
1780,2022-08-01,2022-08-01
4394,2020-01-01,2020-01-01
1025,2021-06-01,2020-07-01
9280,2020-04-01,2020-04-01
9045,2022-03-01,2022-03-01
3475,2022-09-01,2022-09-01
9662,2021-08-01,2021-08-01
5841,2022-10-01,2022-10-01
6928,2021-05-01,2021-05-01
6468,2022-01-01,2021-02-01
1310,2020-04-01,2020-04-01
8032,2020-04-01,2020-04-01
5750,2022-05-01,2022-05-01
4174,2021-03-01,2021-03-01
8929,2023-12-01,2023-12-01
7001,2020-08-01,2020-08-01
8014,2024-04-01,2021-01-01
3509,2021-01-01,2021-01-01
2781,2024-07-01,2020-10-01
8467,2023-03-01,2023-03-01
8535,2024-12-01,2024-12-01
4919,2024-10-01,2022-11-01
1716,2020-01-01,2020-01-01
3068,2024-01-01,2020-07-01
2425,2025-02-01,2020-05-01
7737,2024-06-01,2020-12-01
3875,2023-11-01,2020-10-01
2416,2023-08-01,2022-03-01
6566,2025-04-01,2022-03-01
3384,2022-06-01,2020-03-01
6435,2022-02-01,2020-01-01
8485,2022-06-01,2020-02-01
4964,2024-07-01,2020-10-01
1941,2023-10-01,2023-04-01
6145,2022-02-01,2022-02-01
6836,2021-07-01,2021-07-01
8153,2024-09-01,2023-07-01
7983,2020-01-01,2020-01-01
8575,2022-05-01,2022-05-01
3913,2023-12-01,2022-03-01
2496,2022-09-01,2022-03-01
4319,2023-06-01,2020-01-01
6979,2023-03-01,2023-03-01
4762,2021-08-01,2021-08-01
1273,2021-09-01,2021-09-01
5466,2023-06-01,2020-09-01
6237,2021-11-01,2021-11-01
6420,2020-10-01,2020-10-01
8247,2021-11-01,2021-11-01
3380,2022-04-01,2022-04-01
9650,2020-09-01,2020-09-01
5446,2023-04-01,2023-01-01
5342,2021-06-01,2021-06-01
6477,2022-03-01,2020-11-01
6421,2021-08-01,2021-05-01
1402,2023-01-01,2023-01-01
5990,2020-04-01,2020-02-01
2061,2020-03-01,2020-03-01
9919,2022-11-01,2022-01-01
2614,2023-10-01,2020-06-01
4118,2024-03-01,2020-02-01
5060,2025-04-01,2021-01-01
4327,2024-04-01,2020-12-01
6172,2022-08-01,2021-02-01
5958,2020-02-01,2020-02-01
1867,2021-05-01,2021-05-01
5617,2024-07-01,2021-02-01
4822,2021-04-01,2020-07-01
1540,2023-05-01,2020-02-01
2571,2024-10-01,2022-11-01
5416,2021-12-01,2021-12-01
4013,2021-09-01,2021-09-01
3779,2020-11-01,2020-11-01
4669,2024-12-01,2020-11-01
8711,2023-06-01,2022-02-01
9832,2024-12-01,2024-06-01
2776,2022-07-01,2022-07-01
8281,2023-02-01,2023-02-01
2546,2021-05-01,2021-05-01
4878,2020-09-01,2020-09-01
4915,2020-06-01,2020-06-01
2133,2021-09-01,2020-03-01
6687,2020-01-01,2020-01-01
2375,2023-05-01,2023-05-01
9981,2023-09-01,2022-03-01
2206,2020-07-01,2020-07-01
7156,2025-01-01,2022-03-01
1457,2020-11-01,2020-11-01
5222,2023-07-01,2021-07-01
7319,2020-05-01,2020-05-01
5849,2024-11-01,2022-04-01
3445,2020-03-01,2020-03-01
4319,2021-02-01,2020-01-01
8652,2020-12-01,2020-12-01
7261,2021-07-01,2021-07-01
5275,2023-12-01,2022-06-01
8683,2020-07-01,2020-07-01
6248,2024-05-01,2024-05-01
3986,2025-02-01,2020-02-01
3623,2025-02-01,2022-07-01
7275,2024-06-01,2024-01-01
2987,2023-02-01,2020-12-01
1327,2020-08-01,2020-08-01
4609,2024-12-01,2021-03-01
2114,2024-07-01,2024-07-01
1057,2024-12-01,2021-06-01
8657,2020-02-01,2020-02-01
3227,2025-03-01,2023-03-01
3753,2021-09-01,2021-09-01
9583,2021-06-01,2021-06-01
9122,2023-12-01,2021-07-01
5547,2023-03-01,2020-08-01
3197,2024-04-01,2023-11-01
3120,2021-04-01,2021-04-01
2723,2020-07-01,2020-07-01
7573,2021-12-01,2021-12-01
9042,2021-09-01,2021-09-01
6209,2022-02-01,2022-02-01
7395,2020-12-01,2020-12-01
2836,2023-07-01,2023-07-01
3446,2021-06-01,2021-06-01
4353,2022-11-01,2020-01-01
8529,2020-03-01,2020-03-01
9694,2025-04-01,2020-09-01
3862,2023-03-01,2021-12-01
9126,2022-06-01,2020-12-01
8650,2022-02-01,2022-02-01
9600,2020-07-01,2020-07-01
4098,2024-04-01,2021-07-01
3141,2020-10-01,2020-10-01
9136,2021-11-01,2021-11-01
5622,2024-12-01,2023-02-01
4911,2021-11-01,2021-11-01
6457,2023-12-01,2021-10-01
4541,2022-03-01,2021-02-01
7334,2022-12-01,2020-11-01
8695,2023-09-01,2020-06-01
6745,2024-12-01,2024-12-01
2314,2022-02-01,2022-02-01
7225,2025-03-01,2020-10-01
3016,2022-08-01,2022-08-01
2833,2022-04-01,2020-12-01
7885,2020-05-01,2020-05-01
4099,2020-06-01,2020-06-01
1615,2020-10-01,2020-08-01
5019,2021-04-01,2021-04-01
4551,2023-09-01,2022-01-01
7444,2021-05-01,2020-01-01
8822,2022-02-01,2021-01-01
6397,2024-03-01,2021-11-01
7939,2020-02-01,2020-02-01
3224,2025-02-01,2020-05-01
9992,2020-03-01,2020-03-01
8865,2024-06-01,2024-06-01
4052,2023-05-01,2021-04-01
4227,2024-01-01,2020-09-01
3002,2021-06-01,2021-06-01
3706,2024-05-01,2024-05-01
4621,2020-01-01,2020-01-01
8538,2022-05-01,2020-07-01
1132,2023-12-01,2020-04-01
5536,2020-03-01,2020-03-01
7119,2020-01-01,2020-01-01
1908,2022-12-01,2021-02-01
9109,2020-01-01,2020-01-01
2292,2021-11-01,2020-05-01
2215,2023-12-01,2023-04-01
5935,2021-06-01,2021-06-01
6230,2022-11-01,2022-11-01
9239,2021-09-01,2021-09-01
2125,2023-04-01,2023-04-01
6762,2025-03-01,2020-12-01
3305,2024-01-01,2022-03-01
3587,2021-10-01,2020-12-01
9447,2020-07-01,2020-02-01
7234,2022-04-01,2022-04-01
8384,2020-06-01,2020-06-01
4054,2022-08-01,2022-07-01
4228,2024-02-01,2022-10-01
7667,2021-08-01,2021-08-01
1078,2023-11-01,2022-07-01
6167,2025-01-01,2021-02-01
5460,2023-02-01,2023-02-01
5466,2022-02-01,2020-09-01
1990,2023-05-01,2022-01-01
1256,2023-09-01,2021-09-01
8765,2023-07-01,2020-09-01
6714,2022-12-01,2022-12-01
3461,2022-03-01,2020-01-01
2749,2021-09-01,2020-07-01
9272,2024-04-01,2020-02-01
7810,2020-01-01,2020-01-01
2861,2020-01-01,2020-01-01
5020,2022-02-01,2020-10-01
4442,2021-02-01,2020-04-01
2270,2025-04-01,2024-06-01
9183,2020-06-01,2020-06-01
5908,2020-05-01,2020-05-01
1871,2022-10-01,2021-03-01
5690,2022-08-01,2020-01-01
3643,2024-05-01,2020-06-01
6477,2023-04-01,2020-11-01
7819,2020-08-01,2020-01-01
3914,2022-11-01,2021-06-01
6598,2025-03-01,2020-10-01
3779,2024-03-01,2020-11-01
5661,2020-02-01,2020-02-01
8287,2022-05-01,2020-08-01
4753,2021-09-01,2021-09-01
2016,2022-06-01,2020-01-01
6579,2022-06-01,2022-06-01
8737,2020-01-01,2020-01-01
1829,2024-07-01,2021-08-01
9609,2023-01-01,2023-01-01
1843,2023-02-01,2023-02-01
2775,2022-10-01,2020-08-01
3186,2020-06-01,2020-06-01
2399,2021-01-01,2021-01-01
3792,2024-02-01,2024-02-01
2748,2021-01-01,2020-03-01
2103,2024-10-01,2021-03-01
6528,2022-01-01,2022-01-01
2407,2020-10-01,2020-06-01
5420,2024-06-01,2020-06-01
4228,2024-02-01,2022-10-01
1202,2023-10-01,2020-01-01
2103,2022-05-01,2021-03-01
6234,2021-01-01,2021-01-01
2620,2022-02-01,2020-10-01
8756,2020-10-01,2020-07-01
1975,2021-07-01,2021-04-01
5981,2021-09-01,2021-09-01
2403,2023-09-01,2023-09-01
2681,2023-06-01,2023-06-01
5429,2021-08-01,2021-08-01
2804,2021-01-01,2020-06-01
4545,2022-07-01,2022-07-01
7500,2022-04-01,2021-08-01
4105,2020-01-01,2020-01-01
3759,2020-07-01,2020-07-01
1093,2023-11-01,2020-12-01
1500,2021-02-01,2020-06-01
1703,2021-12-01,2021-12-01
9291,2023-11-01,2023-10-01
6033,2024-02-01,2024-02-01
9413,2024-10-01,2024-10-01
7606,2024-08-01,2024-08-01
9908,2023-03-01,2020-12-01
3406,2021-02-01,2021-02-01
3041,2023-03-01,2022-10-01
8488,2025-02-01,2022-05-01
2667,2024-12-01,2024-12-01
5474,2020-05-01,2020-05-01
3027,2020-10-01,2020-06-01
4135,2022-04-01,2022-04-01
2862,2022-04-01,2022-04-01
2558,2023-08-01,2023-08-01
9476,2023-08-01,2020-09-01
4567,2024-02-01,2021-11-01
9742,2024-08-01,2022-11-01
5748,2024-10-01,2020-02-01
1202,2020-06-01,2020-01-01
5125,2024-03-01,2023-01-01
8808,2021-10-01,2021-10-01
4976,2020-08-01,2020-08-01
1164,2024-11-01,2022-01-01
5045,2024-05-01,2020-03-01
3603,2024-01-01,2021-06-01
8225,2024-02-01,2024-02-01
8767,2020-07-01,2020-07-01
3205,2023-01-01,2021-02-01
4242,2023-01-01,2023-01-01
9769,2020-05-01,2020-05-01
7989,2024-05-01,2020-07-01
5954,2024-06-01,2020-08-01
9179,2022-06-01,2020-11-01
2229,2021-09-01,2020-04-01
6538,2021-12-01,2021-12-01
1848,2024-09-01,2021-03-01
1586,2023-02-01,2023-02-01
2196,2023-11-01,2022-01-01
9078,2024-08-01,2021-03-01
5647,2024-09-01,2020-04-01
6646,2022-09-01,2021-02-01
6674,2023-03-01,2020-11-01
8157,2025-01-01,2022-10-01
9713,2020-06-01,2020-06-01
3914,2021-06-01,2021-06-01
4832,2021-08-01,2021-08-01
4035,2024-03-01,2024-03-01
2694,2022-09-01,2022-07-01
9376,2024-11-01,2021-09-01
4140,2023-08-01,2023-08-01
3726,2021-02-01,2021-02-01
9999,2022-11-01,2021-11-01
1349,2021-12-01,2021-12-01
1650,2024-02-01,2024-02-01
4805,2023-06-01,2023-06-01
4784,2024-12-01,2023-06-01
7016,2022-12-01,2022-12-01
2321,2021-04-01,2021-04-01
4065,2020-01-01,2020-01-01
4132,2024-07-01,2024-07-01
8660,2022-07-01,2021-06-01
1112,2025-01-01,2022-05-01
1054,2023-05-01,2023-05-01
1100,2024-11-01,2022-02-01
5874,2021-07-01,2021-04-01
7545,2021-07-01,2021-07-01
8472,2025-03-01,2021-03-01
7792,2021-07-01,2020-02-01
4894,2020-08-01,2020-08-01
6330,2020-05-01,2020-05-01
2195,2022-02-01,2021-03-01
5578,2022-10-01,2022-01-01
3806,2023-12-01,2020-04-01
6452,2025-01-01,2020-10-01
4095,2023-07-01,2023-07-01
6364,2022-06-01,2020-02-01
5819,2022-08-01,2021-09-01
4410,2022-02-01,2022-02-01
2797,2020-10-01,2020-10-01
2630,2024-07-01,2024-07-01
9157,2023-08-01,2023-08-01
4774,2023-10-01,2023-08-01
4758,2023-02-01,2023-02-01
1160,2021-07-01,2021-07-01
1498,2021-03-01,2021-03-01
4888,2025-01-01,2020-07-01
3304,2024-11-01,2020-04-01
7878,2021-01-01,2021-01-01
9230,2021-05-01,2021-01-01
1647,2024-11-01,2021-12-01
3826,2022-10-01,2022-10-01
2835,2023-12-01,2023-12-01
8231,2020-12-01,2020-12-01
4769,2021-03-01,2021-03-01
8260,2021-05-01,2021-05-01
6245,2022-12-01,2022-12-01
2156,2020-06-01,2020-06-01
6196,2022-03-01,2021-07-01
5000,2024-07-01,2020-06-01
4562,2023-03-01,2021-11-01
4372,2024-08-01,2021-04-01
1264,2024-09-01,2022-07-01
7598,2021-09-01,2021-09-01
1882,2020-05-01,2020-05-01
6477,2024-05-01,2020-11-01
5250,2024-11-01,2023-04-01
1438,2024-09-01,2023-09-01
2565,2024-03-01,2022-10-01
4988,2023-02-01,2023-02-01
9964,2021-12-01,2021-10-01
2518,2022-11-01,2022-08-01
3113,2020-05-01,2020-05-01
5989,2024-01-01,2022-08-01
1388,2023-11-01,2020-02-01
1746,2025-02-01,2020-01-01
7924,2024-05-01,2022-11-01
8710,2021-05-01,2021-05-01
4138,2021-05-01,2021-05-01
5612,2022-02-01,2020-01-01
8835,2021-05-01,2020-08-01
4434,2023-12-01,2022-05-01
5589,2023-05-01,2023-05-01
9119,2020-02-01,2020-02-01
4357,2022-04-01,2022-04-01
2711,2020-01-01,2020-01-01
2086,2024-10-01,2020-03-01
5820,2025-01-01,2020-07-01
2075,2021-12-01,2021-12-01
2810,2023-08-01,2023-08-01
6508,2022-04-01,2021-09-01
8458,2020-03-01,2020-03-01
1775,2020-07-01,2020-07-01
3095,2022-07-01,2022-07-01
6854,2022-07-01,2021-01-01
8606,2021-10-01,2020-01-01
9013,2023-03-01,2023-03-01
9564,2020-09-01,2020-09-01
9139,2022-10-01,2022-10-01
9046,2020-07-01,2020-07-01
8175,2020-10-01,2020-06-01
4567,2021-11-01,2021-11-01
2252,2024-09-01,2024-01-01
9798,2020-01-01,2020-01-01
4657,2024-09-01,2021-01-01
3633,2023-11-01,2023-11-01
8807,2024-09-01,2020-02-01
6918,2024-09-01,2024-09-01
6227,2023-02-01,2023-02-01
7715,2020-07-01,2020-07-01
8475,2021-11-01,2020-05-01
5596,2022-01-01,2022-01-01
1501,2020-03-01,2020-03-01
7598,2022-10-01,2021-09-01
1656,2020-06-01,2020-06-01
2752,2022-08-01,2021-10-01
6226,2024-02-01,2024-02-01
4157,2020-10-01,2020-05-01
9836,2025-02-01,2021-06-01
7411,2024-07-01,2022-09-01
6926,2022-04-01,2020-08-01
4132,2024-12-01,2024-07-01
3993,2025-03-01,2020-11-01
6180,2021-06-01,2021-06-01
4733,2023-10-01,2020-08-01
8472,2022-03-01,2021-03-01
8671,2025-04-01,2025-04-01
6818,2020-09-01,2020-04-01
5572,2020-03-01,2020-03-01
6674,2020-11-01,2020-11-01
6705,2025-02-01,2023-05-01
6236,2023-03-01,2020-08-01
8375,2022-05-01,2021-09-01
7769,2024-12-01,2022-02-01
9246,2022-12-01,2021-01-01
3699,2023-04-01,2020-09-01
3218,2023-03-01,2022-09-01
1512,2020-01-01,2020-01-01
3291,2020-09-01,2020-09-01
5542,2021-09-01,2020-01-01
6084,2023-06-01,2020-09-01
3044,2025-02-01,2021-06-01
7595,2022-03-01,2022-03-01
7013,2020-10-01,2020-10-01
1255,2021-07-01,2021-07-01
2552,2023-01-01,2022-03-01
6089,2021-03-01,2021-03-01
8921,2023-05-01,2020-06-01
5212,2023-10-01,2021-03-01
8100,2023-03-01,2021-12-01
5925,2022-05-01,2022-05-01
1971,2021-01-01,2021-01-01
9988,2020-04-01,2020-04-01
2883,2020-09-01,2020-09-01
9226,2023-01-01,2020-10-01
4783,2020-03-01,2020-03-01
8589,2021-09-01,2021-09-01
5673,2021-12-01,2021-12-01
1477,2020-08-01,2020-04-01
6045,2022-10-01,2021-12-01
7932,2020-02-01,2020-02-01
8911,2024-11-01,2020-01-01
1980,2023-02-01,2023-02-01
1934,2020-09-01,2020-09-01
9411,2022-06-01,2022-05-01
8246,2021-09-01,2020-11-01
9195,2023-08-01,2021-02-01
3338,2022-12-01,2022-01-01
3635,2020-07-01,2020-07-01
5628,2024-02-01,2022-03-01
2724,2022-08-01,2022-08-01
4139,2021-07-01,2021-07-01
7979,2024-05-01,2021-01-01
5015,2023-12-01,2021-05-01
5330,2020-06-01,2020-06-01
7208,2020-07-01,2020-07-01
9357,2021-12-01,2021-12-01
8597,2021-01-01,2021-01-01
8776,2021-11-01,2020-04-01
5443,2025-01-01,2025-01-01
5436,2024-06-01,2024-05-01
6801,2023-04-01,2023-04-01
8684,2021-10-01,2021-10-01
6416,2024-01-01,2021-06-01
6164,2023-02-01,2023-02-01
3536,2021-09-01,2020-12-01
6514,2025-03-01,2022-02-01
2088,2022-11-01,2022-11-01
3252,2022-12-01,2021-01-01
9008,2024-12-01,2020-11-01
7586,2024-04-01,2021-04-01
1864,2023-07-01,2022-10-01
3106,2020-11-01,2020-11-01
6067,2021-04-01,2020-06-01
7944,2024-04-01,2023-05-01
5003,2022-03-01,2020-04-01
4279,2020-12-01,2020-08-01
3229,2020-03-01,2020-03-01
2964,2023-09-01,2020-01-01
2780,2020-10-01,2020-10-01
6096,2021-04-01,2020-01-01
7768,2020-11-01,2020-11-01
9748,2023-01-01,2020-09-01
6154,2022-07-01,2022-07-01
9770,2023-07-01,2020-05-01
9682,2024-11-01,2023-03-01
7041,2023-07-01,2023-07-01
5418,2023-09-01,2020-04-01
6094,2021-02-01,2021-02-01
4137,2024-04-01,2024-04-01
7069,2023-05-01,2023-05-01
9375,2023-12-01,2023-12-01
6460,2023-11-01,2022-06-01
9322,2021-10-01,2020-02-01
1459,2023-02-01,2023-02-01
6179,2022-09-01,2022-09-01
9330,2020-03-01,2020-03-01
8390,2025-01-01,2025-01-01
5247,2020-05-01,2020-05-01
3154,2022-04-01,2022-04-01
8755,2025-04-01,2022-01-01
5146,2022-10-01,2022-05-01
7398,2023-06-01,2022-06-01
5018,2024-10-01,2022-08-01
5625,2023-10-01,2023-10-01
8123,2025-04-01,2020-02-01
9717,2022-07-01,2021-06-01
7392,2023-11-01,2022-01-01
3062,2021-03-01,2021-03-01
8495,2021-11-01,2020-10-01
4406,2020-09-01,2020-09-01
4733,2020-08-01,2020-08-01
6761,2023-10-01,2023-05-01
7223,2022-05-01,2022-05-01
3289,2021-09-01,2021-01-01
1399,2021-12-01,2021-12-01
5149,2023-05-01,2022-07-01
4245,2023-06-01,2021-04-01
2516,2020-03-01,2020-03-01
4646,2020-06-01,2020-02-01
5143,2023-10-01,2023-03-01
3348,2023-12-01,2020-02-01
6907,2022-08-01,2021-12-01
8813,2022-12-01,2021-09-01
7459,2021-12-01,2021-07-01
3157,2020-10-01,2020-05-01
4786,2023-11-01,2023-11-01
5868,2022-09-01,2022-09-01
9331,2022-05-01,2022-05-01
5381,2022-04-01,2020-05-01
6857,2024-03-01,2024-03-01
8002,2020-10-01,2020-10-01
5335,2021-07-01,2021-07-01
5301,2023-11-01,2023-11-01
6805,2023-10-01,2023-10-01
8477,2021-08-01,2020-10-01
3839,2021-02-01,2021-02-01
2789,2020-10-01,2020-10-01
3354,2023-03-01,2020-02-01
9668,2022-12-01,2021-06-01
5585,2022-10-01,2022-10-01
4494,2022-08-01,2020-11-01
7457,2024-07-01,2020-08-01
8795,2023-12-01,2020-04-01
7695,2020-07-01,2020-07-01
1498,2022-10-01,2021-03-01
1662,2022-07-01,2020-08-01
6510,2022-09-01,2020-02-01
2323,2020-10-01,2020-03-01
4791,2024-05-01,2020-09-01
1260,2023-07-01,2023-07-01
3150,2020-09-01,2020-09-01
3653,2023-10-01,2020-10-01
5783,2021-04-01,2021-04-01
6841,2022-10-01,2020-02-01
3209,2020-11-01,2020-11-01
9034,2024-03-01,2024-03-01
3991,2023-10-01,2023-03-01
6215,2020-04-01,2020-04-01
4755,2024-10-01,2024-10-01
4170,2022-09-01,2020-05-01
8216,2022-06-01,2022-06-01
7852,2024-05-01,2021-09-01
4065,2022-04-01,2020-01-01
2961,2020-12-01,2020-12-01
7215,2021-10-01,2020-10-01
3705,2023-02-01,2021-11-01
5118,2021-07-01,2020-07-01
9551,2022-07-01,2021-10-01
7269,2020-05-01,2020-05-01
4548,2022-08-01,2022-08-01
6917,2023-06-01,2023-06-01
5073,2020-10-01,2020-07-01
6834,2023-01-01,2022-05-01
4187,2021-08-01,2020-05-01
4636,2023-07-01,2020-09-01
6920,2022-09-01,2022-05-01
4433,2023-09-01,2023-09-01
8361,2025-03-01,2020-03-01
2727,2021-04-01,2021-04-01
8804,2022-06-01,2021-09-01
2403,2023-09-01,2023-09-01
6568,2023-03-01,2023-03-01
8436,2023-10-01,2021-04-01
1439,2022-03-01,2021-01-01
9914,2022-02-01,2022-02-01
1963,2021-03-01,2021-03-01
1450,2024-02-01,2022-07-01
8824,2021-01-01,2021-01-01
2986,2020-07-01,2020-07-01
6688,2024-12-01,2024-12-01
6297,2021-10-01,2021-10-01
3152,2024-09-01,2024-09-01
6371,2020-05-01,2020-05-01
9455,2020-02-01,2020-02-01
2883,2022-04-01,2020-09-01
1484,2024-07-01,2020-06-01
1225,2022-03-01,2020-12-01
9614,2020-03-01,2020-03-01
1049,2023-05-01,2023-05-01
2098,2022-12-01,2022-12-01
3773,2020-12-01,2020-12-01
5582,2020-11-01,2020-11-01
1393,2023-05-01,2022-09-01
9949,2020-04-01,2020-04-01
6727,2023-05-01,2022-04-01
6317,2023-12-01,2020-06-01
6539,2023-06-01,2023-06-01
6550,2020-05-01,2020-05-01
5975,2022-09-01,2022-03-01
8171,2022-10-01,2021-09-01
7403,2020-01-01,2020-01-01
7444,2020-01-01,2020-01-01
9219,2023-03-01,2023-03-01
2710,2024-02-01,2020-01-01
5719,2021-01-01,2021-01-01
1644,2021-02-01,2020-05-01
5430,2022-09-01,2022-05-01
1753,2021-11-01,2021-11-01
5247,2021-09-01,2020-05-01
2737,2021-07-01,2021-07-01
5272,2024-05-01,2024-05-01
4296,2020-05-01,2020-05-01
2746,2024-10-01,2024-10-01
7187,2021-08-01,2021-01-01
8235,2020-11-01,2020-04-01
7872,2024-04-01,2023-01-01
6896,2024-08-01,2021-03-01
5435,2022-04-01,2020-09-01
1894,2023-01-01,2020-11-01
8499,2021-11-01,2021-11-01
5746,2023-03-01,2023-03-01
8333,2020-06-01,2020-06-01
8373,2023-05-01,2023-05-01
4549,2023-12-01,2023-12-01
2187,2024-08-01,2024-08-01
4485,2022-03-01,2022-03-01
8064,2022-04-01,2022-04-01
9544,2021-08-01,2020-06-01
5044,2020-07-01,2020-07-01
9955,2020-05-01,2020-05-01
1044,2023-02-01,2023-02-01
4291,2021-04-01,2021-04-01
9338,2021-06-01,2021-06-01
7453,2022-05-01,2020-05-01
8079,2025-03-01,2021-06-01
3286,2020-10-01,2020-05-01
3605,2024-01-01,2024-01-01
6608,2022-10-01,2021-08-01
3309,2020-10-01,2020-10-01
4024,2022-09-01,2022-01-01
5082,2021-09-01,2021-01-01
6593,2022-05-01,2020-10-01
6716,2023-09-01,2020-02-01
7019,2021-12-01,2021-12-01
5996,2023-04-01,2023-04-01
7236,2023-09-01,2023-09-01
9841,2020-07-01,2020-05-01
6466,2022-04-01,2021-12-01
4487,2021-01-01,2021-01-01
1756,2023-04-01,2020-07-01
1505,2025-04-01,2022-04-01
2198,2023-08-01,2021-01-01
7646,2020-05-01,2020-05-01
3048,2022-10-01,2022-10-01
8105,2023-06-01,2023-06-01
5373,2023-09-01,2023-09-01
8271,2022-05-01,2020-04-01
1452,2020-08-01,2020-07-01
7982,2020-12-01,2020-04-01
5462,2024-02-01,2024-02-01
5554,2024-05-01,2020-05-01
8293,2020-06-01,2020-04-01
5551,2020-09-01,2020-03-01
8998,2022-04-01,2020-11-01
4227,2020-09-01,2020-09-01
2350,2021-06-01,2021-06-01
7251,2023-04-01,2020-06-01
8510,2023-06-01,2023-06-01
6861,2022-03-01,2022-03-01
9024,2024-08-01,2021-12-01
6325,2021-12-01,2021-05-01
9218,2024-01-01,2024-01-01
9577,2020-01-01,2020-01-01
9183,2022-08-01,2020-06-01
3790,2021-02-01,2021-02-01
4831,2022-09-01,2022-09-01
2783,2022-11-01,2021-03-01
9243,2024-04-01,2020-01-01
7852,2023-05-01,2021-09-01
3818,2022-01-01,2022-01-01
3234,2022-11-01,2022-03-01
9587,2021-11-01,2020-03-01
3009,2024-04-01,2020-09-01
1234,2023-10-01,2022-02-01
4467,2024-12-01,2020-08-01
1110,2022-06-01,2022-06-01
9379,2022-07-01,2022-07-01
7879,2025-02-01,2020-08-01
2164,2021-07-01,2021-07-01
5356,2021-04-01,2021-04-01
7223,2024-11-01,2022-05-01
6171,2023-09-01,2023-09-01
4779,2024-11-01,2020-06-01
7584,2021-09-01,2021-09-01
6080,2020-04-01,2020-04-01
7564,2022-02-01,2022-02-01
8374,2022-06-01,2022-06-01
7102,2022-10-01,2020-07-01
8094,2022-02-01,2022-02-01
8875,2023-08-01,2023-03-01
6780,2024-04-01,2020-07-01
6603,2024-12-01,2021-11-01
8139,2025-01-01,2025-01-01
4031,2021-05-01,2021-05-01
2016,2021-10-01,2020-01-01
9802,2022-04-01,2021-06-01
3201,2020-06-01,2020-06-01
8989,2024-03-01,2024-02-01
6907,2021-12-01,2021-12-01
3322,2023-11-01,2023-03-01
2261,2022-06-01,2022-06-01
6927,2020-02-01,2020-02-01
3788,2023-01-01,2021-07-01
8658,2020-12-01,2020-12-01
9621,2021-12-01,2021-12-01
5515,2024-10-01,2023-06-01
8847,2021-10-01,2020-04-01
8074,2020-10-01,2020-09-01
5026,2024-06-01,2020-06-01
5209,2020-04-01,2020-04-01
2457,2024-01-01,2022-01-01
4916,2020-11-01,2020-01-01
2294,2024-11-01,2022-08-01
9328,2020-11-01,2020-11-01
7561,2020-09-01,2020-09-01
9712,2024-07-01,2020-11-01
9161,2023-09-01,2020-04-01
5743,2021-01-01,2021-01-01
7433,2020-01-01,2020-01-01
5529,2021-11-01,2021-11-01
8495,2022-11-01,2020-10-01
8451,2020-01-01,2020-01-01
4459,2023-11-01,2021-08-01
9949,2024-01-01,2020-04-01
8475,2023-08-01,2020-05-01
4957,2021-12-01,2020-11-01
7950,2023-05-01,2021-06-01
5054,2022-03-01,2021-01-01
9890,2021-10-01,2021-10-01
6822,2022-06-01,2020-06-01
9801,2021-09-01,2021-09-01
2118,2024-02-01,2024-02-01
3307,2020-11-01,2020-11-01
7341,2022-02-01,2022-02-01
3009,2022-12-01,2020-09-01
2816,2023-08-01,2023-08-01
8080,2020-01-01,2020-01-01
6022,2022-06-01,2021-12-01
3754,2020-05-01,2020-05-01
9792,2022-06-01,2022-06-01
9605,2022-02-01,2020-04-01
8950,2024-04-01,2022-01-01
4133,2022-01-01,2022-01-01
1796,2024-10-01,2021-07-01
3148,2020-06-01,2020-06-01
2262,2024-03-01,2020-09-01
6125,2022-03-01,2022-03-01
3084,2021-06-01,2021-06-01
9847,2023-04-01,2020-06-01
3602,2021-01-01,2021-01-01
3034,2022-09-01,2022-07-01
2232,2022-09-01,2022-09-01
5489,2021-11-01,2021-01-01
7270,2022-12-01,2022-12-01
5434,2022-12-01,2021-08-01
3465,2020-01-01,2020-01-01
6514,2022-02-01,2022-02-01
4863,2021-03-01,2021-03-01
6780,2023-06-01,2020-07-01
5717,2020-11-01,2020-05-01
7279,2021-05-01,2021-05-01
9822,2023-09-01,2020-07-01
1237,2022-08-01,2022-08-01
9102,2025-04-01,2020-01-01
9635,2020-02-01,2020-02-01
5483,2020-05-01,2020-05-01
3312,2025-01-01,2020-01-01
5874,2021-04-01,2021-04-01
1807,2020-03-01,2020-03-01
1237,2024-10-01,2022-08-01
4479,2021-12-01,2020-03-01
4016,2024-04-01,2021-05-01
8628,2023-10-01,2020-02-01
5420,2024-06-01,2020-06-01
2409,2022-01-01,2022-01-01
1197,2021-10-01,2021-10-01
3849,2022-11-01,2022-11-01
4957,2020-11-01,2020-11-01
9011,2022-08-01,2020-02-01
4614,2020-05-01,2020-05-01
6622,2020-12-01,2020-12-01
2062,2025-02-01,2023-12-01
6848,2023-02-01,2021-04-01
6530,2022-12-01,2021-08-01
2748,2020-03-01,2020-03-01
3944,2020-02-01,2020-02-01
8012,2021-12-01,2020-06-01
5047,2021-05-01,2021-05-01
3089,2023-05-01,2021-06-01
8580,2025-01-01,2020-01-01
2130,2023-05-01,2023-05-01
2609,2022-12-01,2020-12-01
4646,2020-02-01,2020-02-01
1828,2024-07-01,2020-04-01
9840,2022-08-01,2020-09-01
6415,2023-08-01,2023-06-01
8314,2025-01-01,2025-01-01
2144,2023-05-01,2023-05-01
1711,2022-05-01,2022-05-01
2796,2021-10-01,2020-02-01
6679,2023-07-01,2020-11-01
6941,2022-01-01,2022-01-01
2434,2020-04-01,2020-04-01
2380,2023-07-01,2022-08-01
7904,2022-08-01,2021-09-01
3904,2024-11-01,2024-11-01
7415,2022-01-01,2021-09-01
6328,2022-02-01,2021-02-01
1063,2024-05-01,2020-06-01
4106,2023-01-01,2022-04-01
7427,2024-05-01,2021-09-01
4444,2024-06-01,2022-12-01
7855,2020-03-01,2020-03-01
3414,2024-04-01,2020-02-01
1122,2024-06-01,2024-06-01
3461,2020-01-01,2020-01-01
7520,2022-11-01,2020-11-01
6228,2023-08-01,2023-08-01
1769,2024-04-01,2022-09-01
8307,2024-08-01,2024-08-01
8903,2020-04-01,2020-04-01
4576,2025-02-01,2025-02-01
4572,2020-01-01,2020-01-01
1710,2020-03-01,2020-03-01
7930,2023-04-01,2023-04-01
6605,2020-03-01,2020-03-01
8796,2020-10-01,2020-10-01
5647,2020-04-01,2020-04-01
7769,2023-03-01,2022-02-01
6063,2021-08-01,2020-06-01
1455,2020-04-01,2020-04-01
7900,2022-11-01,2022-11-01
4011,2021-05-01,2021-05-01
6795,2023-01-01,2023-01-01
7768,2021-06-01,2020-11-01
5670,2023-06-01,2021-03-01
6475,2022-07-01,2020-11-01
4288,2023-04-01,2022-03-01
6121,2024-07-01,2024-07-01
2113,2020-12-01,2020-02-01
7003,2020-04-01,2020-04-01
9187,2024-12-01,2023-01-01
7334,2023-11-01,2020-11-01
6913,2021-05-01,2021-05-01
6360,2023-06-01,2021-02-01
1684,2022-12-01,2022-12-01
4746,2020-03-01,2020-03-01
6157,2021-08-01,2021-08-01
7474,2020-06-01,2020-06-01
5199,2023-03-01,2023-03-01
1142,2021-03-01,2021-03-01
3095,2023-11-01,2022-07-01
5351,2020-02-01,2020-02-01
7033,2021-10-01,2021-09-01
8424,2024-05-01,2024-05-01
8940,2020-01-01,2020-01-01
5473,2022-03-01,2021-04-01
8039,2023-05-01,2021-05-01
4029,2023-02-01,2023-02-01
1757,2022-04-01,2021-02-01
8973,2024-01-01,2024-01-01
3338,2022-08-01,2022-01-01
4281,2020-12-01,2020-06-01
6101,2025-04-01,2020-12-01
4116,2025-02-01,2021-06-01
7050,2021-01-01,2020-03-01
6007,2023-08-01,2022-02-01
5264,2022-08-01,2020-03-01
6380,2022-07-01,2022-07-01
9941,2023-12-01,2020-04-01
5817,2021-11-01,2021-11-01
8502,2020-08-01,2020-06-01
1824,2020-02-01,2020-02-01
9286,2023-10-01,2023-10-01
7541,2020-08-01,2020-08-01
7181,2021-08-01,2021-08-01
4636,2021-06-01,2020-09-01
1079,2021-10-01,2020-05-01
6067,2020-08-01,2020-06-01
9283,2023-12-01,2022-05-01
6832,2023-07-01,2023-07-01
9673,2020-05-01,2020-05-01
3961,2022-09-01,2022-09-01
7998,2022-03-01,2022-03-01
4020,2024-06-01,2022-08-01
3397,2021-06-01,2021-06-01
6364,2020-02-01,2020-02-01
8992,2020-12-01,2020-12-01
7764,2021-05-01,2021-05-01
3713,2021-04-01,2020-02-01
5431,2022-06-01,2022-06-01
4947,2022-09-01,2022-09-01
8052,2025-02-01,2020-05-01
1753,2023-11-01,2021-11-01
7329,2025-01-01,2023-08-01
7200,2021-03-01,2021-03-01
3765,2020-06-01,2020-06-01
7326,2021-09-01,2020-03-01
9518,2022-05-01,2020-02-01
3775,2020-04-01,2020-04-01
5174,2021-01-01,2021-01-01
6901,2020-11-01,2020-11-01
6308,2021-01-01,2021-01-01
4760,2020-05-01,2020-05-01
1770,2020-07-01,2020-07-01
4733,2023-06-01,2020-08-01
2662,2021-10-01,2021-10-01
1453,2020-10-01,2020-10-01
4123,2023-08-01,2023-08-01
2116,2021-10-01,2020-05-01
4333,2023-01-01,2023-01-01
5058,2021-03-01,2021-03-01
1038,2020-07-01,2020-07-01
3584,2021-09-01,2021-09-01
2257,2024-01-01,2024-01-01
9211,2022-11-01,2022-11-01
1509,2021-08-01,2021-08-01
4939,2024-04-01,2024-04-01
3488,2021-05-01,2020-04-01
4970,2024-03-01,2022-05-01
4552,2023-07-01,2022-09-01
1079,2020-10-01,2020-05-01
2303,2021-10-01,2021-01-01
4007,2022-01-01,2022-01-01
7986,2023-06-01,2023-06-01
2841,2021-11-01,2020-07-01
1297,2020-08-01,2020-08-01
2600,2022-12-01,2021-03-01
8961,2024-12-01,2022-08-01
1225,2020-12-01,2020-12-01
2723,2023-10-01,2020-07-01
2297,2021-02-01,2021-02-01
6615,2022-01-01,2021-03-01
3853,2025-01-01,2022-06-01
9676,2024-05-01,2022-06-01
9360,2023-01-01,2020-07-01
2863,2021-10-01,2021-10-01
6121,2025-02-01,2024-07-01
5988,2022-08-01,2022-08-01
2860,2022-12-01,2021-05-01
1959,2022-08-01,2021-10-01
8408,2024-11-01,2023-11-01
3304,2020-04-01,2020-04-01
1543,2022-06-01,2020-04-01
1763,2022-07-01,2022-07-01
9514,2022-02-01,2020-05-01
4311,2020-07-01,2020-07-01
2868,2022-06-01,2022-06-01
3748,2020-07-01,2020-07-01
1206,2022-11-01,2022-11-01
4517,2020-01-01,2020-01-01
2246,2020-05-01,2020-05-01
6739,2023-09-01,2021-09-01
7297,2024-04-01,2022-05-01
1703,2024-11-01,2021-12-01
4608,2024-01-01,2024-01-01
8656,2021-11-01,2020-06-01
5753,2020-07-01,2020-04-01
4524,2024-04-01,2022-10-01
9095,2024-02-01,2021-11-01
2367,2021-10-01,2021-10-01
2815,2025-04-01,2020-01-01
8672,2021-08-01,2021-08-01
9798,2020-01-01,2020-01-01
1115,2022-11-01,2021-04-01
6457,2022-01-01,2021-10-01
5203,2021-01-01,2021-01-01
8248,2023-02-01,2021-04-01
3795,2022-08-01,2021-03-01
5896,2023-01-01,2020-08-01
6537,2020-05-01,2020-05-01
5635,2022-10-01,2021-02-01
6914,2024-07-01,2020-10-01
9550,2024-12-01,2024-12-01
1993,2024-03-01,2022-03-01
8329,2021-06-01,2021-06-01
1043,2025-01-01,2020-06-01
6241,2020-01-01,2020-01-01
7764,2024-02-01,2021-05-01
2020,2023-09-01,2020-04-01
9260,2022-01-01,2022-01-01
9063,2022-12-01,2020-05-01
4722,2022-10-01,2022-10-01
8364,2020-11-01,2020-11-01
5818,2024-03-01,2024-03-01
9354,2020-09-01,2020-09-01
1127,2021-03-01,2021-03-01
8239,2020-02-01,2020-01-01
8253,2022-07-01,2020-10-01
3253,2022-07-01,2022-07-01
1422,2022-02-01,2021-02-01
9964,2023-01-01,2021-10-01
1178,2024-01-01,2022-10-01
3582,2020-04-01,2020-04-01
5188,2021-10-01,2020-07-01
7280,2020-02-01,2020-02-01
1647,2022-03-01,2021-12-01
5961,2021-06-01,2021-06-01
2052,2024-04-01,2021-05-01
5475,2022-04-01,2022-04-01
2272,2020-01-01,2020-01-01
1803,2023-10-01,2021-03-01
9859,2022-04-01,2022-04-01
8137,2023-02-01,2021-05-01
7644,2020-07-01,2020-06-01
2467,2020-10-01,2020-10-01
1917,2024-10-01,2020-06-01
1413,2021-04-01,2021-04-01
9896,2021-10-01,2021-10-01
9886,2025-04-01,2021-07-01
2973,2022-03-01,2022-03-01
2635,2023-02-01,2020-05-01
6493,2022-06-01,2021-02-01
7588,2020-12-01,2020-12-01
2166,2023-06-01,2022-10-01
3117,2024-02-01,2024-02-01
1474,2020-03-01,2020-03-01
3511,2024-02-01,2024-02-01
7916,2024-03-01,2020-11-01
8916,2024-05-01,2022-05-01
1657,2021-01-01,2021-01-01
4369,2024-05-01,2024-05-01
6734,2024-05-01,2021-01-01
8407,2022-06-01,2022-06-01
8215,2020-11-01,2020-11-01
6285,2022-01-01,2022-01-01
3437,2023-11-01,2021-12-01
3991,2023-03-01,2023-03-01
8770,2020-07-01,2020-07-01
9225,2023-11-01,2023-05-01
3808,2024-01-01,2024-01-01
4521,2023-01-01,2023-01-01
8743,2021-04-01,2021-04-01
1260,2024-01-01,2023-07-01
1491,2023-02-01,2021-11-01
4976,2020-08-01,2020-08-01
7941,2024-02-01,2021-10-01
9659,2024-03-01,2021-07-01
5688,2021-08-01,2021-08-01
3217,2022-08-01,2022-08-01
4809,2021-07-01,2021-03-01
6682,2022-10-01,2022-10-01
2268,2023-02-01,2021-01-01
7820,2021-08-01,2021-08-01
3720,2025-02-01,2025-02-01
8754,2024-09-01,2024-09-01
4844,2022-09-01,2022-09-01
7396,2023-09-01,2021-09-01
2709,2024-08-01,2024-06-01
5027,2025-04-01,2020-02-01
2911,2021-04-01,2021-04-01
2505,2022-12-01,2022-12-01
4215,2021-02-01,2020-05-01
6625,2025-01-01,2023-12-01
4469,2020-04-01,2020-04-01
7874,2024-07-01,2020-01-01
4194,2024-12-01,2023-08-01
5641,2021-04-01,2021-04-01
6948,2023-05-01,2023-05-01
6021,2024-05-01,2020-12-01
3413,2021-10-01,2021-10-01
8654,2025-03-01,2025-03-01
5341,2020-09-01,2020-09-01
6446,2023-04-01,2022-10-01
3731,2020-07-01,2020-07-01
9707,2020-10-01,2020-10-01
5919,2023-07-01,2021-07-01
2796,2022-10-01,2020-02-01
3644,2020-12-01,2020-12-01
7682,2024-10-01,2022-01-01
3844,2023-02-01,2022-05-01
7347,2020-05-01,2020-05-01
9210,2023-08-01,2023-08-01
5148,2024-12-01,2020-02-01
6295,2021-09-01,2021-09-01
9655,2023-06-01,2020-07-01
2937,2023-10-01,2023-05-01
2001,2023-05-01,2023-05-01
5277,2024-08-01,2022-07-01
2233,2023-09-01,2021-12-01
5554,2020-05-01,2020-05-01
3906,2020-06-01,2020-06-01
1798,2022-12-01,2020-05-01
3810,2025-01-01,2021-08-01
4220,2020-06-01,2020-06-01
9243,2020-01-01,2020-01-01
7627,2022-11-01,2021-11-01
8838,2025-03-01,2020-03-01
7290,2022-10-01,2021-07-01
4368,2020-02-01,2020-02-01
2163,2021-02-01,2021-02-01
7811,2020-10-01,2020-10-01
7377,2022-03-01,2022-03-01
7186,2024-12-01,2023-05-01
7770,2020-11-01,2020-11-01
6071,2023-08-01,2020-01-01
2046,2022-02-01,2022-02-01
1605,2020-08-01,2020-08-01
7958,2023-10-01,2021-12-01
8172,2021-10-01,2021-10-01
1147,2021-06-01,2020-10-01
6217,2020-01-01,2020-01-01
4129,2022-09-01,2020-04-01
1026,2024-06-01,2024-06-01
4067,2021-11-01,2021-11-01
3704,2023-09-01,2020-06-01
9865,2024-01-01,2024-01-01
4716,2020-10-01,2020-10-01
3828,2021-08-01,2021-07-01
2309,2024-07-01,2021-01-01
9978,2022-07-01,2022-07-01
1601,2024-10-01,2020-12-01
7472,2020-12-01,2020-12-01
8416,2023-07-01,2020-01-01
3685,2020-03-01,2020-03-01
2105,2022-12-01,2022-12-01
5418,2021-04-01,2020-04-01
1226,2020-02-01,2020-02-01
9000,2024-04-01,2022-02-01
9736,2020-06-01,2020-06-01
6799,2022-08-01,2022-08-01
9500,2021-11-01,2021-07-01
5477,2023-03-01,2023-03-01
8709,2023-07-01,2023-01-01
9024,2021-12-01,2021-12-01
9254,2023-08-01,2021-02-01
1470,2022-02-01,2022-02-01
8829,2023-07-01,2023-06-01
9759,2025-04-01,2023-11-01
7388,2021-08-01,2021-08-01
8684,2024-10-01,2021-10-01
2633,2021-09-01,2021-03-01
4578,2022-01-01,2021-07-01
9773,2022-07-01,2021-02-01
5599,2024-09-01,2024-09-01
1912,2023-12-01,2023-12-01
8104,2024-07-01,2024-07-01
9695,2020-06-01,2020-06-01
7714,2020-08-01,2020-07-01
7971,2020-07-01,2020-05-01
7867,2020-05-01,2020-05-01
8667,2022-05-01,2021-03-01
1280,2024-01-01,2024-01-01
2341,2021-08-01,2021-08-01
1932,2023-07-01,2023-07-01
3122,2022-04-01,2022-04-01
3240,2024-07-01,2021-09-01
5681,2020-10-01,2020-10-01
1382,2023-03-01,2020-11-01
5545,2020-12-01,2020-12-01
1997,2020-04-01,2020-04-01
4836,2023-12-01,2021-09-01
4938,2021-10-01,2021-10-01
5000,2023-03-01,2020-06-01
6420,2023-06-01,2020-10-01
7837,2022-11-01,2022-11-01
6287,2022-02-01,2022-02-01
8960,2022-11-01,2021-04-01
6777,2020-06-01,2020-04-01
3534,2021-05-01,2021-05-01
3794,2021-05-01,2021-05-01
5758,2025-01-01,2020-03-01
1841,2022-02-01,2022-02-01
6318,2024-04-01,2020-02-01
8869,2025-03-01,2022-11-01
3869,2023-01-01,2020-02-01
8014,2023-02-01,2021-01-01
4424,2021-06-01,2020-01-01
9132,2021-07-01,2021-07-01
1864,2022-10-01,2022-10-01
9470,2024-06-01,2020-02-01
8170,2024-09-01,2021-06-01
5296,2022-09-01,2022-09-01
2345,2021-11-01,2021-04-01
3351,2024-03-01,2024-03-01
6240,2022-10-01,2022-10-01
4627,2024-03-01,2020-11-01
6582,2020-12-01,2020-09-01
8898,2021-07-01,2021-07-01
6467,2021-05-01,2020-05-01
7835,2022-11-01,2020-10-01
8116,2020-09-01,2020-09-01
5442,2023-06-01,2023-06-01
3305,2022-03-01,2022-03-01
4350,2021-10-01,2021-09-01
2248,2024-04-01,2024-04-01
9162,2020-02-01,2020-02-01
8353,2024-01-01,2020-06-01
7265,2020-01-01,2020-01-01
4089,2020-05-01,2020-01-01
9316,2024-05-01,2023-09-01
2080,2023-12-01,2020-03-01
1790,2020-08-01,2020-08-01
4791,2020-09-01,2020-09-01
5782,2023-03-01,2020-06-01
5937,2023-08-01,2021-09-01
8043,2021-03-01,2021-03-01
1260,2024-11-01,2023-07-01
2428,2020-09-01,2020-09-01
9852,2022-10-01,2020-05-01
2094,2022-11-01,2021-11-01
7807,2022-08-01,2021-03-01
7769,2023-10-01,2022-02-01
8598,2023-08-01,2020-02-01
6604,2020-10-01,2020-10-01
7184,2021-05-01,2021-05-01
5895,2022-02-01,2022-01-01
4408,2024-05-01,2024-05-01
2815,2020-01-01,2020-01-01
5097,2022-07-01,2022-07-01
2819,2023-02-01,2023-02-01
3289,2024-07-01,2021-01-01
6163,2023-10-01,2023-10-01
1807,2023-10-01,2020-03-01
3216,2022-05-01,2022-05-01
4089,2021-02-01,2020-01-01
4371,2021-11-01,2020-08-01
2144,2024-11-01,2023-05-01
9520,2022-03-01,2021-10-01
1466,2023-02-01,2023-02-01
7168,2024-12-01,2024-05-01
3271,2021-10-01,2021-10-01
1232,2022-02-01,2021-05-01
2738,2022-08-01,2022-08-01
5865,2020-10-01,2020-10-01
8823,2020-12-01,2020-12-01
7882,2021-11-01,2021-03-01
5008,2024-10-01,2020-12-01
3225,2023-11-01,2020-02-01
8431,2022-08-01,2022-05-01
5618,2023-12-01,2022-06-01
6360,2022-11-01,2021-02-01
6650,2023-03-01,2023-03-01
3583,2023-07-01,2020-05-01
9310,2022-05-01,2020-01-01
8570,2021-08-01,2021-08-01
7131,2021-09-01,2020-08-01
5333,2024-09-01,2020-08-01
2386,2021-05-01,2020-06-01
5917,2024-07-01,2024-07-01
2352,2022-03-01,2021-08-01
6469,2023-06-01,2023-06-01
5526,2024-02-01,2020-04-01
5803,2020-06-01,2020-06-01
5119,2022-06-01,2021-09-01
4903,2021-07-01,2021-07-01
1494,2025-04-01,2022-08-01
3783,2023-04-01,2022-11-01
9623,2020-01-01,2020-01-01
6987,2023-09-01,2020-07-01
1152,2021-09-01,2021-09-01
8699,2021-05-01,2021-04-01
6679,2024-02-01,2020-11-01
5935,2022-09-01,2021-06-01
4743,2022-10-01,2022-10-01
6631,2022-09-01,2022-07-01
3100,2021-09-01,2021-09-01
1456,2020-09-01,2020-09-01
6072,2021-06-01,2021-06-01
8922,2022-10-01,2022-10-01
9114,2020-12-01,2020-12-01
7936,2023-10-01,2023-10-01
2734,2022-11-01,2020-01-01
5883,2020-07-01,2020-07-01
3089,2023-11-01,2021-06-01
2438,2020-10-01,2020-10-01
6735,2020-10-01,2020-10-01
8992,2024-04-01,2020-12-01
3935,2024-03-01,2020-07-01
4296,2025-03-01,2020-05-01
7547,2020-04-01,2020-04-01
6545,2024-01-01,2024-01-01
1855,2022-11-01,2022-11-01
9537,2025-04-01,2024-03-01
6693,2020-06-01,2020-06-01
2799,2021-12-01,2020-10-01
7813,2020-03-01,2020-03-01
7903,2023-02-01,2020-02-01
5940,2023-10-01,2021-06-01
4924,2023-10-01,2020-11-01
4915,2020-12-01,2020-06-01
1231,2022-09-01,2021-01-01
6137,2022-10-01,2022-10-01
2909,2022-02-01,2021-06-01
4589,2020-03-01,2020-03-01
7804,2022-08-01,2022-03-01
3157,2020-05-01,2020-05-01
2222,2020-08-01,2020-08-01
7470,2025-01-01,2023-12-01
3107,2021-06-01,2021-06-01
8039,2021-05-01,2021-05-01
6110,2020-10-01,2020-10-01
7354,2021-04-01,2021-04-01
5983,2021-05-01,2021-05-01
9314,2021-09-01,2021-01-01
4247,2023-02-01,2023-02-01
4677,2024-11-01,2024-03-01
9104,2023-07-01,2022-01-01
4356,2024-04-01,2024-04-01
3956,2023-01-01,2020-07-01
2287,2020-08-01,2020-08-01
4851,2020-01-01,2020-01-01
3197,2023-11-01,2023-11-01
1163,2021-06-01,2021-06-01
4339,2020-12-01,2020-12-01
2482,2022-07-01,2022-07-01
7967,2024-11-01,2020-07-01
1278,2021-10-01,2021-01-01
6667,2021-02-01,2021-02-01
1072,2020-01-01,2020-01-01
3847,2021-10-01,2021-10-01
4089,2024-07-01,2020-01-01
4376,2021-04-01,2021-04-01
9033,2021-09-01,2021-09-01
5740,2023-03-01,2021-05-01
9533,2024-10-01,2022-05-01
1030,2025-02-01,2022-11-01
1578,2021-06-01,2021-06-01
3610,2021-04-01,2021-04-01
4571,2022-08-01,2022-08-01
9581,2023-01-01,2023-01-01
5990,2021-07-01,2020-02-01
4391,2020-07-01,2020-07-01
3086,2021-04-01,2021-04-01
6595,2022-06-01,2022-06-01
2899,2024-01-01,2021-08-01
3478,2022-05-01,2022-05-01
9848,2023-01-01,2023-01-01
6398,2023-08-01,2020-05-01
3273,2020-08-01,2020-03-01
6486,2024-04-01,2020-04-01
2049,2021-05-01,2021-05-01
3680,2025-03-01,2025-03-01
8645,2023-07-01,2020-02-01
1491,2022-04-01,2021-11-01
7411,2024-11-01,2022-09-01
4744,2022-12-01,2021-08-01
5976,2021-12-01,2021-12-01
2206,2020-08-01,2020-07-01
7785,2020-05-01,2020-05-01
9444,2020-12-01,2020-12-01
4153,2023-07-01,2020-02-01
9050,2024-09-01,2022-01-01
3834,2020-04-01,2020-04-01
5556,2023-07-01,2023-07-01
4685,2021-08-01,2021-08-01
6653,2023-01-01,2023-01-01
2763,2021-06-01,2021-06-01
5111,2024-11-01,2021-01-01
8343,2021-01-01,2021-01-01
7792,2020-02-01,2020-02-01
6608,2022-04-01,2021-08-01
5088,2024-05-01,2024-05-01
9213,2024-10-01,2024-10-01
8472,2021-12-01,2021-03-01
7521,2023-08-01,2020-01-01
5785,2024-06-01,2020-12-01
2183,2021-09-01,2021-09-01
9279,2024-03-01,2021-09-01
3772,2022-10-01,2022-10-01
2209,2023-10-01,2022-08-01
8648,2020-08-01,2020-08-01
5394,2020-03-01,2020-03-01
7552,2020-02-01,2020-02-01
6767,2024-03-01,2020-12-01
3255,2024-06-01,2020-02-01
3193,2020-03-01,2020-03-01
2778,2021-06-01,2021-06-01
6370,2021-12-01,2021-12-01
1388,2023-01-01,2020-02-01
5995,2022-11-01,2021-09-01
5857,2021-05-01,2020-01-01
5194,2022-11-01,2021-06-01
8504,2024-08-01,2021-02-01
7473,2021-04-01,2021-04-01
9885,2023-02-01,2023-02-01
6623,2020-03-01,2020-03-01
1556,2023-01-01,2023-01-01
2481,2023-02-01,2022-08-01
6679,2021-01-01,2020-11-01
8267,2021-08-01,2020-06-01
4412,2024-05-01,2023-02-01
6973,2024-01-01,2024-01-01
4084,2022-11-01,2022-11-01
2917,2023-03-01,2023-03-01
2424,2023-11-01,2021-05-01
1502,2024-05-01,2023-01-01
6360,2021-02-01,2021-02-01
1562,2020-06-01,2020-03-01
9763,2022-08-01,2020-03-01
3225,2020-02-01,2020-02-01
1476,2023-01-01,2020-11-01
4517,2020-03-01,2020-01-01
2641,2021-02-01,2021-02-01
1186,2024-12-01,2024-11-01
7994,2023-12-01,2022-12-01
8022,2021-07-01,2021-07-01
3685,2023-02-01,2020-03-01
8271,2021-06-01,2020-04-01
9245,2021-09-01,2021-04-01
6924,2024-06-01,2023-10-01
8536,2020-01-01,2020-01-01
1041,2021-11-01,2021-11-01
6340,2020-06-01,2020-06-01
4175,2021-02-01,2021-02-01
8836,2020-03-01,2020-03-01
7407,2022-12-01,2022-02-01
4997,2022-04-01,2022-04-01
1092,2020-03-01,2020-03-01
6598,2020-10-01,2020-10-01
9727,2023-04-01,2021-05-01
1820,2023-05-01,2021-10-01
9234,2024-07-01,2020-03-01
1952,2024-03-01,2020-09-01
4479,2022-07-01,2020-03-01
3885,2021-11-01,2020-11-01
3093,2023-01-01,2022-09-01
9329,2021-10-01,2021-10-01
1535,2022-03-01,2020-04-01
1847,2022-08-01,2022-08-01
5814,2024-01-01,2024-01-01
8648,2025-04-01,2020-08-01
1669,2022-11-01,2021-07-01
1910,2024-06-01,2024-06-01
8385,2020-05-01,2020-05-01
6246,2023-04-01,2023-04-01
4797,2025-04-01,2020-01-01
9128,2023-01-01,2023-01-01
4800,2023-09-01,2020-08-01
1531,2021-09-01,2020-07-01
2714,2022-04-01,2022-04-01
9702,2024-07-01,2023-12-01
7192,2021-05-01,2021-05-01
4588,2022-04-01,2022-04-01
1217,2024-02-01,2020-02-01
9872,2020-07-01,2020-07-01
3869,2021-10-01,2020-02-01
2696,2021-05-01,2020-02-01
1685,2023-08-01,2022-10-01
5918,2023-03-01,2022-02-01
5813,2023-04-01,2020-11-01
5631,2023-06-01,2020-12-01
6136,2024-10-01,2022-12-01
1595,2023-07-01,2020-02-01
3285,2021-04-01,2020-08-01
8334,2023-11-01,2023-11-01
7376,2023-09-01,2023-09-01
7344,2024-10-01,2024-10-01
9578,2021-11-01,2020-07-01
2163,2022-07-01,2021-02-01
1273,2023-08-01,2021-09-01
8706,2025-03-01,2025-03-01
8555,2021-02-01,2021-02-01
4185,2022-01-01,2020-07-01
9364,2022-10-01,2021-03-01
3639,2021-09-01,2020-01-01
4350,2021-09-01,2021-09-01
8335,2022-03-01,2021-09-01
7305,2020-10-01,2020-10-01
9352,2022-06-01,2022-06-01
8731,2023-09-01,2021-03-01
2308,2025-02-01,2025-02-01
4644,2022-02-01,2022-02-01
2272,2020-12-01,2020-01-01
7798,2022-07-01,2020-08-01
8357,2021-06-01,2021-02-01
9082,2021-09-01,2020-03-01
3208,2021-05-01,2021-05-01
1967,2020-11-01,2020-11-01
8273,2024-02-01,2020-12-01
5420,2020-06-01,2020-06-01
4042,2020-07-01,2020-07-01
4427,2020-12-01,2020-12-01
8174,2020-06-01,2020-06-01
2814,2024-01-01,2022-10-01
3781,2021-04-01,2021-04-01
8735,2022-03-01,2022-03-01
7193,2020-04-01,2020-04-01
2050,2023-12-01,2023-12-01
5617,2024-05-01,2021-02-01
8809,2020-01-01,2020-01-01
6955,2024-08-01,2024-02-01
6065,2024-08-01,2024-08-01
6839,2023-05-01,2023-05-01
8264,2024-08-01,2020-10-01
9490,2023-10-01,2023-10-01
3285,2024-01-01,2020-08-01
1795,2021-09-01,2021-09-01
6985,2023-03-01,2023-03-01
2838,2023-04-01,2023-04-01
8804,2022-10-01,2021-09-01
9903,2020-04-01,2020-04-01
6239,2021-11-01,2020-09-01
7888,2020-02-01,2020-02-01
7033,2021-09-01,2021-09-01
9717,2021-06-01,2021-06-01
9922,2024-11-01,2020-08-01
4432,2021-07-01,2020-02-01
4659,2023-10-01,2023-10-01
1991,2022-03-01,2022-03-01
6243,2022-04-01,2021-01-01
1845,2023-06-01,2022-03-01
5902,2023-02-01,2022-02-01
7173,2022-11-01,2022-11-01
4384,2025-03-01,2022-08-01
3469,2022-05-01,2021-05-01
6891,2024-06-01,2024-06-01
8406,2020-09-01,2020-09-01
6190,2024-06-01,2022-08-01
8708,2023-11-01,2020-06-01
3186,2020-07-01,2020-06-01
9911,2024-01-01,2024-01-01
4318,2021-11-01,2021-11-01
3381,2021-02-01,2020-01-01
2803,2025-04-01,2025-04-01
7384,2023-02-01,2023-02-01
9376,2022-03-01,2021-09-01
8580,2025-01-01,2020-01-01
8887,2020-04-01,2020-04-01
4532,2024-09-01,2021-03-01
4426,2022-06-01,2021-03-01
5572,2023-03-01,2020-03-01
4037,2024-03-01,2022-04-01
4100,2020-12-01,2020-12-01
3539,2020-06-01,2020-06-01
5596,2023-07-01,2022-01-01
3878,2022-02-01,2021-09-01
4652,2020-09-01,2020-09-01
1015,2020-12-01,2020-12-01
4038,2022-08-01,2022-08-01
5107,2024-01-01,2022-12-01
9221,2024-06-01,2022-02-01
7030,2024-01-01,2021-12-01
3690,2022-07-01,2020-09-01
4916,2020-01-01,2020-01-01
1838,2020-09-01,2020-09-01
7591,2025-04-01,2021-04-01
3597,2021-04-01,2021-04-01
8779,2022-11-01,2022-11-01
5960,2021-01-01,2021-01-01
6052,2022-12-01,2022-12-01
9956,2023-06-01,2021-03-01
8258,2024-08-01,2022-02-01
8154,2021-06-01,2020-04-01
4189,2024-11-01,2022-03-01
7007,2024-12-01,2020-03-01
3828,2021-07-01,2021-07-01
9785,2023-10-01,2023-10-01
4445,2020-04-01,2020-02-01
1828,2023-12-01,2020-04-01
9818,2020-08-01,2020-08-01
3785,2020-07-01,2020-07-01
8198,2020-10-01,2020-10-01
5742,2021-12-01,2020-03-01
4497,2022-10-01,2020-10-01
7498,2023-07-01,2023-07-01
5808,2022-01-01,2022-01-01
8685,2020-02-01,2020-02-01
3494,2021-03-01,2021-03-01
4860,2023-09-01,2023-09-01
7639,2020-02-01,2020-02-01
9447,2020-02-01,2020-02-01
9185,2022-03-01,2021-05-01
2479,2023-05-01,2022-04-01
5163,2021-08-01,2020-08-01
4646,2020-07-01,2020-02-01
1566,2024-07-01,2024-07-01
2000,2022-08-01,2022-08-01
2604,2022-10-01,2021-08-01
7149,2022-07-01,2020-01-01
9587,2020-03-01,2020-03-01
6013,2023-04-01,2023-04-01
9739,2020-05-01,2020-05-01
7199,2022-07-01,2021-02-01
6767,2020-12-01,2020-12-01
1030,2022-11-01,2022-11-01
7995,2023-03-01,2021-12-01
7792,2024-10-01,2020-02-01
1985,2020-10-01,2020-10-01
1100,2023-02-01,2022-02-01
1288,2023-05-01,2023-05-01
5290,2021-06-01,2020-11-01
4264,2022-11-01,2022-11-01
2735,2022-12-01,2022-12-01
7221,2024-11-01,2021-06-01
6116,2021-12-01,2020-10-01
7822,2024-07-01,2020-07-01
9940,2025-04-01,2025-01-01
8710,2024-07-01,2021-05-01
3416,2024-03-01,2020-03-01
6720,2021-09-01,2021-09-01
5486,2024-01-01,2020-12-01
9598,2024-04-01,2020-04-01
5359,2020-09-01,2020-09-01
8551,2020-06-01,2020-06-01
1250,2024-11-01,2024-11-01
9451,2021-08-01,2021-08-01
4995,2023-03-01,2023-03-01
6669,2023-10-01,2023-10-01
1498,2023-06-01,2021-03-01
8282,2020-08-01,2020-08-01
6567,2024-04-01,2023-08-01
4263,2020-10-01,2020-02-01
2320,2020-02-01,2020-02-01
6190,2023-11-01,2022-08-01
2081,2020-06-01,2020-06-01
3717,2023-05-01,2020-04-01
3912,2024-01-01,2024-01-01
9317,2022-02-01,2020-06-01
2183,2022-04-01,2021-09-01
3965,2020-02-01,2020-02-01
6803,2023-07-01,2023-07-01
7430,2024-06-01,2024-06-01
3587,2022-07-01,2020-12-01
3723,2021-11-01,2021-03-01
6367,2024-03-01,2020-10-01
4735,2021-09-01,2021-09-01
5563,2023-11-01,2021-05-01
2038,2020-03-01,2020-03-01
5838,2020-06-01,2020-06-01
3765,2022-02-01,2020-06-01
3758,2022-11-01,2022-11-01
7511,2023-04-01,2022-02-01
4774,2023-08-01,2023-08-01
5844,2022-08-01,2020-12-01
4800,2020-08-01,2020-08-01
6812,2023-01-01,2021-06-01
5358,2021-08-01,2020-11-01
6838,2024-03-01,2022-08-01
4130,2025-04-01,2020-02-01
9564,2021-12-01,2020-09-01
2573,2021-09-01,2021-02-01
5027,2024-10-01,2020-02-01
1766,2023-01-01,2023-01-01
6450,2020-06-01,2020-06-01
9374,2023-09-01,2023-09-01
2733,2025-01-01,2023-09-01
6160,2024-12-01,2020-05-01
4463,2020-01-01,2020-01-01
2716,2023-04-01,2022-11-01
8918,2022-02-01,2020-01-01
8709,2023-01-01,2023-01-01
2756,2024-02-01,2022-08-01
3045,2024-05-01,2024-02-01
1161,2024-12-01,2024-12-01
5197,2021-09-01,2021-09-01
9259,2020-05-01,2020-05-01
7490,2020-02-01,2020-02-01
4409,2023-11-01,2021-08-01
7199,2021-02-01,2021-02-01
8249,2024-11-01,2024-11-01
7200,2023-07-01,2021-03-01
8699,2021-04-01,2021-04-01
1109,2023-04-01,2023-04-01
1025,2020-07-01,2020-07-01
4452,2021-10-01,2021-10-01
6825,2021-05-01,2021-05-01
9740,2020-05-01,2020-05-01
5620,2022-12-01,2022-12-01
5047,2023-09-01,2021-05-01
7588,2024-02-01,2020-12-01
6383,2023-12-01,2021-01-01
7118,2022-05-01,2020-06-01
7860,2022-01-01,2021-04-01
1840,2021-01-01,2021-01-01
2616,2023-01-01,2020-05-01
8698,2023-01-01,2021-09-01
6162,2022-03-01,2022-03-01
2098,2023-11-01,2022-12-01
8986,2024-03-01,2024-03-01
3567,2020-11-01,2020-11-01
4768,2022-03-01,2022-03-01
1187,2024-11-01,2020-02-01
6863,2022-03-01,2022-03-01
3222,2021-03-01,2021-03-01
1684,2023-07-01,2022-12-01
6664,2022-05-01,2022-05-01
8667,2021-03-01,2021-03-01
1494,2022-08-01,2022-08-01
9009,2021-03-01,2021-03-01
8459,2020-10-01,2020-10-01
9019,2020-02-01,2020-02-01
8365,2023-09-01,2021-06-01
5513,2022-10-01,2022-03-01
1652,2021-09-01,2021-09-01
8517,2025-04-01,2022-04-01
6079,2020-04-01,2020-04-01
6511,2021-02-01,2021-02-01
4817,2020-05-01,2020-05-01
1513,2021-08-01,2020-12-01
5109,2021-11-01,2021-11-01
4368,2023-05-01,2020-02-01
9870,2020-05-01,2020-03-01
2582,2023-07-01,2023-07-01
1330,2023-06-01,2023-06-01
9141,2021-09-01,2020-03-01
8033,2021-06-01,2021-06-01
4515,2020-07-01,2020-07-01
3646,2020-01-01,2020-01-01
9238,2022-06-01,2021-03-01
8476,2024-09-01,2021-06-01
7952,2024-12-01,2024-12-01
2652,2020-07-01,2020-07-01
8579,2020-09-01,2020-09-01
5050,2021-08-01,2021-08-01
2945,2023-01-01,2020-12-01
6436,2020-05-01,2020-05-01
7874,2023-02-01,2020-01-01
3382,2020-12-01,2020-12-01
3618,2020-01-01,2020-01-01
3352,2022-10-01,2022-10-01
2927,2020-07-01,2020-07-01
9749,2021-02-01,2021-02-01
3696,2023-01-01,2023-01-01
2048,2023-07-01,2020-08-01
1423,2022-06-01,2020-11-01
2637,2021-10-01,2021-10-01
6484,2020-02-01,2020-02-01
8621,2023-06-01,2021-01-01
5556,2024-02-01,2023-07-01
4329,2022-03-01,2022-03-01
7036,2023-01-01,2021-01-01
1357,2020-02-01,2020-02-01
8130,2020-08-01,2020-08-01
5182,2024-07-01,2020-07-01
5439,2024-03-01,2024-03-01
1078,2024-11-01,2022-07-01
5452,2022-03-01,2022-02-01
7055,2024-06-01,2023-10-01
4906,2021-02-01,2021-02-01
1834,2020-11-01,2020-11-01
1661,2025-01-01,2023-05-01
8967,2023-11-01,2020-05-01
9586,2025-02-01,2021-12-01
9246,2021-02-01,2021-01-01
6005,2024-09-01,2022-07-01
5380,2020-09-01,2020-09-01
8953,2024-12-01,2023-05-01
3444,2021-06-01,2021-06-01
2882,2024-10-01,2020-02-01
8871,2020-11-01,2020-11-01
7682,2022-01-01,2022-01-01
5519,2022-09-01,2020-08-01
9335,2021-01-01,2020-07-01
4987,2025-04-01,2021-10-01
2096,2020-04-01,2020-04-01
6285,2025-01-01,2022-01-01
3340,2021-12-01,2021-12-01
1903,2020-09-01,2020-02-01
9119,2023-11-01,2020-02-01
6305,2023-10-01,2022-10-01
1033,2025-03-01,2021-03-01
8790,2022-09-01,2022-09-01
1328,2020-11-01,2020-11-01
6737,2022-09-01,2021-07-01
1765,2025-03-01,2025-03-01
2631,2022-11-01,2022-11-01
9097,2022-11-01,2022-11-01
8869,2022-11-01,2022-11-01
8173,2021-05-01,2021-05-01
8338,2024-02-01,2024-02-01
8679,2024-07-01,2021-02-01
4489,2024-07-01,2023-08-01
1151,2023-10-01,2022-10-01
3923,2024-01-01,2024-01-01
3576,2025-03-01,2021-02-01
1385,2023-11-01,2022-03-01
9384,2023-07-01,2021-02-01
8980,2024-09-01,2024-09-01
8567,2022-08-01,2020-05-01
8182,2021-01-01,2021-01-01
6697,2020-07-01,2020-03-01
7492,2024-02-01,2020-03-01
2093,2021-06-01,2021-06-01
7897,2022-05-01,2022-05-01
3066,2020-08-01,2020-08-01
5632,2020-01-01,2020-01-01
9394,2021-10-01,2021-10-01
1734,2021-07-01,2021-07-01
1351,2021-03-01,2021-03-01
6247,2020-09-01,2020-09-01
6749,2022-01-01,2022-01-01
7436,2024-11-01,2021-08-01
5216,2022-03-01,2022-03-01
8721,2021-09-01,2021-09-01
3535,2021-02-01,2020-08-01
1908,2021-03-01,2021-02-01
8077,2022-12-01,2021-02-01
7651,2020-10-01,2020-01-01
1069,2021-05-01,2021-05-01
3928,2024-11-01,2020-04-01
2866,2020-03-01,2020-03-01
5547,2020-08-01,2020-08-01
3730,2025-01-01,2020-03-01
8116,2021-06-01,2020-09-01
1197,2022-05-01,2021-10-01
4928,2020-06-01,2020-06-01
1524,2022-03-01,2022-03-01
4675,2023-12-01,2022-05-01
7195,2020-08-01,2020-08-01
7305,2022-07-01,2020-10-01
7099,2025-04-01,2020-12-01
6165,2020-07-01,2020-07-01
1182,2021-01-01,2021-01-01
6986,2022-04-01,2022-04-01
6966,2023-09-01,2023-06-01
7119,2023-03-01,2020-01-01
9709,2022-09-01,2022-09-01
5739,2021-08-01,2020-11-01
6630,2020-01-01,2020-01-01
9948,2024-09-01,2023-08-01
3839,2023-10-01,2021-02-01
7506,2020-01-01,2020-01-01
5038,2024-06-01,2023-03-01
1573,2024-08-01,2024-08-01
6484,2024-04-01,2020-02-01
6999,2020-11-01,2020-11-01
8319,2022-09-01,2021-01-01
2237,2021-05-01,2021-05-01
8776,2020-11-01,2020-04-01
6481,2023-06-01,2021-08-01
8443,2022-04-01,2021-07-01
5115,2025-04-01,2022-06-01
9682,2023-03-01,2023-03-01
2083,2023-12-01,2021-06-01
7932,2020-05-01,2020-02-01
4233,2022-07-01,2022-07-01
2461,2024-09-01,2021-02-01
7171,2020-04-01,2020-04-01
8070,2021-08-01,2021-08-01
3476,2023-01-01,2020-01-01
5287,2021-11-01,2021-06-01
1641,2024-04-01,2020-06-01
2552,2024-10-01,2022-03-01
2756,2023-10-01,2022-08-01
2771,2021-01-01,2021-01-01
8253,2024-08-01,2020-10-01
9769,2021-10-01,2020-05-01
5113,2023-09-01,2023-09-01
2956,2023-03-01,2023-03-01
9443,2021-08-01,2021-08-01
5091,2025-01-01,2022-03-01
9539,2021-03-01,2021-03-01
9437,2024-06-01,2022-10-01
1195,2022-02-01,2022-02-01
9320,2023-01-01,2023-01-01
5387,2021-10-01,2021-10-01
5630,2023-04-01,2022-06-01
6569,2023-03-01,2020-06-01
2840,2023-11-01,2020-01-01
6555,2022-08-01,2022-08-01
4626,2023-07-01,2023-07-01
9490,2024-02-01,2023-10-01
8079,2021-06-01,2021-06-01
1623,2023-03-01,2023-03-01
4865,2024-08-01,2023-03-01
7732,2023-10-01,2023-10-01
5971,2022-09-01,2022-09-01
2230,2024-04-01,2020-08-01
8047,2024-01-01,2024-01-01
5231,2020-05-01,2020-05-01
3441,2025-04-01,2025-04-01
6680,2024-01-01,2020-03-01
7496,2022-05-01,2022-05-01
8488,2022-05-01,2022-05-01
9343,2024-10-01,2023-01-01
6259,2024-02-01,2022-11-01
7369,2022-07-01,2022-07-01
3435,2022-12-01,2022-11-01
2294,2025-01-01,2022-08-01
8089,2020-05-01,2020-05-01
6799,2024-11-01,2022-08-01
7874,2024-04-01,2020-01-01
9393,2021-12-01,2021-08-01
1371,2021-11-01,2021-11-01
6658,2022-07-01,2020-05-01
4852,2023-07-01,2023-07-01
7489,2022-08-01,2022-08-01
7519,2021-03-01,2021-03-01
9656,2024-07-01,2023-04-01
6291,2021-05-01,2021-05-01
3082,2024-10-01,2024-10-01
8729,2021-03-01,2021-03-01
9015,2021-06-01,2020-12-01
4053,2023-01-01,2023-01-01
6964,2022-06-01,2022-06-01
9028,2023-02-01,2020-06-01
7502,2022-11-01,2020-07-01
1218,2024-11-01,2023-12-01
4278,2023-08-01,2023-08-01
1592,2023-08-01,2023-08-01
5444,2023-08-01,2022-05-01
3306,2020-08-01,2020-08-01
9437,2022-11-01,2022-10-01
9941,2020-04-01,2020-04-01
3817,2024-06-01,2024-06-01
7276,2024-10-01,2024-10-01
4213,2021-06-01,2021-06-01
7795,2024-10-01,2021-03-01
8136,2022-09-01,2022-09-01
4932,2022-09-01,2021-02-01
2358,2023-11-01,2023-11-01
6578,2024-05-01,2021-07-01
3011,2020-03-01,2020-03-01
6642,2021-08-01,2021-08-01
8705,2022-04-01,2022-04-01
1536,2025-03-01,2022-11-01
9420,2022-05-01,2022-05-01
9145,2020-05-01,2020-05-01
7889,2021-02-01,2021-02-01
6945,2023-11-01,2023-11-01
3187,2022-08-01,2020-03-01
5690,2020-01-01,2020-01-01
6976,2020-11-01,2020-11-01
2564,2022-01-01,2020-02-01
5618,2022-06-01,2022-06-01
2199,2021-09-01,2021-09-01
4051,2020-03-01,2020-03-01
3026,2023-06-01,2023-06-01
7995,2021-12-01,2021-12-01
1818,2023-01-01,2023-01-01
8968,2024-05-01,2024-05-01
8711,2024-01-01,2022-02-01
3224,2020-05-01,2020-05-01
2598,2024-03-01,2024-03-01
5837,2023-10-01,2020-10-01
9344,2021-04-01,2021-04-01
8672,2024-12-01,2021-08-01
7459,2021-07-01,2021-07-01
9949,2022-03-01,2020-04-01
8793,2024-02-01,2024-02-01
4632,2025-03-01,2025-03-01
5628,2024-09-01,2022-03-01
4469,2023-02-01,2020-04-01
3124,2022-02-01,2022-02-01
6899,2025-01-01,2020-01-01
8813,2021-09-01,2021-09-01
8470,2020-02-01,2020-02-01
8305,2021-10-01,2021-10-01
3700,2020-07-01,2020-07-01
9538,2021-02-01,2021-02-01
4058,2023-05-01,2022-09-01
9623,2022-08-01,2020-01-01
4723,2023-09-01,2023-09-01
9703,2020-06-01,2020-06-01
9752,2023-10-01,2023-10-01
5878,2023-01-01,2023-01-01
5675,2025-03-01,2022-12-01
5040,2024-07-01,2023-10-01
6096,2021-06-01,2020-01-01
1917,2021-05-01,2020-06-01
5004,2023-05-01,2023-05-01
9621,2024-12-01,2021-12-01
1894,2021-11-01,2020-11-01
6087,2024-11-01,2020-03-01
8769,2021-07-01,2021-07-01
7742,2023-01-01,2021-11-01
8409,2023-01-01,2023-01-01
9516,2023-04-01,2020-06-01
9466,2021-04-01,2020-11-01
7787,2024-06-01,2024-06-01
4683,2023-12-01,2020-11-01
5760,2020-08-01,2020-08-01
3212,2022-10-01,2022-10-01
2880,2022-11-01,2022-04-01
8179,2024-10-01,2020-05-01
6442,2024-05-01,2024-05-01
2431,2025-03-01,2020-02-01
4502,2023-11-01,2020-08-01
7922,2022-08-01,2022-08-01
4222,2023-02-01,2023-02-01
7210,2023-04-01,2023-04-01
5785,2020-12-01,2020-12-01
9084,2020-10-01,2020-10-01
2407,2020-06-01,2020-06-01
3518,2022-05-01,2021-09-01
1333,2024-11-01,2020-10-01
3020,2022-09-01,2022-09-01
2596,2021-12-01,2020-06-01
9267,2023-06-01,2021-05-01
7819,2020-11-01,2020-01-01
3985,2020-05-01,2020-05-01
9002,2021-03-01,2021-03-01
2764,2020-03-01,2020-03-01
1700,2021-07-01,2020-03-01
8295,2023-10-01,2021-03-01
1229,2022-03-01,2022-03-01
1025,2021-02-01,2020-07-01
6784,2020-12-01,2020-12-01
4004,2025-02-01,2020-01-01
3858,2022-11-01,2022-11-01
5800,2020-11-01,2020-11-01
7456,2023-01-01,2022-04-01
3105,2024-01-01,2020-11-01
4250,2025-04-01,2021-05-01
2883,2023-06-01,2020-09-01
8614,2023-07-01,2023-07-01
2047,2022-01-01,2021-11-01
5194,2021-06-01,2021-06-01
6366,2021-10-01,2021-10-01
8590,2020-08-01,2020-08-01
8930,2024-04-01,2024-04-01
5107,2022-12-01,2022-12-01
7357,2023-11-01,2021-01-01
9716,2023-08-01,2023-08-01
1787,2021-04-01,2021-04-01
1148,2020-12-01,2020-12-01
8169,2021-01-01,2021-01-01
1016,2022-08-01,2020-09-01
2229,2020-04-01,2020-04-01
3987,2025-04-01,2025-04-01
7765,2022-02-01,2022-02-01
1577,2024-11-01,2024-02-01
7460,2023-05-01,2022-11-01
7755,2024-07-01,2023-05-01
5472,2024-12-01,2022-01-01
2476,2020-09-01,2020-09-01
5748,2023-05-01,2020-02-01
7390,2020-04-01,2020-04-01
5013,2021-05-01,2021-05-01
1826,2023-05-01,2020-02-01
4231,2022-05-01,2022-05-01
7090,2021-09-01,2021-09-01
6339,2021-06-01,2020-04-01
7221,2021-06-01,2021-06-01
1172,2020-03-01,2020-03-01
2533,2021-06-01,2021-06-01
9179,2021-04-01,2020-11-01
4669,2020-11-01,2020-11-01
8557,2024-05-01,2021-06-01
7802,2020-06-01,2020-06-01
4005,2020-06-01,2020-06-01
5264,2020-03-01,2020-03-01
4352,2023-10-01,2023-10-01
4875,2021-08-01,2020-06-01
7469,2024-08-01,2021-06-01
6468,2023-12-01,2021-02-01
5188,2020-07-01,2020-07-01
6216,2020-08-01,2020-08-01
6519,2023-05-01,2023-05-01
4566,2020-05-01,2020-05-01
7453,2021-09-01,2020-05-01
2935,2024-04-01,2024-04-01
6876,2020-06-01,2020-06-01
5243,2021-05-01,2020-02-01
8574,2023-02-01,2023-02-01
1908,2024-01-01,2021-02-01
2771,2025-01-01,2021-01-01
6962,2020-11-01,2020-11-01
8805,2022-04-01,2021-07-01
5036,2023-10-01,2022-11-01
3622,2024-05-01,2022-03-01
3673,2024-10-01,2021-10-01
6192,2022-09-01,2022-09-01
7431,2023-02-01,2023-02-01
2002,2023-02-01,2021-10-01
9467,2020-02-01,2020-02-01
1605,2024-04-01,2020-08-01
7294,2022-08-01,2022-08-01
2574,2021-10-01,2021-10-01
9996,2024-01-01,2024-01-01
1155,2020-10-01,2020-10-01
5051,2021-10-01,2021-10-01
2718,2020-08-01,2020-08-01
7407,2023-12-01,2022-02-01
8716,2025-02-01,2020-06-01
1322,2020-11-01,2020-11-01
8119,2024-05-01,2023-10-01
5704,2024-08-01,2024-08-01
8897,2023-10-01,2023-10-01
2104,2023-03-01,2022-02-01
7134,2022-06-01,2021-09-01
6786,2020-07-01,2020-07-01
8748,2021-08-01,2021-08-01
6504,2022-10-01,2020-10-01
3541,2020-02-01,2020-02-01
6923,2024-03-01,2021-04-01
9958,2021-05-01,2021-05-01
1423,2023-01-01,2020-11-01
4194,2023-08-01,2023-08-01
3479,2020-06-01,2020-06-01
3905,2020-11-01,2020-11-01
4859,2024-01-01,2020-01-01
9899,2022-12-01,2020-09-01
9156,2023-11-01,2023-11-01
4176,2023-11-01,2021-12-01
7716,2024-04-01,2021-09-01
7726,2023-08-01,2021-06-01
9172,2020-08-01,2020-03-01
6897,2023-02-01,2022-06-01
3472,2023-08-01,2021-08-01
2682,2021-03-01,2021-03-01
6790,2024-08-01,2024-08-01
9623,2023-05-01,2020-01-01
8867,2021-09-01,2021-05-01
6087,2025-04-01,2020-03-01
1418,2021-11-01,2021-11-01
9895,2024-06-01,2024-06-01
6243,2023-09-01,2021-01-01
1024,2020-04-01,2020-04-01
7888,2023-05-01,2020-02-01
5259,2023-01-01,2023-01-01
2300,2024-06-01,2021-06-01
9706,2024-09-01,2024-09-01
9979,2020-04-01,2020-04-01
4176,2021-12-01,2021-12-01
5844,2020-12-01,2020-12-01
4968,2021-09-01,2021-08-01
5920,2021-01-01,2020-02-01
5530,2023-08-01,2023-08-01
4749,2024-03-01,2022-04-01
3423,2024-04-01,2023-10-01
8051,2021-09-01,2021-09-01
9224,2020-02-01,2020-02-01
6651,2020-05-01,2020-05-01
8944,2021-12-01,2021-12-01
9171,2020-11-01,2020-08-01
1823,2023-06-01,2020-09-01
2889,2021-04-01,2020-05-01
6234,2022-12-01,2021-01-01
5136,2023-12-01,2021-05-01
1432,2022-05-01,2021-10-01
7997,2022-09-01,2020-01-01
5418,2022-11-01,2020-04-01
8975,2024-03-01,2024-01-01
7187,2021-01-01,2021-01-01
6195,2021-09-01,2021-09-01
2525,2020-01-01,2020-01-01
8941,2020-05-01,2020-05-01
7371,2021-09-01,2020-10-01
8228,2023-02-01,2023-02-01
6735,2021-04-01,2020-10-01
9289,2023-11-01,2020-09-01
6674,2023-01-01,2020-11-01
8416,2020-01-01,2020-01-01
9769,2022-11-01,2020-05-01
5324,2020-06-01,2020-06-01
7394,2021-12-01,2020-12-01
4983,2025-03-01,2025-03-01
3966,2022-10-01,2021-12-01
8822,2023-12-01,2021-01-01
4883,2023-10-01,2023-10-01
2300,2023-11-01,2021-06-01
5491,2021-02-01,2021-02-01
7048,2024-12-01,2024-12-01
2333,2024-10-01,2020-07-01
9505,2020-04-01,2020-04-01
9073,2025-01-01,2024-08-01
9812,2020-05-01,2020-05-01
3078,2024-07-01,2023-12-01
1663,2024-09-01,2024-09-01
1978,2021-01-01,2020-04-01
6237,2023-01-01,2021-11-01
2856,2022-11-01,2022-11-01
6277,2020-07-01,2020-07-01
1531,2020-07-01,2020-07-01
2100,2022-08-01,2020-02-01
5962,2023-02-01,2021-03-01
7696,2020-11-01,2020-11-01
8689,2023-04-01,2023-04-01
4087,2022-04-01,2022-02-01
1906,2024-11-01,2024-11-01
6508,2024-01-01,2021-09-01
4190,2020-03-01,2020-03-01
8738,2023-05-01,2022-11-01
9875,2020-01-01,2020-01-01
3562,2023-10-01,2023-10-01
2966,2022-08-01,2022-08-01
9607,2021-04-01,2021-04-01
6328,2021-08-01,2021-02-01
3396,2025-03-01,2025-03-01
4118,2020-02-01,2020-02-01
5055,2025-02-01,2021-08-01
8465,2020-12-01,2020-12-01
9445,2024-12-01,2022-01-01
7304,2024-10-01,2020-11-01
9184,2020-04-01,2020-04-01
9245,2021-11-01,2021-04-01
1182,2023-10-01,2021-01-01
5789,2024-05-01,2021-10-01
1759,2024-05-01,2022-08-01
7549,2020-10-01,2020-10-01
1445,2022-06-01,2022-04-01
8232,2022-02-01,2022-02-01
3981,2020-01-01,2020-01-01
7631,2023-07-01,2022-02-01
9467,2025-01-01,2020-02-01
7321,2021-05-01,2021-05-01
5985,2020-01-01,2020-01-01
6754,2024-12-01,2024-12-01
2108,2021-11-01,2021-11-01
4330,2022-03-01,2020-10-01
8246,2020-11-01,2020-11-01
6172,2021-12-01,2021-02-01
8542,2020-11-01,2020-03-01
9205,2022-11-01,2022-11-01
6395,2022-06-01,2020-01-01
1036,2023-09-01,2023-02-01
7420,2022-06-01,2022-06-01
8818,2021-11-01,2021-06-01
4554,2021-12-01,2020-10-01
1544,2024-01-01,2024-01-01
1393,2023-06-01,2022-09-01
1744,2023-09-01,2023-04-01
8347,2020-12-01,2020-12-01
9761,2021-02-01,2021-02-01
9970,2021-02-01,2020-09-01
1460,2020-04-01,2020-04-01
8921,2020-07-01,2020-06-01
6465,2020-03-01,2020-03-01
3549,2025-03-01,2020-02-01
3795,2021-03-01,2021-03-01
8751,2024-08-01,2022-10-01
1041,2022-04-01,2021-11-01
4149,2020-12-01,2020-04-01
7094,2020-08-01,2020-08-01
7684,2020-11-01,2020-11-01
9222,2024-12-01,2022-07-01
9452,2024-11-01,2022-08-01
8258,2022-02-01,2022-02-01
7466,2020-04-01,2020-04-01
7779,2021-06-01,2020-12-01
8779,2024-02-01,2022-11-01
6828,2021-12-01,2020-11-01
6359,2021-11-01,2021-05-01
6217,2020-04-01,2020-01-01
8240,2023-12-01,2021-03-01
3143,2022-05-01,2022-05-01
5811,2021-07-01,2020-05-01
9735,2024-01-01,2020-08-01
9227,2020-11-01,2020-11-01
9856,2025-04-01,2021-04-01
9660,2020-09-01,2020-09-01
6613,2024-07-01,2020-03-01
6894,2020-04-01,2020-04-01
3440,2025-03-01,2023-02-01
3505,2023-07-01,2023-07-01
1268,2024-01-01,2020-12-01
7059,2023-07-01,2023-07-01
5963,2022-10-01,2021-03-01
7653,2021-01-01,2021-01-01
2947,2022-08-01,2022-08-01
2877,2021-04-01,2021-04-01
7008,2020-03-01,2020-03-01
2463,2022-02-01,2022-02-01
1272,2020-09-01,2020-09-01
6837,2024-03-01,2020-03-01
6109,2024-06-01,2022-09-01
1555,2020-03-01,2020-03-01
3257,2020-04-01,2020-04-01
1378,2021-06-01,2021-06-01
1608,2024-08-01,2021-09-01
6081,2025-02-01,2022-06-01
4964,2021-03-01,2020-10-01
6706,2022-02-01,2022-02-01
9293,2024-05-01,2024-05-01
4690,2020-07-01,2020-05-01
4459,2021-08-01,2021-08-01
5798,2025-03-01,2025-03-01
5987,2022-09-01,2021-05-01
2593,2022-10-01,2022-10-01
4619,2023-08-01,2023-08-01
5862,2022-07-01,2022-07-01
4014,2024-03-01,2021-09-01
7667,2023-04-01,2021-08-01
1577,2024-09-01,2024-02-01
1571,2023-07-01,2021-09-01
9991,2022-08-01,2022-08-01
9908,2021-01-01,2020-12-01
9123,2020-10-01,2020-10-01
2711,2022-10-01,2020-01-01
7168,2024-05-01,2024-05-01
1834,2021-05-01,2020-11-01
8337,2025-01-01,2020-10-01
1227,2021-05-01,2021-05-01
2895,2023-03-01,2023-03-01
9737,2022-11-01,2022-11-01
4651,2024-03-01,2021-09-01
9938,2023-06-01,2020-03-01
2779,2023-03-01,2023-03-01
2571,2024-06-01,2022-11-01
7242,2020-12-01,2020-02-01
7698,2023-04-01,2023-04-01
7057,2023-03-01,2023-03-01
3536,2023-01-01,2020-12-01
7909,2021-11-01,2021-08-01
7593,2020-01-01,2020-01-01
7466,2024-05-01,2020-04-01
6810,2023-12-01,2020-02-01
6063,2020-06-01,2020-06-01
1608,2021-09-01,2021-09-01
9283,2022-07-01,2022-05-01
2961,2024-08-01,2020-12-01
4612,2024-08-01,2021-01-01
9127,2025-01-01,2021-05-01
1603,2025-02-01,2024-12-01
7269,2021-12-01,2020-05-01
5342,2022-07-01,2021-06-01
8336,2024-09-01,2024-09-01
6455,2024-01-01,2024-01-01
5300,2020-07-01,2020-07-01
4036,2020-07-01,2020-07-01
6652,2023-02-01,2022-08-01
3350,2021-03-01,2021-03-01
5682,2020-04-01,2020-04-01
5209,2022-05-01,2020-04-01
2876,2022-12-01,2020-04-01
8584,2023-12-01,2020-04-01
9290,2023-09-01,2020-12-01
3212,2023-01-01,2022-10-01
9971,2021-11-01,2021-11-01
5039,2025-01-01,2025-01-01
3699,2024-03-01,2020-09-01
8786,2022-12-01,2020-09-01
8960,2024-09-01,2021-04-01
2983,2021-01-01,2020-06-01
5427,2023-01-01,2021-10-01
8132,2023-05-01,2023-05-01
6772,2021-07-01,2021-06-01
6333,2024-04-01,2021-09-01
2414,2020-05-01,2020-05-01
8049,2023-09-01,2023-08-01
4404,2021-08-01,2021-08-01
6899,2020-01-01,2020-01-01
6760,2022-02-01,2022-02-01
6931,2020-06-01,2020-06-01
6558,2022-10-01,2022-07-01
9866,2021-08-01,2021-08-01
9364,2022-09-01,2021-03-01
9611,2021-12-01,2021-12-01
1216,2024-07-01,2020-04-01
2176,2020-04-01,2020-04-01
4367,2020-07-01,2020-05-01
4020,2022-08-01,2022-08-01
9007,2020-08-01,2020-08-01
5067,2020-11-01,2020-11-01
3594,2021-01-01,2021-01-01
3533,2025-04-01,2021-10-01
8353,2021-02-01,2020-06-01
8037,2025-04-01,2025-04-01
6500,2024-05-01,2020-10-01
3025,2023-05-01,2020-10-01
7304,2023-06-01,2020-11-01
8500,2024-06-01,2021-12-01
3474,2023-05-01,2023-05-01
5398,2021-08-01,2021-08-01
2194,2025-02-01,2021-03-01
6678,2023-10-01,2023-01-01
3572,2021-04-01,2020-06-01
7607,2025-03-01,2020-05-01
1074,2024-01-01,2024-01-01
4766,2024-10-01,2022-06-01
8194,2022-03-01,2022-03-01
4059,2024-05-01,2023-02-01
7501,2021-02-01,2021-02-01
4381,2023-04-01,2023-04-01
8375,2021-09-01,2021-09-01
4986,2022-01-01,2021-10-01
9749,2024-12-01,2021-02-01
2668,2020-08-01,2020-08-01
2570,2022-01-01,2022-01-01
7521,2020-01-01,2020-01-01
1185,2023-09-01,2023-09-01
3214,2022-04-01,2022-04-01
4638,2022-05-01,2022-05-01
6986,2023-01-01,2022-04-01
2807,2022-01-01,2022-01-01
4948,2020-04-01,2020-04-01
2544,2021-04-01,2021-04-01
5261,2020-12-01,2020-12-01
2383,2021-06-01,2020-09-01
7984,2020-05-01,2020-05-01
4004,2021-05-01,2020-01-01
6787,2020-06-01,2020-01-01
1620,2021-05-01,2021-05-01
3860,2021-05-01,2021-05-01
9101,2021-09-01,2020-04-01
3159,2024-01-01,2020-05-01
2716,2024-09-01,2022-11-01
3398,2022-02-01,2022-02-01
2626,2024-04-01,2024-04-01
6527,2024-09-01,2020-06-01
3054,2020-07-01,2020-07-01
5736,2022-01-01,2022-01-01
8865,2025-03-01,2024-06-01
9133,2021-11-01,2020-03-01
7466,2021-02-01,2020-04-01
9576,2023-03-01,2023-03-01
8825,2024-11-01,2023-06-01
7924,2022-11-01,2022-11-01
7130,2023-09-01,2022-06-01
4513,2021-02-01,2020-01-01
7411,2022-09-01,2022-09-01
3686,2021-07-01,2021-07-01
8250,2023-01-01,2021-01-01
4210,2021-05-01,2021-05-01
8428,2025-04-01,2025-04-01
4238,2025-02-01,2025-02-01
1164,2022-01-01,2022-01-01
1428,2022-09-01,2021-01-01
7408,2023-04-01,2023-04-01
8903,2023-05-01,2020-04-01
5661,2023-01-01,2020-02-01
6347,2023-08-01,2020-07-01
9575,2022-07-01,2021-10-01
3814,2023-11-01,2023-11-01
8566,2023-09-01,2023-09-01
6409,2021-08-01,2020-08-01
4394,2021-07-01,2020-01-01
8430,2020-05-01,2020-05-01
6373,2022-04-01,2022-04-01
5861,2023-10-01,2023-10-01
5076,2020-01-01,2020-01-01
9016,2024-10-01,2023-01-01
5778,2023-01-01,2021-10-01
9288,2024-09-01,2024-04-01
6914,2021-07-01,2020-10-01
9946,2022-04-01,2022-04-01
3845,2020-02-01,2020-02-01
8020,2022-11-01,2021-07-01
9572,2023-11-01,2020-10-01
6889,2023-08-01,2021-08-01
6988,2024-11-01,2024-11-01
6508,2021-09-01,2021-09-01
9074,2020-04-01,2020-04-01
9188,2022-04-01,2021-07-01
1888,2024-04-01,2020-08-01
8271,2020-04-01,2020-04-01
2274,2021-06-01,2021-06-01
9197,2025-01-01,2024-07-01
4432,2021-07-01,2020-02-01
7891,2021-03-01,2021-03-01
1301,2022-10-01,2020-09-01
6118,2023-01-01,2022-01-01
4275,2023-03-01,2023-03-01
6355,2022-03-01,2022-03-01
3725,2022-01-01,2021-12-01
1893,2022-11-01,2022-11-01
2265,2023-12-01,2023-12-01
5527,2021-11-01,2021-11-01
7530,2022-01-01,2022-01-01
4786,2024-08-01,2023-11-01
5797,2023-02-01,2020-12-01
3558,2020-02-01,2020-02-01
2045,2021-09-01,2021-05-01
8354,2024-11-01,2020-04-01
5834,2021-11-01,2021-11-01
5096,2022-08-01,2020-07-01
6930,2022-04-01,2022-04-01
1190,2022-12-01,2022-12-01
7767,2024-08-01,2020-02-01
6867,2020-11-01,2020-07-01
4700,2021-02-01,2020-06-01
2425,2022-03-01,2020-05-01
4909,2023-06-01,2020-07-01
2792,2020-12-01,2020-12-01
3458,2024-01-01,2024-01-01
7166,2022-10-01,2020-01-01
1890,2023-03-01,2020-04-01
7937,2024-05-01,2023-01-01
3746,2020-07-01,2020-07-01
8303,2023-12-01,2023-12-01
2329,2024-11-01,2020-09-01
1718,2023-07-01,2022-09-01
9165,2023-05-01,2020-07-01
3105,2022-10-01,2020-11-01
9080,2024-02-01,2024-02-01
6699,2024-10-01,2024-09-01
6175,2024-12-01,2024-12-01
9586,2022-01-01,2021-12-01
2889,2020-05-01,2020-05-01
5084,2022-12-01,2022-12-01
6197,2021-04-01,2021-04-01
2533,2022-11-01,2021-06-01
5310,2022-09-01,2020-11-01
9204,2020-10-01,2020-09-01
6002,2025-03-01,2020-07-01
4552,2024-10-01,2022-09-01
4340,2024-02-01,2023-02-01
8699,2022-09-01,2021-04-01
5320,2021-11-01,2021-11-01
7715,2024-02-01,2020-07-01
6083,2020-09-01,2020-09-01
1876,2025-03-01,2020-07-01
1080,2021-12-01,2021-12-01
3002,2022-01-01,2021-06-01
9076,2021-10-01,2021-10-01
8561,2023-02-01,2023-02-01
4379,2020-01-01,2020-01-01
2857,2021-09-01,2021-03-01
8404,2020-01-01,2020-01-01
2482,2023-12-01,2022-07-01
2439,2023-02-01,2023-02-01
5004,2024-12-01,2023-05-01
7237,2023-10-01,2020-12-01
5252,2020-06-01,2020-06-01
2045,2021-05-01,2021-05-01
6196,2021-07-01,2021-07-01
7534,2020-12-01,2020-12-01
8171,2021-12-01,2021-09-01
5766,2022-03-01,2022-03-01
5590,2024-11-01,2022-04-01
3826,2025-03-01,2022-10-01
2142,2024-01-01,2020-02-01
8750,2022-11-01,2022-11-01
7484,2024-04-01,2021-06-01
5501,2024-12-01,2020-07-01
3389,2021-07-01,2020-03-01
7970,2023-03-01,2023-03-01
3069,2020-07-01,2020-02-01
7925,2024-01-01,2023-12-01
7559,2021-02-01,2020-01-01
6696,2024-08-01,2023-06-01
6536,2024-08-01,2020-07-01
5572,2024-07-01,2020-03-01
7404,2022-02-01,2020-10-01
9114,2022-04-01,2020-12-01
6320,2021-12-01,2020-09-01
2614,2021-06-01,2020-06-01
6152,2024-10-01,2024-08-01
6301,2020-05-01,2020-05-01
2694,2022-08-01,2022-07-01
8795,2022-08-01,2020-04-01
2707,2021-08-01,2021-08-01
5761,2022-08-01,2020-05-01
4966,2022-01-01,2021-11-01
1194,2025-03-01,2020-01-01
1745,2023-03-01,2020-02-01
8016,2020-09-01,2020-09-01
6263,2021-05-01,2021-05-01
1876,2020-07-01,2020-07-01
4726,2024-11-01,2020-01-01
2744,2025-04-01,2020-08-01
5559,2022-08-01,2022-08-01
6020,2021-06-01,2021-06-01
4901,2023-07-01,2021-10-01
7080,2020-11-01,2020-11-01
8680,2024-02-01,2020-04-01
8828,2024-08-01,2022-05-01
7988,2022-09-01,2022-09-01
3559,2020-05-01,2020-05-01
4955,2021-01-01,2020-01-01
8924,2023-04-01,2020-07-01
1799,2021-09-01,2020-08-01
4510,2022-09-01,2022-09-01
2893,2022-03-01,2022-03-01
7518,2021-04-01,2021-04-01
8334,2024-10-01,2023-11-01
6873,2023-08-01,2020-05-01
6366,2024-05-01,2021-10-01
6804,2020-07-01,2020-07-01
8914,2020-01-01,2020-01-01
9227,2023-07-01,2020-11-01
8322,2022-03-01,2022-03-01
7524,2024-06-01,2020-05-01
4366,2021-07-01,2021-07-01
3816,2021-01-01,2021-01-01
2554,2020-07-01,2020-07-01
5413,2020-02-01,2020-02-01
7246,2022-03-01,2020-01-01
9401,2025-04-01,2023-07-01
1424,2024-02-01,2024-02-01
1883,2022-02-01,2022-02-01
2458,2020-05-01,2020-05-01
2929,2021-07-01,2020-03-01
6443,2024-05-01,2024-05-01
3433,2023-08-01,2022-10-01
4435,2024-07-01,2021-09-01
4037,2025-04-01,2022-04-01
9165,2022-07-01,2020-07-01
4509,2020-11-01,2020-11-01
8027,2021-07-01,2021-02-01
8544,2024-05-01,2023-01-01
2506,2023-08-01,2022-11-01
9139,2024-04-01,2022-10-01
4090,2020-02-01,2020-02-01
9059,2020-03-01,2020-03-01
5167,2024-02-01,2022-09-01
6071,2020-01-01,2020-01-01
5139,2020-09-01,2020-09-01
4906,2024-06-01,2021-02-01
2833,2021-04-01,2020-12-01
8460,2022-02-01,2020-04-01
5710,2024-09-01,2024-09-01
6395,2023-03-01,2020-01-01
6406,2022-10-01,2021-02-01
1035,2022-05-01,2022-05-01
6966,2023-06-01,2023-06-01
9968,2022-10-01,2022-10-01
4665,2021-09-01,2021-09-01
3984,2021-12-01,2021-09-01
6705,2024-09-01,2023-05-01
9529,2020-09-01,2020-02-01
7918,2021-03-01,2020-08-01
3091,2024-12-01,2024-12-01
4921,2024-05-01,2020-03-01
2206,2021-08-01,2020-07-01
1831,2020-04-01,2020-04-01
6376,2023-09-01,2023-09-01
1726,2023-09-01,2023-09-01
7635,2024-07-01,2022-07-01
9606,2023-03-01,2023-03-01
2697,2020-10-01,2020-10-01
3066,2020-12-01,2020-08-01
1546,2025-04-01,2020-04-01
9580,2023-10-01,2023-10-01
8774,2021-08-01,2021-08-01
5987,2023-04-01,2021-05-01
5072,2024-09-01,2021-04-01
6787,2021-10-01,2020-01-01
9506,2020-10-01,2020-10-01
3776,2023-06-01,2023-03-01
7950,2022-07-01,2021-06-01
4044,2023-01-01,2022-09-01
1886,2020-08-01,2020-08-01
4426,2022-12-01,2021-03-01
2748,2021-07-01,2020-03-01
8358,2023-07-01,2023-07-01
5422,2022-06-01,2022-06-01
5036,2022-11-01,2022-11-01
8278,2020-09-01,2020-06-01
8170,2021-06-01,2021-06-01
9908,2020-12-01,2020-12-01
4422,2022-06-01,2022-06-01
5099,2020-11-01,2020-11-01
3769,2022-02-01,2022-02-01
6130,2024-06-01,2024-06-01
8999,2020-03-01,2020-03-01
1254,2024-02-01,2024-02-01
6833,2023-04-01,2020-07-01
9499,2021-03-01,2021-03-01
5322,2024-01-01,2020-03-01
3036,2021-06-01,2021-04-01
3935,2020-07-01,2020-07-01
4806,2023-09-01,2023-09-01
1949,2023-12-01,2023-12-01
9764,2021-05-01,2021-05-01
3719,2020-10-01,2020-02-01
8967,2025-01-01,2020-05-01
8610,2022-08-01,2020-09-01
7982,2020-04-01,2020-04-01
6261,2024-10-01,2020-12-01
4544,2022-05-01,2021-04-01
1264,2023-03-01,2022-07-01
9084,2024-03-01,2020-10-01
7579,2024-11-01,2024-11-01
2484,2024-04-01,2021-01-01
8057,2020-11-01,2020-11-01
6445,2024-04-01,2024-04-01
1418,2025-04-01,2021-11-01
4367,2023-12-01,2020-05-01
5188,2024-11-01,2020-07-01
8989,2024-02-01,2024-02-01
8643,2021-07-01,2021-02-01
8956,2022-03-01,2022-03-01
4460,2022-02-01,2020-10-01
9822,2020-07-01,2020-07-01
1238,2025-01-01,2025-01-01
9476,2023-02-01,2020-09-01
3357,2020-02-01,2020-02-01
3990,2022-03-01,2021-07-01
5891,2021-05-01,2021-05-01
5423,2022-06-01,2022-06-01
3415,2023-05-01,2021-02-01
1993,2023-03-01,2022-03-01
3202,2021-11-01,2020-08-01
1394,2021-07-01,2020-12-01
7301,2021-06-01,2021-06-01
2960,2022-06-01,2021-04-01
3603,2023-12-01,2021-06-01
1560,2020-11-01,2020-11-01
9990,2024-06-01,2023-05-01
1371,2023-05-01,2021-11-01
6256,2021-07-01,2021-07-01
2617,2023-05-01,2023-05-01
9840,2020-09-01,2020-09-01
5309,2022-04-01,2022-04-01
6351,2020-01-01,2020-01-01
9824,2020-03-01,2020-03-01
8327,2021-11-01,2021-11-01
1550,2020-09-01,2020-09-01
1909,2024-11-01,2024-11-01
6923,2021-04-01,2021-04-01
6338,2023-03-01,2022-02-01
1157,2021-06-01,2021-06-01
1794,2024-08-01,2020-08-01
9166,2024-06-01,2020-09-01
4976,2024-07-01,2020-08-01
2172,2021-02-01,2021-02-01
2285,2022-10-01,2022-10-01
6719,2023-08-01,2020-03-01
1854,2021-06-01,2021-06-01
1313,2023-10-01,2023-10-01
5452,2022-02-01,2022-02-01
6068,2021-05-01,2021-05-01
1803,2021-03-01,2021-03-01
1612,2022-01-01,2020-07-01
7755,2023-05-01,2023-05-01
5127,2021-08-01,2021-08-01
9657,2023-07-01,2023-07-01
9773,2021-02-01,2021-02-01
3791,2024-02-01,2023-10-01
5621,2020-11-01,2020-11-01
3326,2020-06-01,2020-06-01
7963,2022-04-01,2022-04-01
7914,2021-07-01,2021-07-01
9689,2020-07-01,2020-07-01
6429,2024-03-01,2021-01-01
9309,2020-12-01,2020-12-01
2749,2021-04-01,2020-07-01
6781,2023-07-01,2023-07-01
7109,2022-08-01,2022-08-01
2925,2020-03-01,2020-03-01
1368,2020-04-01,2020-04-01
6541,2021-01-01,2021-01-01
2157,2024-11-01,2021-10-01
2165,2022-02-01,2022-02-01
5497,2020-12-01,2020-12-01
7345,2021-07-01,2021-07-01
1653,2020-12-01,2020-12-01
3560,2023-02-01,2020-11-01
8513,2021-03-01,2020-01-01
3656,2022-12-01,2022-12-01
2632,2023-07-01,2023-07-01
5792,2024-11-01,2022-04-01
7871,2023-06-01,2023-06-01
9275,2020-10-01,2020-10-01
5117,2022-05-01,2022-05-01
9884,2020-07-01,2020-07-01
2102,2024-10-01,2020-02-01
8273,2022-12-01,2020-12-01
5571,2024-05-01,2020-07-01
3574,2025-03-01,2020-10-01
6318,2022-08-01,2020-02-01
5360,2025-04-01,2025-04-01
9687,2020-04-01,2020-04-01
6009,2021-04-01,2021-04-01
6071,2023-11-01,2020-01-01
5179,2020-06-01,2020-06-01
3534,2023-04-01,2021-05-01
9243,2020-11-01,2020-01-01
8808,2025-02-01,2021-10-01
7509,2023-11-01,2021-01-01
8820,2020-09-01,2020-09-01
8700,2021-08-01,2021-08-01
9702,2024-12-01,2023-12-01
5492,2023-12-01,2023-12-01
2827,2023-08-01,2021-10-01
8447,2021-05-01,2021-05-01
9818,2025-02-01,2020-08-01
8234,2022-03-01,2022-01-01
8086,2022-10-01,2022-10-01
1939,2025-03-01,2025-03-01
2974,2022-02-01,2020-01-01
3681,2020-01-01,2020-01-01
3067,2025-01-01,2021-06-01
4450,2023-02-01,2021-02-01
9130,2022-08-01,2022-08-01
9699,2020-08-01,2020-08-01
8331,2023-08-01,2021-12-01
1428,2021-01-01,2021-01-01
8144,2023-04-01,2020-05-01
7810,2023-07-01,2020-01-01
5964,2020-01-01,2020-01-01
8822,2024-06-01,2021-01-01
5451,2020-03-01,2020-03-01
8668,2024-09-01,2022-02-01
3208,2024-08-01,2021-05-01
1299,2021-04-01,2021-04-01
7037,2020-09-01,2020-09-01
5623,2024-01-01,2020-10-01
9818,2023-09-01,2020-08-01
3165,2023-10-01,2020-07-01
4546,2021-11-01,2021-11-01
5408,2023-07-01,2022-06-01
6518,2024-05-01,2020-08-01
8756,2024-05-01,2020-07-01
7717,2022-01-01,2022-01-01
5448,2024-04-01,2024-04-01
6471,2025-04-01,2020-11-01
6594,2020-02-01,2020-02-01
8361,2020-05-01,2020-03-01
8702,2022-04-01,2022-04-01
3341,2022-11-01,2022-11-01
6357,2021-06-01,2021-06-01
9158,2024-07-01,2021-09-01
5467,2022-06-01,2021-03-01
7985,2022-07-01,2022-07-01
4846,2024-02-01,2023-07-01
9852,2020-05-01,2020-05-01
4070,2023-06-01,2023-06-01
6017,2024-04-01,2024-04-01
5677,2023-01-01,2020-10-01
1756,2022-06-01,2020-07-01
7522,2021-08-01,2021-08-01
6814,2023-12-01,2023-12-01
8651,2022-03-01,2020-01-01
3286,2022-10-01,2020-05-01
7882,2021-03-01,2021-03-01
2058,2024-07-01,2021-03-01
4162,2024-09-01,2021-06-01
6466,2023-09-01,2021-12-01
8712,2023-05-01,2023-05-01
3882,2023-06-01,2022-08-01
7360,2023-10-01,2020-05-01
7997,2023-01-01,2020-01-01
2015,2024-09-01,2024-09-01
3325,2021-01-01,2020-07-01
1754,2022-03-01,2022-03-01
4222,2023-05-01,2023-02-01
6044,2020-05-01,2020-05-01
1301,2024-01-01,2020-09-01
5909,2024-03-01,2022-10-01
3876,2024-03-01,2024-03-01
5610,2024-02-01,2021-09-01
2479,2025-03-01,2022-04-01
6774,2024-03-01,2024-03-01
2930,2023-06-01,2022-07-01
3859,2022-06-01,2022-06-01
7889,2024-10-01,2021-02-01
5051,2022-12-01,2021-10-01
9886,2021-07-01,2021-07-01
2547,2020-05-01,2020-05-01
6716,2020-02-01,2020-02-01
3377,2022-10-01,2022-10-01
4776,2024-08-01,2021-01-01
1975,2021-04-01,2021-04-01
7304,2020-11-01,2020-11-01
8089,2023-07-01,2020-05-01
3526,2022-10-01,2020-10-01
4094,2024-07-01,2021-11-01
8891,2021-08-01,2020-04-01
5702,2022-12-01,2021-06-01
9206,2020-11-01,2020-11-01
8766,2024-08-01,2024-08-01
6021,2023-11-01,2020-12-01
6316,2020-12-01,2020-07-01
1159,2020-10-01,2020-10-01
3937,2021-10-01,2021-10-01
3238,2023-12-01,2022-03-01
8437,2023-05-01,2023-05-01
7570,2023-04-01,2023-04-01
6406,2023-09-01,2021-02-01
7955,2020-11-01,2020-08-01
3386,2025-01-01,2023-02-01
6000,2023-05-01,2020-12-01
9372,2022-07-01,2021-12-01
3352,2023-08-01,2022-10-01
8559,2021-07-01,2021-07-01
4941,2024-04-01,2020-10-01
9626,2023-09-01,2021-07-01
2298,2021-09-01,2021-09-01
8146,2024-03-01,2024-03-01
8988,2020-05-01,2020-05-01
9820,2023-02-01,2022-12-01
2367,2023-04-01,2021-10-01
8259,2024-08-01,2022-08-01
7179,2020-07-01,2020-07-01
6136,2022-12-01,2022-12-01
5615,2020-05-01,2020-05-01
8963,2020-03-01,2020-03-01
9417,2021-05-01,2021-05-01
5680,2020-08-01,2020-06-01
1130,2021-06-01,2021-06-01
2131,2021-05-01,2021-05-01
5085,2024-07-01,2024-07-01
8477,2020-10-01,2020-10-01
7919,2025-04-01,2020-06-01
2633,2022-06-01,2021-03-01
